------------ITERATION 1 -----------------

ERROR SUM: 4868.64

1.26e-01 8.84e-01 7.14e+01 2.34e+02 1.37e+02 2.00e+03 1.40e-01 8.18e-01 1.84e+01 1.02e+02 1.66e+02 2.00e+03 1.09e-01 7.40e-01 1.34e+02 1.30e+02 1.42e+02 2.01e+03 9.60e+36 


-3.0610e+01 1.5773e+01 3.4125e+01 -3.6675e+01 2.7132e+01 -3.8373e+01 5.3014e-01 3.4966e+01 2.4006e+01 -2.4136e+01 1.6760e+01 -3.8883e+01 -7.8089e+00 7.4379e+00 7.5581e+00 -6.9957e+00 -4.6012e+00 -4.7067e+00 6.2822e+01 


1.00e+00 -2.57e-02 -6.71e-01 5.83e-01 1.03e-01 4.11e-01 0.00e+00 0.00e+00 0.00e+00 0.00e+00 0.00e+00 0.00e+00 0.00e+00 0.00e+00 0.00e+00 0.00e+00 0.00e+00 0.00e+00 -4.99e-01 
-2.57e-02 1.00e+00 4.99e-01 -6.03e-01 6.72e-01 -5.45e-01 0.00e+00 0.00e+00 0.00e+00 0.00e+00 0.00e+00 0.00e+00 0.00e+00 0.00e+00 0.00e+00 0.00e+00 0.00e+00 0.00e+00 2.07e-01 
-6.71e-01 4.99e-01 1.00e+00 -9.81e-01 5.07e-01 -5.64e-01 0.00e+00 0.00e+00 0.00e+00 0.00e+00 0.00e+00 0.00e+00 0.00e+00 0.00e+00 0.00e+00 0.00e+00 0.00e+00 0.00e+00 5.08e-01 
5.83e-01 -6.03e-01 -9.81e-01 1.00e+00 -6.50e-01 6.57e-01 0.00e+00 0.00e+00 0.00e+00 0.00e+00 0.00e+00 0.00e+00 0.00e+00 0.00e+00 0.00e+00 0.00e+00 0.00e+00 0.00e+00 -5.40e-01 
1.03e-01 6.72e-01 5.07e-01 -6.50e-01 1.00e+00 -6.23e-01 0.00e+00 0.00e+00 0.00e+00 0.00e+00 0.00e+00 0.00e+00 0.00e+00 0.00e+00 0.00e+00 0.00e+00 0.00e+00 0.00e+00 3.73e-01 
4.11e-01 -5.45e-01 -5.64e-01 6.57e-01 -6.23e-01 1.00e+00 0.00e+00 0.00e+00 0.00e+00 0.00e+00 0.00e+00 0.00e+00 0.00e+00 0.00e+00 0.00e+00 0.00e+00 0.00e+00 0.00e+00 -5.42e-01 
0.00e+00 0.00e+00 0.00e+00 0.00e+00 0.00e+00 0.00e+00 1.00e+00 5.56e-02 -6.14e-01 6.05e-01 -1.26e-01 9.73e-02 0.00e+00 0.00e+00 0.00e+00 0.00e+00 0.00e+00 0.00e+00 -1.25e-01 
0.00e+00 0.00e+00 0.00e+00 0.00e+00 0.00e+00 0.00e+00 5.56e-02 1.00e+00 6.57e-01 -6.63e-01 1.71e-01 -8.75e-01 0.00e+00 0.00e+00 0.00e+00 0.00e+00 0.00e+00 0.00e+00 5.47e-01 
0.00e+00 0.00e+00 0.00e+00 0.00e+00 0.00e+00 0.00e+00 -6.14e-01 6.57e-01 1.00e+00 -1.00e+00 5.13e-01 -6.03e-01 0.00e+00 0.00e+00 0.00e+00 0.00e+00 0.00e+00 0.00e+00 4.50e-01 
0.00e+00 0.00e+00 0.00e+00 0.00e+00 0.00e+00 0.00e+00 6.05e-01 -6.63e-01 -1.00e+00 1.00e+00 -5.16e-01 6.03e-01 0.00e+00 0.00e+00 0.00e+00 0.00e+00 0.00e+00 0.00e+00 -4.51e-01 
0.00e+00 0.00e+00 0.00e+00 0.00e+00 0.00e+00 0.00e+00 -1.26e-01 1.71e-01 5.13e-01 -5.16e-01 1.00e+00 -2.32e-01 0.00e+00 0.00e+00 0.00e+00 0.00e+00 0.00e+00 0.00e+00 2.57e-01 
0.00e+00 0.00e+00 0.00e+00 0.00e+00 0.00e+00 0.00e+00 9.73e-02 -8.75e-01 -6.03e-01 6.03e-01 -2.32e-01 1.00e+00 0.00e+00 0.00e+00 0.00e+00 0.00e+00 0.00e+00 0.00e+00 -6.36e-01 
0.00e+00 0.00e+00 0.00e+00 0.00e+00 0.00e+00 0.00e+00 0.00e+00 0.00e+00 0.00e+00 0.00e+00 0.00e+00 0.00e+00 1.00e+00 -7.08e-01 -8.69e-01 8.57e-01 8.25e-01 5.07e-01 -1.33e-01 
0.00e+00 0.00e+00 0.00e+00 0.00e+00 0.00e+00 0.00e+00 0.00e+00 0.00e+00 0.00e+00 0.00e+00 0.00e+00 0.00e+00 -7.08e-01 1.00e+00 6.47e-01 -5.78e-01 -3.71e-01 -4.61e-01 1.21e-01 
0.00e+00 0.00e+00 0.00e+00 0.00e+00 0.00e+00 0.00e+00 0.00e+00 0.00e+00 0.00e+00 0.00e+00 0.00e+00 0.00e+00 -8.69e-01 6.47e-01 1.00e+00 -9.94e-01 -8.04e-01 -6.41e-01 1.30e-01 
0.00e+00 0.00e+00 0.00e+00 0.00e+00 0.00e+00 0.00e+00 0.00e+00 0.00e+00 0.00e+00 0.00e+00 0.00e+00 0.00e+00 8.57e-01 -5.78e-01 -9.94e-01 1.00e+00 8.32e-01 6.38e-01 -1.24e-01 
0.00e+00 0.00e+00 0.00e+00 0.00e+00 0.00e+00 0.00e+00 0.00e+00 0.00e+00 0.00e+00 0.00e+00 0.00e+00 0.00e+00 8.25e-01 -3.71e-01 -8.04e-01 8.32e-01 1.00e+00 3.05e-01 -8.62e-02 
0.00e+00 0.00e+00 0.00e+00 0.00e+00 0.00e+00 0.00e+00 0.00e+00 0.00e+00 0.00e+00 0.00e+00 0.00e+00 0.00e+00 5.07e-01 -4.61e-01 -6.41e-01 6.38e-01 3.05e-01 1.00e+00 -7.88e-02 
-4.99e-01 2.07e-01 5.08e-01 -5.40e-01 3.73e-01 -5.42e-01 -1.25e-01 5.47e-01 4.50e-01 -4.51e-01 2.57e-01 -6.36e-01 -1.33e-01 1.21e-01 1.30e-01 -1.24e-01 -8.62e-02 -7.88e-02 1.00e+00 


------------ITERATION 2 -----------------

ERROR SUM: 3400.04

1.26e-01 8.84e-01 7.11e+01 2.34e+02 1.37e+02 2.00e+03 1.40e-01 8.19e-01 1.98e+01 1.03e+02 1.67e+02 2.00e+03 1.09e-01 7.42e-01 1.32e+02 1.29e+02 1.42e+02 2.01e+03 9.38e+36 


-2.4705e+01 1.3216e+01 2.7363e+01 -2.9365e+01 2.1612e+01 -3.0539e+01 1.6231e-01 2.7972e+01 1.9331e+01 -1.9463e+01 1.5143e+01 -3.1112e+01 -6.2476e+00 5.9892e+00 6.0257e+00 -5.5705e+00 -3.5566e+00 -3.7632e+00 5.0344e+01 


1.00e+00 -4.46e-02 -6.81e-01 5.90e-01 9.33e-02 4.01e-01 0.00e+00 0.00e+00 0.00e+00 0.00e+00 0.00e+00 0.00e+00 0.00e+00 0.00e+00 0.00e+00 0.00e+00 0.00e+00 0.00e+00 -4.86e-01 
-4.46e-02 1.00e+00 5.14e-01 -6.18e-01 6.78e-01 -5.56e-01 0.00e+00 0.00e+00 0.00e+00 0.00e+00 0.00e+00 0.00e+00 0.00e+00 0.00e+00 0.00e+00 0.00e+00 0.00e+00 0.00e+00 2.23e-01 
-6.81e-01 5.14e-01 1.00e+00 -9.81e-01 5.13e-01 -5.58e-01 0.00e+00 0.00e+00 0.00e+00 0.00e+00 0.00e+00 0.00e+00 0.00e+00 0.00e+00 0.00e+00 0.00e+00 0.00e+00 0.00e+00 5.08e-01 
5.90e-01 -6.18e-01 -9.81e-01 1.00e+00 -6.56e-01 6.53e-01 0.00e+00 0.00e+00 0.00e+00 0.00e+00 0.00e+00 0.00e+00 0.00e+00 0.00e+00 0.00e+00 0.00e+00 0.00e+00 0.00e+00 -5.42e-01 
9.33e-02 6.78e-01 5.13e-01 -6.56e-01 1.00e+00 -6.29e-01 0.00e+00 0.00e+00 0.00e+00 0.00e+00 0.00e+00 0.00e+00 0.00e+00 0.00e+00 0.00e+00 0.00e+00 0.00e+00 0.00e+00 3.83e-01 
4.01e-01 -5.56e-01 -5.58e-01 6.53e-01 -6.29e-01 1.00e+00 0.00e+00 0.00e+00 0.00e+00 0.00e+00 0.00e+00 0.00e+00 0.00e+00 0.00e+00 0.00e+00 0.00e+00 0.00e+00 0.00e+00 -5.37e-01 
0.00e+00 0.00e+00 0.00e+00 0.00e+00 0.00e+00 0.00e+00 1.00e+00 4.42e-02 -6.17e-01 6.07e-01 -1.49e-01 9.22e-02 0.00e+00 0.00e+00 0.00e+00 0.00e+00 0.00e+00 0.00e+00 -1.19e-01 
0.00e+00 0.00e+00 0.00e+00 0.00e+00 0.00e+00 0.00e+00 4.42e-02 1.00e+00 6.64e-01 -6.70e-01 2.66e-01 -8.77e-01 0.00e+00 0.00e+00 0.00e+00 0.00e+00 0.00e+00 0.00e+00 5.57e-01 
0.00e+00 0.00e+00 0.00e+00 0.00e+00 0.00e+00 0.00e+00 -6.17e-01 6.64e-01 1.00e+00 -1.00e+00 5.91e-01 -5.99e-01 0.00e+00 0.00e+00 0.00e+00 0.00e+00 0.00e+00 0.00e+00 4.52e-01 
0.00e+00 0.00e+00 0.00e+00 0.00e+00 0.00e+00 0.00e+00 6.07e-01 -6.70e-01 -1.00e+00 1.00e+00 -5.94e-01 6.01e-01 0.00e+00 0.00e+00 0.00e+00 0.00e+00 0.00e+00 0.00e+00 -4.54e-01 
0.00e+00 0.00e+00 0.00e+00 0.00e+00 0.00e+00 0.00e+00 -1.49e-01 2.66e-01 5.91e-01 -5.94e-01 1.00e+00 -2.91e-01 0.00e+00 0.00e+00 0.00e+00 0.00e+00 0.00e+00 0.00e+00 2.98e-01 
0.00e+00 0.00e+00 0.00e+00 0.00e+00 0.00e+00 0.00e+00 9.22e-02 -8.77e-01 -5.99e-01 6.01e-01 -2.91e-01 1.00e+00 0.00e+00 0.00e+00 0.00e+00 0.00e+00 0.00e+00 0.00e+00 -6.42e-01 
0.00e+00 0.00e+00 0.00e+00 0.00e+00 0.00e+00 0.00e+00 0.00e+00 0.00e+00 0.00e+00 0.00e+00 0.00e+00 0.00e+00 1.00e+00 -7.19e-01 -8.71e-01 8.58e-01 8.18e-01 5.06e-01 -1.33e-01 
0.00e+00 0.00e+00 0.00e+00 0.00e+00 0.00e+00 0.00e+00 0.00e+00 0.00e+00 0.00e+00 0.00e+00 0.00e+00 0.00e+00 -7.19e-01 1.00e+00 6.55e-01 -5.88e-01 -3.68e-01 -4.62e-01 1.23e-01 
0.00e+00 0.00e+00 0.00e+00 0.00e+00 0.00e+00 0.00e+00 0.00e+00 0.00e+00 0.00e+00 0.00e+00 0.00e+00 0.00e+00 -8.71e-01 6.55e-01 1.00e+00 -9.94e-01 -7.97e-01 -6.37e-01 1.31e-01 
0.00e+00 0.00e+00 0.00e+00 0.00e+00 0.00e+00 0.00e+00 0.00e+00 0.00e+00 0.00e+00 0.00e+00 0.00e+00 0.00e+00 8.58e-01 -5.88e-01 -9.94e-01 1.00e+00 8.25e-01 6.36e-01 -1.24e-01 
0.00e+00 0.00e+00 0.00e+00 0.00e+00 0.00e+00 0.00e+00 0.00e+00 0.00e+00 0.00e+00 0.00e+00 0.00e+00 0.00e+00 8.18e-01 -3.68e-01 -7.97e-01 8.25e-01 1.00e+00 2.97e-01 -8.43e-02 
0.00e+00 0.00e+00 0.00e+00 0.00e+00 0.00e+00 0.00e+00 0.00e+00 0.00e+00 0.00e+00 0.00e+00 0.00e+00 0.00e+00 5.06e-01 -4.62e-01 -6.37e-01 6.36e-01 2.97e-01 1.00e+00 -7.87e-02 
-4.86e-01 2.23e-01 5.08e-01 -5.42e-01 3.83e-01 -5.37e-01 -1.19e-01 5.57e-01 4.52e-01 -4.54e-01 2.98e-01 -6.42e-01 -1.33e-01 1.23e-01 1.31e-01 -1.24e-01 -8.43e-02 -7.87e-02 1.00e+00 


------------ITERATION 3 -----------------

ERROR SUM: 2461.51

1.26e-01 8.84e-01 7.09e+01 2.34e+02 1.37e+02 2.00e+03 1.39e-01 8.20e-01 2.03e+01 1.04e+02 1.67e+02 2.00e+03 1.09e-01 7.44e-01 1.31e+02 1.28e+02 1.42e+02 2.01e+03 9.20e+36 


-1.9907e+01 1.0964e+01 2.1929e+01 -2.3506e+01 1.7231e+01 -2.4325e+01 -3.7502e-02 2.2369e+01 1.5539e+01 -1.5645e+01 1.2485e+01 -2.4882e+01 -4.9967e+00 4.8148e+00 4.8067e+00 -4.4383e+00 -2.7556e+00 -3.0110e+00 4.0304e+01 


1.00e+00 -6.06e-02 -6.88e-01 5.96e-01 8.48e-02 3.92e-01 0.00e+00 0.00e+00 0.00e+00 0.00e+00 0.00e+00 0.00e+00 0.00e+00 0.00e+00 0.00e+00 0.00e+00 0.00e+00 0.00e+00 -4.76e-01 
-6.06e-02 1.00e+00 5.27e-01 -6.30e-01 6.83e-01 -5.65e-01 0.00e+00 0.00e+00 0.00e+00 0.00e+00 0.00e+00 0.00e+00 0.00e+00 0.00e+00 0.00e+00 0.00e+00 0.00e+00 0.00e+00 2.35e-01 
-6.88e-01 5.27e-01 1.00e+00 -9.81e-01 5.17e-01 -5.54e-01 0.00e+00 0.00e+00 0.00e+00 0.00e+00 0.00e+00 0.00e+00 0.00e+00 0.00e+00 0.00e+00 0.00e+00 0.00e+00 0.00e+00 5.08e-01 
5.96e-01 -6.30e-01 -9.81e-01 1.00e+00 -6.62e-01 6.51e-01 0.00e+00 0.00e+00 0.00e+00 0.00e+00 0.00e+00 0.00e+00 0.00e+00 0.00e+00 0.00e+00 0.00e+00 0.00e+00 0.00e+00 -5.43e-01 
8.48e-02 6.83e-01 5.17e-01 -6.62e-01 1.00e+00 -6.33e-01 0.00e+00 0.00e+00 0.00e+00 0.00e+00 0.00e+00 0.00e+00 0.00e+00 0.00e+00 0.00e+00 0.00e+00 0.00e+00 0.00e+00 3.90e-01 
3.92e-01 -5.65e-01 -5.54e-01 6.51e-01 -6.33e-01 1.00e+00 0.00e+00 0.00e+00 0.00e+00 0.00e+00 0.00e+00 0.00e+00 0.00e+00 0.00e+00 0.00e+00 0.00e+00 0.00e+00 0.00e+00 -5.33e-01 
0.00e+00 0.00e+00 0.00e+00 0.00e+00 0.00e+00 0.00e+00 1.00e+00 3.52e-02 -6.19e-01 6.10e-01 -1.56e-01 8.87e-02 0.00e+00 0.00e+00 0.00e+00 0.00e+00 0.00e+00 0.00e+00 -1.14e-01 
0.00e+00 0.00e+00 0.00e+00 0.00e+00 0.00e+00 0.00e+00 3.52e-02 1.00e+00 6.69e-01 -6.75e-01 2.95e-01 -8.79e-01 0.00e+00 0.00e+00 0.00e+00 0.00e+00 0.00e+00 0.00e+00 5.64e-01 
0.00e+00 0.00e+00 0.00e+00 0.00e+00 0.00e+00 0.00e+00 -6.19e-01 6.69e-01 1.00e+00 -1.00e+00 6.12e-01 -5.98e-01 0.00e+00 0.00e+00 0.00e+00 0.00e+00 0.00e+00 0.00e+00 4.54e-01 
0.00e+00 0.00e+00 0.00e+00 0.00e+00 0.00e+00 0.00e+00 6.10e-01 -6.75e-01 -1.00e+00 1.00e+00 -6.14e-01 6.00e-01 0.00e+00 0.00e+00 0.00e+00 0.00e+00 0.00e+00 0.00e+00 -4.56e-01 
0.00e+00 0.00e+00 0.00e+00 0.00e+00 0.00e+00 0.00e+00 -1.56e-01 2.95e-01 6.12e-01 -6.14e-01 1.00e+00 -3.08e-01 0.00e+00 0.00e+00 0.00e+00 0.00e+00 0.00e+00 0.00e+00 3.12e-01 
0.00e+00 0.00e+00 0.00e+00 0.00e+00 0.00e+00 0.00e+00 8.87e-02 -8.79e-01 -5.98e-01 6.00e-01 -3.08e-01 1.00e+00 0.00e+00 0.00e+00 0.00e+00 0.00e+00 0.00e+00 0.00e+00 -6.47e-01 
0.00e+00 0.00e+00 0.00e+00 0.00e+00 0.00e+00 0.00e+00 0.00e+00 0.00e+00 0.00e+00 0.00e+00 0.00e+00 0.00e+00 1.00e+00 -7.27e-01 -8.72e-01 8.58e-01 8.12e-01 5.04e-01 -1.33e-01 
0.00e+00 0.00e+00 0.00e+00 0.00e+00 0.00e+00 0.00e+00 0.00e+00 0.00e+00 0.00e+00 0.00e+00 0.00e+00 0.00e+00 -7.27e-01 1.00e+00 6.61e-01 -5.95e-01 -3.64e-01 -4.64e-01 1.24e-01 
0.00e+00 0.00e+00 0.00e+00 0.00e+00 0.00e+00 0.00e+00 0.00e+00 0.00e+00 0.00e+00 0.00e+00 0.00e+00 0.00e+00 -8.72e-01 6.61e-01 1.00e+00 -9.94e-01 -7.91e-01 -6.34e-01 1.31e-01 
0.00e+00 0.00e+00 0.00e+00 0.00e+00 0.00e+00 0.00e+00 0.00e+00 0.00e+00 0.00e+00 0.00e+00 0.00e+00 0.00e+00 8.58e-01 -5.95e-01 -9.94e-01 1.00e+00 8.18e-01 6.35e-01 -1.24e-01 
0.00e+00 0.00e+00 0.00e+00 0.00e+00 0.00e+00 0.00e+00 0.00e+00 0.00e+00 0.00e+00 0.00e+00 0.00e+00 0.00e+00 8.12e-01 -3.64e-01 -7.91e-01 8.18e-01 1.00e+00 2.90e-01 -8.25e-02 
0.00e+00 0.00e+00 0.00e+00 0.00e+00 0.00e+00 0.00e+00 0.00e+00 0.00e+00 0.00e+00 0.00e+00 0.00e+00 0.00e+00 5.04e-01 -4.64e-01 -6.34e-01 6.35e-01 2.90e-01 1.00e+00 -7.86e-02 
-4.76e-01 2.35e-01 5.08e-01 -5.43e-01 3.90e-01 -5.33e-01 -1.14e-01 5.64e-01 4.54e-01 -4.56e-01 3.12e-01 -6.47e-01 -1.33e-01 1.24e-01 1.31e-01 -1.24e-01 -8.25e-02 -7.86e-02 1.00e+00 


------------ITERATION 4 -----------------

ERROR SUM: 1861.81

1.26e-01 8.84e-01 7.07e+01 2.34e+02 1.37e+02 2.00e+03 1.39e-01 8.21e-01 2.04e+01 1.04e+02 1.68e+02 2.00e+03 1.09e-01 7.46e-01 1.31e+02 1.27e+02 1.42e+02 2.01e+03 9.06e+36 


-1.6020e+01 9.0248e+00 1.7568e+01 -1.8813e+01 1.3747e+01 -1.9391e+01 -1.3983e-01 1.7886e+01 1.2477e+01 -1.2558e+01 1.0062e+01 -1.9896e+01 -3.9951e+00 3.8657e+00 3.8362e+00 -3.5379e+00 -2.1400e+00 -2.4108e+00 3.2250e+01 


1.00e+00 -7.38e-02 -6.95e-01 6.01e-01 7.76e-02 3.85e-01 0.00e+00 0.00e+00 0.00e+00 0.00e+00 0.00e+00 0.00e+00 0.00e+00 0.00e+00 0.00e+00 0.00e+00 0.00e+00 0.00e+00 -4.68e-01 
-7.38e-02 1.00e+00 5.37e-01 -6.41e-01 6.87e-01 -5.71e-01 0.00e+00 0.00e+00 0.00e+00 0.00e+00 0.00e+00 0.00e+00 0.00e+00 0.00e+00 0.00e+00 0.00e+00 0.00e+00 0.00e+00 2.46e-01 
-6.95e-01 5.37e-01 1.00e+00 -9.80e-01 5.21e-01 -5.50e-01 0.00e+00 0.00e+00 0.00e+00 0.00e+00 0.00e+00 0.00e+00 0.00e+00 0.00e+00 0.00e+00 0.00e+00 0.00e+00 0.00e+00 5.08e-01 
6.01e-01 -6.41e-01 -9.80e-01 1.00e+00 -6.66e-01 6.48e-01 0.00e+00 0.00e+00 0.00e+00 0.00e+00 0.00e+00 0.00e+00 0.00e+00 0.00e+00 0.00e+00 0.00e+00 0.00e+00 0.00e+00 -5.44e-01 
7.76e-02 6.87e-01 5.21e-01 -6.66e-01 1.00e+00 -6.37e-01 0.00e+00 0.00e+00 0.00e+00 0.00e+00 0.00e+00 0.00e+00 0.00e+00 0.00e+00 0.00e+00 0.00e+00 0.00e+00 0.00e+00 3.97e-01 
3.85e-01 -5.71e-01 -5.50e-01 6.48e-01 -6.37e-01 1.00e+00 0.00e+00 0.00e+00 0.00e+00 0.00e+00 0.00e+00 0.00e+00 0.00e+00 0.00e+00 0.00e+00 0.00e+00 0.00e+00 0.00e+00 -5.30e-01 
0.00e+00 0.00e+00 0.00e+00 0.00e+00 0.00e+00 0.00e+00 1.00e+00 2.78e-02 -6.20e-01 6.12e-01 -1.59e-01 8.62e-02 0.00e+00 0.00e+00 0.00e+00 0.00e+00 0.00e+00 0.00e+00 -1.11e-01 
0.00e+00 0.00e+00 0.00e+00 0.00e+00 0.00e+00 0.00e+00 2.78e-02 1.00e+00 6.74e-01 -6.79e-01 3.05e-01 -8.80e-01 0.00e+00 0.00e+00 0.00e+00 0.00e+00 0.00e+00 0.00e+00 5.70e-01 
0.00e+00 0.00e+00 0.00e+00 0.00e+00 0.00e+00 0.00e+00 -6.20e-01 6.74e-01 1.00e+00 -1.00e+00 6.18e-01 -5.96e-01 0.00e+00 0.00e+00 0.00e+00 0.00e+00 0.00e+00 0.00e+00 4.56e-01 
0.00e+00 0.00e+00 0.00e+00 0.00e+00 0.00e+00 0.00e+00 6.12e-01 -6.79e-01 -1.00e+00 1.00e+00 -6.21e-01 5.98e-01 0.00e+00 0.00e+00 0.00e+00 0.00e+00 0.00e+00 0.00e+00 -4.57e-01 
0.00e+00 0.00e+00 0.00e+00 0.00e+00 0.00e+00 0.00e+00 -1.59e-01 3.05e-01 6.18e-01 -6.21e-01 1.00e+00 -3.13e-01 0.00e+00 0.00e+00 0.00e+00 0.00e+00 0.00e+00 0.00e+00 3.17e-01 
0.00e+00 0.00e+00 0.00e+00 0.00e+00 0.00e+00 0.00e+00 8.62e-02 -8.80e-01 -5.96e-01 5.98e-01 -3.13e-01 1.00e+00 0.00e+00 0.00e+00 0.00e+00 0.00e+00 0.00e+00 0.00e+00 -6.51e-01 
0.00e+00 0.00e+00 0.00e+00 0.00e+00 0.00e+00 0.00e+00 0.00e+00 0.00e+00 0.00e+00 0.00e+00 0.00e+00 0.00e+00 1.00e+00 -7.34e-01 -8.73e-01 8.58e-01 8.06e-01 5.03e-01 -1.33e-01 
0.00e+00 0.00e+00 0.00e+00 0.00e+00 0.00e+00 0.00e+00 0.00e+00 0.00e+00 0.00e+00 0.00e+00 0.00e+00 0.00e+00 -7.34e-01 1.00e+00 6.67e-01 -6.02e-01 -3.60e-01 -4.65e-01 1.24e-01 
0.00e+00 0.00e+00 0.00e+00 0.00e+00 0.00e+00 0.00e+00 0.00e+00 0.00e+00 0.00e+00 0.00e+00 0.00e+00 0.00e+00 -8.73e-01 6.67e-01 1.00e+00 -9.94e-01 -7.85e-01 -6.31e-01 1.31e-01 
0.00e+00 0.00e+00 0.00e+00 0.00e+00 0.00e+00 0.00e+00 0.00e+00 0.00e+00 0.00e+00 0.00e+00 0.00e+00 0.00e+00 8.58e-01 -6.02e-01 -9.94e-01 1.00e+00 8.12e-01 6.34e-01 -1.24e-01 
0.00e+00 0.00e+00 0.00e+00 0.00e+00 0.00e+00 0.00e+00 0.00e+00 0.00e+00 0.00e+00 0.00e+00 0.00e+00 0.00e+00 8.06e-01 -3.60e-01 -7.85e-01 8.12e-01 1.00e+00 2.83e-01 -8.08e-02 
0.00e+00 0.00e+00 0.00e+00 0.00e+00 0.00e+00 0.00e+00 0.00e+00 0.00e+00 0.00e+00 0.00e+00 0.00e+00 0.00e+00 5.03e-01 -4.65e-01 -6.31e-01 6.34e-01 2.83e-01 1.00e+00 -7.85e-02 
-4.68e-01 2.46e-01 5.08e-01 -5.44e-01 3.97e-01 -5.30e-01 -1.11e-01 5.70e-01 4.56e-01 -4.57e-01 3.17e-01 -6.51e-01 -1.33e-01 1.24e-01 1.31e-01 -1.24e-01 -8.08e-02 -7.85e-02 1.00e+00 


------------ITERATION 5 -----------------

ERROR SUM: 1478.57

1.26e-01 8.84e-01 7.06e+01 2.34e+02 1.37e+02 2.00e+03 1.39e-01 8.22e-01 2.05e+01 1.04e+02 1.68e+02 2.00e+03 1.09e-01 7.47e-01 1.30e+02 1.26e+02 1.42e+02 2.01e+03 8.95e+36 


-1.2878e+01 7.3838e+00 1.4071e+01 -1.5055e+01 1.0974e+01 -1.5467e+01 -1.8365e-01 1.4301e+01 1.0010e+01 -1.0071e+01 8.0594e+00 -1.5909e+01 -3.1936e+00 3.1004e+00 3.0628e+00 -2.8212e+00 -1.6661e+00 -1.9314e+00 2.5798e+01 


1.00e+00 -8.48e-02 -7.00e-01 6.05e-01 7.15e-02 3.80e-01 0.00e+00 0.00e+00 0.00e+00 0.00e+00 0.00e+00 0.00e+00 0.00e+00 0.00e+00 0.00e+00 0.00e+00 0.00e+00 0.00e+00 -4.62e-01 
-8.48e-02 1.00e+00 5.45e-01 -6.49e-01 6.91e-01 -5.77e-01 0.00e+00 0.00e+00 0.00e+00 0.00e+00 0.00e+00 0.00e+00 0.00e+00 0.00e+00 0.00e+00 0.00e+00 0.00e+00 0.00e+00 2.54e-01 
-7.00e-01 5.45e-01 1.00e+00 -9.80e-01 5.24e-01 -5.47e-01 0.00e+00 0.00e+00 0.00e+00 0.00e+00 0.00e+00 0.00e+00 0.00e+00 0.00e+00 0.00e+00 0.00e+00 0.00e+00 0.00e+00 5.08e-01 
6.05e-01 -6.49e-01 -9.80e-01 1.00e+00 -6.69e-01 6.47e-01 0.00e+00 0.00e+00 0.00e+00 0.00e+00 0.00e+00 0.00e+00 0.00e+00 0.00e+00 0.00e+00 0.00e+00 0.00e+00 0.00e+00 -5.44e-01 
7.15e-02 6.91e-01 5.24e-01 -6.69e-01 1.00e+00 -6.39e-01 0.00e+00 0.00e+00 0.00e+00 0.00e+00 0.00e+00 0.00e+00 0.00e+00 0.00e+00 0.00e+00 0.00e+00 0.00e+00 0.00e+00 4.02e-01 
3.80e-01 -5.77e-01 -5.47e-01 6.47e-01 -6.39e-01 1.00e+00 0.00e+00 0.00e+00 0.00e+00 0.00e+00 0.00e+00 0.00e+00 0.00e+00 0.00e+00 0.00e+00 0.00e+00 0.00e+00 0.00e+00 -5.28e-01 
0.00e+00 0.00e+00 0.00e+00 0.00e+00 0.00e+00 0.00e+00 1.00e+00 2.19e-02 -6.22e-01 6.13e-01 -1.61e-01 8.42e-02 0.00e+00 0.00e+00 0.00e+00 0.00e+00 0.00e+00 0.00e+00 -1.08e-01 
0.00e+00 0.00e+00 0.00e+00 0.00e+00 0.00e+00 0.00e+00 2.19e-02 1.00e+00 6.77e-01 -6.83e-01 3.10e-01 -8.81e-01 0.00e+00 0.00e+00 0.00e+00 0.00e+00 0.00e+00 0.00e+00 5.75e-01 
0.00e+00 0.00e+00 0.00e+00 0.00e+00 0.00e+00 0.00e+00 -6.22e-01 6.77e-01 1.00e+00 -1.00e+00 6.20e-01 -5.95e-01 0.00e+00 0.00e+00 0.00e+00 0.00e+00 0.00e+00 0.00e+00 4.57e-01 
0.00e+00 0.00e+00 0.00e+00 0.00e+00 0.00e+00 0.00e+00 6.13e-01 -6.83e-01 -1.00e+00 1.00e+00 -6.23e-01 5.97e-01 0.00e+00 0.00e+00 0.00e+00 0.00e+00 0.00e+00 0.00e+00 -4.59e-01 
0.00e+00 0.00e+00 0.00e+00 0.00e+00 0.00e+00 0.00e+00 -1.61e-01 3.10e-01 6.20e-01 -6.23e-01 1.00e+00 -3.15e-01 0.00e+00 0.00e+00 0.00e+00 0.00e+00 0.00e+00 0.00e+00 3.20e-01 
0.00e+00 0.00e+00 0.00e+00 0.00e+00 0.00e+00 0.00e+00 8.42e-02 -8.81e-01 -5.95e-01 5.97e-01 -3.15e-01 1.00e+00 0.00e+00 0.00e+00 0.00e+00 0.00e+00 0.00e+00 0.00e+00 -6.54e-01 
0.00e+00 0.00e+00 0.00e+00 0.00e+00 0.00e+00 0.00e+00 0.00e+00 0.00e+00 0.00e+00 0.00e+00 0.00e+00 0.00e+00 1.00e+00 -7.39e-01 -8.73e-01 8.59e-01 8.00e-01 5.02e-01 -1.33e-01 
0.00e+00 0.00e+00 0.00e+00 0.00e+00 0.00e+00 0.00e+00 0.00e+00 0.00e+00 0.00e+00 0.00e+00 0.00e+00 0.00e+00 -7.39e-01 1.00e+00 6.71e-01 -6.07e-01 -3.57e-01 -4.65e-01 1.25e-01 
0.00e+00 0.00e+00 0.00e+00 0.00e+00 0.00e+00 0.00e+00 0.00e+00 0.00e+00 0.00e+00 0.00e+00 0.00e+00 0.00e+00 -8.73e-01 6.71e-01 1.00e+00 -9.94e-01 -7.80e-01 -6.29e-01 1.31e-01 
0.00e+00 0.00e+00 0.00e+00 0.00e+00 0.00e+00 0.00e+00 0.00e+00 0.00e+00 0.00e+00 0.00e+00 0.00e+00 0.00e+00 8.59e-01 -6.07e-01 -9.94e-01 1.00e+00 8.07e-01 6.33e-01 -1.24e-01 
0.00e+00 0.00e+00 0.00e+00 0.00e+00 0.00e+00 0.00e+00 0.00e+00 0.00e+00 0.00e+00 0.00e+00 0.00e+00 0.00e+00 8.00e-01 -3.57e-01 -7.80e-01 8.07e-01 1.00e+00 2.78e-01 -7.93e-02 
0.00e+00 0.00e+00 0.00e+00 0.00e+00 0.00e+00 0.00e+00 0.00e+00 0.00e+00 0.00e+00 0.00e+00 0.00e+00 0.00e+00 5.02e-01 -4.65e-01 -6.29e-01 6.33e-01 2.78e-01 1.00e+00 -7.83e-02 
-4.62e-01 2.54e-01 5.08e-01 -5.44e-01 4.02e-01 -5.28e-01 -1.08e-01 5.75e-01 4.57e-01 -4.59e-01 3.20e-01 -6.54e-01 -1.33e-01 1.25e-01 1.31e-01 -1.24e-01 -7.93e-02 -7.83e-02 1.00e+00 


------------ITERATION 6 -----------------

ERROR SUM: 1233.58

1.26e-01 8.83e-01 7.05e+01 2.33e+02 1.37e+02 2.00e+03 1.39e-01 8.22e-01 2.06e+01 1.04e+02 1.68e+02 2.00e+03 1.09e-01 7.48e-01 1.29e+02 1.25e+02 1.42e+02 2.01e+03 8.86e+36 


-1.0343e+01 6.0128e+00 1.1267e+01 -1.2047e+01 8.7632e+00 -1.2345e+01 -1.9357e-01 1.1435e+01 8.0256e+00 -8.0724e+00 6.4463e+00 -1.2721e+01 -2.5525e+00 2.4846e+00 2.4462e+00 -2.2502e+00 -1.3002e+00 -1.5482e+00 2.0635e+01 


1.00e+00 -9.38e-02 -7.04e-01 6.08e-01 6.65e-02 3.76e-01 0.00e+00 0.00e+00 0.00e+00 0.00e+00 0.00e+00 0.00e+00 0.00e+00 0.00e+00 0.00e+00 0.00e+00 0.00e+00 0.00e+00 -4.57e-01 
-9.38e-02 1.00e+00 5.52e-01 -6.55e-01 6.93e-01 -5.81e-01 0.00e+00 0.00e+00 0.00e+00 0.00e+00 0.00e+00 0.00e+00 0.00e+00 0.00e+00 0.00e+00 0.00e+00 0.00e+00 0.00e+00 2.60e-01 
-7.04e-01 5.52e-01 1.00e+00 -9.80e-01 5.26e-01 -5.45e-01 0.00e+00 0.00e+00 0.00e+00 0.00e+00 0.00e+00 0.00e+00 0.00e+00 0.00e+00 0.00e+00 0.00e+00 0.00e+00 0.00e+00 5.08e-01 
6.08e-01 -6.55e-01 -9.80e-01 1.00e+00 -6.72e-01 6.45e-01 0.00e+00 0.00e+00 0.00e+00 0.00e+00 0.00e+00 0.00e+00 0.00e+00 0.00e+00 0.00e+00 0.00e+00 0.00e+00 0.00e+00 -5.45e-01 
6.65e-02 6.93e-01 5.26e-01 -6.72e-01 1.00e+00 -6.41e-01 0.00e+00 0.00e+00 0.00e+00 0.00e+00 0.00e+00 0.00e+00 0.00e+00 0.00e+00 0.00e+00 0.00e+00 0.00e+00 0.00e+00 4.06e-01 
3.76e-01 -5.81e-01 -5.45e-01 6.45e-01 -6.41e-01 1.00e+00 0.00e+00 0.00e+00 0.00e+00 0.00e+00 0.00e+00 0.00e+00 0.00e+00 0.00e+00 0.00e+00 0.00e+00 0.00e+00 0.00e+00 -5.26e-01 
0.00e+00 0.00e+00 0.00e+00 0.00e+00 0.00e+00 0.00e+00 1.00e+00 1.70e-02 -6.23e-01 6.15e-01 -1.62e-01 8.27e-02 0.00e+00 0.00e+00 0.00e+00 0.00e+00 0.00e+00 0.00e+00 -1.06e-01 
0.00e+00 0.00e+00 0.00e+00 0.00e+00 0.00e+00 0.00e+00 1.70e-02 1.00e+00 6.80e-01 -6.85e-01 3.13e-01 -8.82e-01 0.00e+00 0.00e+00 0.00e+00 0.00e+00 0.00e+00 0.00e+00 5.78e-01 
0.00e+00 0.00e+00 0.00e+00 0.00e+00 0.00e+00 0.00e+00 -6.23e-01 6.80e-01 1.00e+00 -1.00e+00 6.21e-01 -5.94e-01 0.00e+00 0.00e+00 0.00e+00 0.00e+00 0.00e+00 0.00e+00 4.58e-01 
0.00e+00 0.00e+00 0.00e+00 0.00e+00 0.00e+00 0.00e+00 6.15e-01 -6.85e-01 -1.00e+00 1.00e+00 -6.24e-01 5.97e-01 0.00e+00 0.00e+00 0.00e+00 0.00e+00 0.00e+00 0.00e+00 -4.60e-01 
0.00e+00 0.00e+00 0.00e+00 0.00e+00 0.00e+00 0.00e+00 -1.62e-01 3.13e-01 6.21e-01 -6.24e-01 1.00e+00 -3.15e-01 0.00e+00 0.00e+00 0.00e+00 0.00e+00 0.00e+00 0.00e+00 3.22e-01 
0.00e+00 0.00e+00 0.00e+00 0.00e+00 0.00e+00 0.00e+00 8.27e-02 -8.82e-01 -5.94e-01 5.97e-01 -3.15e-01 1.00e+00 0.00e+00 0.00e+00 0.00e+00 0.00e+00 0.00e+00 0.00e+00 -6.56e-01 
0.00e+00 0.00e+00 0.00e+00 0.00e+00 0.00e+00 0.00e+00 0.00e+00 0.00e+00 0.00e+00 0.00e+00 0.00e+00 0.00e+00 1.00e+00 -7.43e-01 -8.74e-01 8.59e-01 7.95e-01 5.01e-01 -1.33e-01 
0.00e+00 0.00e+00 0.00e+00 0.00e+00 0.00e+00 0.00e+00 0.00e+00 0.00e+00 0.00e+00 0.00e+00 0.00e+00 0.00e+00 -7.43e-01 1.00e+00 6.74e-01 -6.11e-01 -3.53e-01 -4.66e-01 1.25e-01 
0.00e+00 0.00e+00 0.00e+00 0.00e+00 0.00e+00 0.00e+00 0.00e+00 0.00e+00 0.00e+00 0.00e+00 0.00e+00 0.00e+00 -8.74e-01 6.74e-01 1.00e+00 -9.94e-01 -7.75e-01 -6.27e-01 1.31e-01 
0.00e+00 0.00e+00 0.00e+00 0.00e+00 0.00e+00 0.00e+00 0.00e+00 0.00e+00 0.00e+00 0.00e+00 0.00e+00 0.00e+00 8.59e-01 -6.11e-01 -9.94e-01 1.00e+00 8.02e-01 6.32e-01 -1.24e-01 
0.00e+00 0.00e+00 0.00e+00 0.00e+00 0.00e+00 0.00e+00 0.00e+00 0.00e+00 0.00e+00 0.00e+00 0.00e+00 0.00e+00 7.95e-01 -3.53e-01 -7.75e-01 8.02e-01 1.00e+00 2.73e-01 -7.79e-02 
0.00e+00 0.00e+00 0.00e+00 0.00e+00 0.00e+00 0.00e+00 0.00e+00 0.00e+00 0.00e+00 0.00e+00 0.00e+00 0.00e+00 5.01e-01 -4.66e-01 -6.27e-01 6.32e-01 2.73e-01 1.00e+00 -7.82e-02 
-4.57e-01 2.60e-01 5.08e-01 -5.45e-01 4.06e-01 -5.26e-01 -1.06e-01 5.78e-01 4.58e-01 -4.60e-01 3.22e-01 -6.56e-01 -1.33e-01 1.25e-01 1.31e-01 -1.24e-01 -7.79e-02 -7.82e-02 1.00e+00 


------------ITERATION 7 -----------------

ERROR SUM: 1076.92

1.26e-01 8.83e-01 7.04e+01 2.33e+02 1.37e+02 2.00e+03 1.39e-01 8.22e-01 2.07e+01 1.04e+02 1.68e+02 2.00e+03 1.09e-01 7.49e-01 1.29e+02 1.25e+02 1.42e+02 2.01e+03 8.79e+36 


-8.3021e+00 4.8784e+00 9.0208e+00 -9.6401e+00 7.0005e+00 -9.8577e+00 -1.8504e-01 9.1444e+00 6.4315e+00 -6.4675e+00 5.1546e+00 -1.0173e+01 -2.0398e+00 1.9896e+00 1.9542e+00 -1.7951e+00 -1.0171e+00 -1.2415e+00 1.6505e+01 


1.00e+00 -1.01e-01 -7.07e-01 6.10e-01 6.24e-02 3.73e-01 0.00e+00 0.00e+00 0.00e+00 0.00e+00 0.00e+00 0.00e+00 0.00e+00 0.00e+00 0.00e+00 0.00e+00 0.00e+00 0.00e+00 -4.53e-01 
-1.01e-01 1.00e+00 5.57e-01 -6.61e-01 6.96e-01 -5.85e-01 0.00e+00 0.00e+00 0.00e+00 0.00e+00 0.00e+00 0.00e+00 0.00e+00 0.00e+00 0.00e+00 0.00e+00 0.00e+00 0.00e+00 2.66e-01 
-7.07e-01 5.57e-01 1.00e+00 -9.80e-01 5.28e-01 -5.43e-01 0.00e+00 0.00e+00 0.00e+00 0.00e+00 0.00e+00 0.00e+00 0.00e+00 0.00e+00 0.00e+00 0.00e+00 0.00e+00 0.00e+00 5.07e-01 
6.10e-01 -6.61e-01 -9.80e-01 1.00e+00 -6.74e-01 6.44e-01 0.00e+00 0.00e+00 0.00e+00 0.00e+00 0.00e+00 0.00e+00 0.00e+00 0.00e+00 0.00e+00 0.00e+00 0.00e+00 0.00e+00 -5.45e-01 
6.24e-02 6.96e-01 5.28e-01 -6.74e-01 1.00e+00 -6.43e-01 0.00e+00 0.00e+00 0.00e+00 0.00e+00 0.00e+00 0.00e+00 0.00e+00 0.00e+00 0.00e+00 0.00e+00 0.00e+00 0.00e+00 4.09e-01 
3.73e-01 -5.85e-01 -5.43e-01 6.44e-01 -6.43e-01 1.00e+00 0.00e+00 0.00e+00 0.00e+00 0.00e+00 0.00e+00 0.00e+00 0.00e+00 0.00e+00 0.00e+00 0.00e+00 0.00e+00 0.00e+00 -5.25e-01 
0.00e+00 0.00e+00 0.00e+00 0.00e+00 0.00e+00 0.00e+00 1.00e+00 1.31e-02 -6.24e-01 6.16e-01 -1.63e-01 8.15e-02 0.00e+00 0.00e+00 0.00e+00 0.00e+00 0.00e+00 0.00e+00 -1.04e-01 
0.00e+00 0.00e+00 0.00e+00 0.00e+00 0.00e+00 0.00e+00 1.31e-02 1.00e+00 6.82e-01 -6.87e-01 3.15e-01 -8.82e-01 0.00e+00 0.00e+00 0.00e+00 0.00e+00 0.00e+00 0.00e+00 5.81e-01 
0.00e+00 0.00e+00 0.00e+00 0.00e+00 0.00e+00 0.00e+00 -6.24e-01 6.82e-01 1.00e+00 -1.00e+00 6.22e-01 -5.94e-01 0.00e+00 0.00e+00 0.00e+00 0.00e+00 0.00e+00 0.00e+00 4.59e-01 
0.00e+00 0.00e+00 0.00e+00 0.00e+00 0.00e+00 0.00e+00 6.16e-01 -6.87e-01 -1.00e+00 1.00e+00 -6.24e-01 5.96e-01 0.00e+00 0.00e+00 0.00e+00 0.00e+00 0.00e+00 0.00e+00 -4.60e-01 
0.00e+00 0.00e+00 0.00e+00 0.00e+00 0.00e+00 0.00e+00 -1.63e-01 3.15e-01 6.22e-01 -6.24e-01 1.00e+00 -3.16e-01 0.00e+00 0.00e+00 0.00e+00 0.00e+00 0.00e+00 0.00e+00 3.24e-01 
0.00e+00 0.00e+00 0.00e+00 0.00e+00 0.00e+00 0.00e+00 8.15e-02 -8.82e-01 -5.94e-01 5.96e-01 -3.16e-01 1.00e+00 0.00e+00 0.00e+00 0.00e+00 0.00e+00 0.00e+00 0.00e+00 -6.58e-01 
0.00e+00 0.00e+00 0.00e+00 0.00e+00 0.00e+00 0.00e+00 0.00e+00 0.00e+00 0.00e+00 0.00e+00 0.00e+00 0.00e+00 1.00e+00 -7.47e-01 -8.74e-01 8.59e-01 7.91e-01 5.00e-01 -1.33e-01 
0.00e+00 0.00e+00 0.00e+00 0.00e+00 0.00e+00 0.00e+00 0.00e+00 0.00e+00 0.00e+00 0.00e+00 0.00e+00 0.00e+00 -7.47e-01 1.00e+00 6.77e-01 -6.14e-01 -3.49e-01 -4.66e-01 1.26e-01 
0.00e+00 0.00e+00 0.00e+00 0.00e+00 0.00e+00 0.00e+00 0.00e+00 0.00e+00 0.00e+00 0.00e+00 0.00e+00 0.00e+00 -8.74e-01 6.77e-01 1.00e+00 -9.94e-01 -7.71e-01 -6.25e-01 1.30e-01 
0.00e+00 0.00e+00 0.00e+00 0.00e+00 0.00e+00 0.00e+00 0.00e+00 0.00e+00 0.00e+00 0.00e+00 0.00e+00 0.00e+00 8.59e-01 -6.14e-01 -9.94e-01 1.00e+00 7.97e-01 6.31e-01 -1.24e-01 
0.00e+00 0.00e+00 0.00e+00 0.00e+00 0.00e+00 0.00e+00 0.00e+00 0.00e+00 0.00e+00 0.00e+00 0.00e+00 0.00e+00 7.91e-01 -3.49e-01 -7.71e-01 7.97e-01 1.00e+00 2.69e-01 -7.67e-02 
0.00e+00 0.00e+00 0.00e+00 0.00e+00 0.00e+00 0.00e+00 0.00e+00 0.00e+00 0.00e+00 0.00e+00 0.00e+00 0.00e+00 5.00e-01 -4.66e-01 -6.25e-01 6.31e-01 2.69e-01 1.00e+00 -7.80e-02 
-4.53e-01 2.66e-01 5.07e-01 -5.45e-01 4.09e-01 -5.25e-01 -1.04e-01 5.81e-01 4.59e-01 -4.60e-01 3.24e-01 -6.58e-01 -1.33e-01 1.26e-01 1.30e-01 -1.24e-01 -7.67e-02 -7.80e-02 1.00e+00 


------------ITERATION 8 -----------------

ERROR SUM: 976.703

1.26e-01 8.83e-01 7.03e+01 2.33e+02 1.37e+02 2.00e+03 1.39e-01 8.23e-01 2.07e+01 1.04e+02 1.69e+02 2.00e+03 1.09e-01 7.50e-01 1.28e+02 1.24e+02 1.42e+02 2.01e+03 8.74e+36 


-6.6600e+00 3.9466e+00 7.2215e+00 -7.7137e+00 5.5940e+00 -7.8748e+00 -1.6748e-01 7.3128e+00 5.1521e+00 -5.1799e+00 4.1217e+00 -8.1353e+00 -1.6298e+00 1.5924e+00 1.5616e+00 -1.4323e+00 -7.9754e-01 -9.9612e-01 1.3201e+01 


1.00e+00 -1.07e-01 -7.09e-01 6.13e-01 5.90e-02 3.70e-01 0.00e+00 0.00e+00 0.00e+00 0.00e+00 0.00e+00 0.00e+00 0.00e+00 0.00e+00 0.00e+00 0.00e+00 0.00e+00 0.00e+00 -4.49e-01 
-1.07e-01 1.00e+00 5.61e-01 -6.65e-01 6.98e-01 -5.87e-01 0.00e+00 0.00e+00 0.00e+00 0.00e+00 0.00e+00 0.00e+00 0.00e+00 0.00e+00 0.00e+00 0.00e+00 0.00e+00 0.00e+00 2.70e-01 
-7.09e-01 5.61e-01 1.00e+00 -9.80e-01 5.30e-01 -5.42e-01 0.00e+00 0.00e+00 0.00e+00 0.00e+00 0.00e+00 0.00e+00 0.00e+00 0.00e+00 0.00e+00 0.00e+00 0.00e+00 0.00e+00 5.07e-01 
6.13e-01 -6.65e-01 -9.80e-01 1.00e+00 -6.76e-01 6.43e-01 0.00e+00 0.00e+00 0.00e+00 0.00e+00 0.00e+00 0.00e+00 0.00e+00 0.00e+00 0.00e+00 0.00e+00 0.00e+00 0.00e+00 -5.45e-01 
5.90e-02 6.98e-01 5.30e-01 -6.76e-01 1.00e+00 -6.45e-01 0.00e+00 0.00e+00 0.00e+00 0.00e+00 0.00e+00 0.00e+00 0.00e+00 0.00e+00 0.00e+00 0.00e+00 0.00e+00 0.00e+00 4.11e-01 
3.70e-01 -5.87e-01 -5.42e-01 6.43e-01 -6.45e-01 1.00e+00 0.00e+00 0.00e+00 0.00e+00 0.00e+00 0.00e+00 0.00e+00 0.00e+00 0.00e+00 0.00e+00 0.00e+00 0.00e+00 0.00e+00 -5.24e-01 
0.00e+00 0.00e+00 0.00e+00 0.00e+00 0.00e+00 0.00e+00 1.00e+00 9.92e-03 -6.24e-01 6.17e-01 -1.64e-01 8.06e-02 0.00e+00 0.00e+00 0.00e+00 0.00e+00 0.00e+00 0.00e+00 -1.02e-01 
0.00e+00 0.00e+00 0.00e+00 0.00e+00 0.00e+00 0.00e+00 9.92e-03 1.00e+00 6.84e-01 -6.89e-01 3.17e-01 -8.83e-01 0.00e+00 0.00e+00 0.00e+00 0.00e+00 0.00e+00 0.00e+00 5.84e-01 
0.00e+00 0.00e+00 0.00e+00 0.00e+00 0.00e+00 0.00e+00 -6.24e-01 6.84e-01 1.00e+00 -1.00e+00 6.22e-01 -5.93e-01 0.00e+00 0.00e+00 0.00e+00 0.00e+00 0.00e+00 0.00e+00 4.60e-01 
0.00e+00 0.00e+00 0.00e+00 0.00e+00 0.00e+00 0.00e+00 6.17e-01 -6.89e-01 -1.00e+00 1.00e+00 -6.25e-01 5.95e-01 0.00e+00 0.00e+00 0.00e+00 0.00e+00 0.00e+00 0.00e+00 -4.61e-01 
0.00e+00 0.00e+00 0.00e+00 0.00e+00 0.00e+00 0.00e+00 -1.64e-01 3.17e-01 6.22e-01 -6.25e-01 1.00e+00 -3.16e-01 0.00e+00 0.00e+00 0.00e+00 0.00e+00 0.00e+00 0.00e+00 3.25e-01 
0.00e+00 0.00e+00 0.00e+00 0.00e+00 0.00e+00 0.00e+00 8.06e-02 -8.83e-01 -5.93e-01 5.95e-01 -3.16e-01 1.00e+00 0.00e+00 0.00e+00 0.00e+00 0.00e+00 0.00e+00 0.00e+00 -6.60e-01 
0.00e+00 0.00e+00 0.00e+00 0.00e+00 0.00e+00 0.00e+00 0.00e+00 0.00e+00 0.00e+00 0.00e+00 0.00e+00 0.00e+00 1.00e+00 -7.50e-01 -8.75e-01 8.59e-01 7.87e-01 4.99e-01 -1.33e-01 
0.00e+00 0.00e+00 0.00e+00 0.00e+00 0.00e+00 0.00e+00 0.00e+00 0.00e+00 0.00e+00 0.00e+00 0.00e+00 0.00e+00 -7.50e-01 1.00e+00 6.79e-01 -6.17e-01 -3.46e-01 -4.66e-01 1.26e-01 
0.00e+00 0.00e+00 0.00e+00 0.00e+00 0.00e+00 0.00e+00 0.00e+00 0.00e+00 0.00e+00 0.00e+00 0.00e+00 0.00e+00 -8.75e-01 6.79e-01 1.00e+00 -9.94e-01 -7.67e-01 -6.24e-01 1.30e-01 
0.00e+00 0.00e+00 0.00e+00 0.00e+00 0.00e+00 0.00e+00 0.00e+00 0.00e+00 0.00e+00 0.00e+00 0.00e+00 0.00e+00 8.59e-01 -6.17e-01 -9.94e-01 1.00e+00 7.94e-01 6.31e-01 -1.24e-01 
0.00e+00 0.00e+00 0.00e+00 0.00e+00 0.00e+00 0.00e+00 0.00e+00 0.00e+00 0.00e+00 0.00e+00 0.00e+00 0.00e+00 7.87e-01 -3.46e-01 -7.67e-01 7.94e-01 1.00e+00 2.66e-01 -7.56e-02 
0.00e+00 0.00e+00 0.00e+00 0.00e+00 0.00e+00 0.00e+00 0.00e+00 0.00e+00 0.00e+00 0.00e+00 0.00e+00 0.00e+00 4.99e-01 -4.66e-01 -6.24e-01 6.31e-01 2.66e-01 1.00e+00 -7.79e-02 
-4.49e-01 2.70e-01 5.07e-01 -5.45e-01 4.11e-01 -5.24e-01 -1.02e-01 5.84e-01 4.60e-01 -4.61e-01 3.25e-01 -6.60e-01 -1.33e-01 1.26e-01 1.30e-01 -1.24e-01 -7.56e-02 -7.79e-02 1.00e+00 


------------ITERATION 9 -----------------

ERROR SUM: 912.581

1.26e-01 8.83e-01 7.03e+01 2.33e+02 1.37e+02 2.00e+03 1.39e-01 8.23e-01 2.07e+01 1.04e+02 1.69e+02 2.00e+03 1.09e-01 7.50e-01 1.28e+02 1.24e+02 1.42e+02 2.01e+03 8.69e+36 


-5.3403e+00 3.1855e+00 5.7806e+00 -6.1722e+00 4.4711e+00 -6.2929e+00 -1.4648e-01 5.8483e+00 4.1259e+00 -4.1475e+00 3.2959e+00 -6.5062e+00 -1.3021e+00 1.2738e+00 1.2481e+00 -1.1428e+00 -6.2681e-01 -7.9955e-01 1.0559e+01 


1.00e+00 -1.12e-01 -7.12e-01 6.14e-01 5.63e-02 3.68e-01 0.00e+00 0.00e+00 0.00e+00 0.00e+00 0.00e+00 0.00e+00 0.00e+00 0.00e+00 0.00e+00 0.00e+00 0.00e+00 0.00e+00 -4.47e-01 
-1.12e-01 1.00e+00 5.65e-01 -6.69e-01 6.99e-01 -5.89e-01 0.00e+00 0.00e+00 0.00e+00 0.00e+00 0.00e+00 0.00e+00 0.00e+00 0.00e+00 0.00e+00 0.00e+00 0.00e+00 0.00e+00 2.74e-01 
-7.12e-01 5.65e-01 1.00e+00 -9.80e-01 5.31e-01 -5.40e-01 0.00e+00 0.00e+00 0.00e+00 0.00e+00 0.00e+00 0.00e+00 0.00e+00 0.00e+00 0.00e+00 0.00e+00 0.00e+00 0.00e+00 5.07e-01 
6.14e-01 -6.69e-01 -9.80e-01 1.00e+00 -6.78e-01 6.42e-01 0.00e+00 0.00e+00 0.00e+00 0.00e+00 0.00e+00 0.00e+00 0.00e+00 0.00e+00 0.00e+00 0.00e+00 0.00e+00 0.00e+00 -5.45e-01 
5.63e-02 6.99e-01 5.31e-01 -6.78e-01 1.00e+00 -6.46e-01 0.00e+00 0.00e+00 0.00e+00 0.00e+00 0.00e+00 0.00e+00 0.00e+00 0.00e+00 0.00e+00 0.00e+00 0.00e+00 0.00e+00 4.14e-01 
3.68e-01 -5.89e-01 -5.40e-01 6.42e-01 -6.46e-01 1.00e+00 0.00e+00 0.00e+00 0.00e+00 0.00e+00 0.00e+00 0.00e+00 0.00e+00 0.00e+00 0.00e+00 0.00e+00 0.00e+00 0.00e+00 -5.23e-01 
0.00e+00 0.00e+00 0.00e+00 0.00e+00 0.00e+00 0.00e+00 1.00e+00 7.36e-03 -6.25e-01 6.18e-01 -1.65e-01 7.99e-02 0.00e+00 0.00e+00 0.00e+00 0.00e+00 0.00e+00 0.00e+00 -1.01e-01 
0.00e+00 0.00e+00 0.00e+00 0.00e+00 0.00e+00 0.00e+00 7.36e-03 1.00e+00 6.86e-01 -6.90e-01 3.18e-01 -8.83e-01 0.00e+00 0.00e+00 0.00e+00 0.00e+00 0.00e+00 0.00e+00 5.86e-01 
0.00e+00 0.00e+00 0.00e+00 0.00e+00 0.00e+00 0.00e+00 -6.25e-01 6.86e-01 1.00e+00 -1.00e+00 6.22e-01 -5.93e-01 0.00e+00 0.00e+00 0.00e+00 0.00e+00 0.00e+00 0.00e+00 4.60e-01 
0.00e+00 0.00e+00 0.00e+00 0.00e+00 0.00e+00 0.00e+00 6.18e-01 -6.90e-01 -1.00e+00 1.00e+00 -6.25e-01 5.95e-01 0.00e+00 0.00e+00 0.00e+00 0.00e+00 0.00e+00 0.00e+00 -4.62e-01 
0.00e+00 0.00e+00 0.00e+00 0.00e+00 0.00e+00 0.00e+00 -1.65e-01 3.18e-01 6.22e-01 -6.25e-01 1.00e+00 -3.17e-01 0.00e+00 0.00e+00 0.00e+00 0.00e+00 0.00e+00 0.00e+00 3.26e-01 
0.00e+00 0.00e+00 0.00e+00 0.00e+00 0.00e+00 0.00e+00 7.99e-02 -8.83e-01 -5.93e-01 5.95e-01 -3.17e-01 1.00e+00 0.00e+00 0.00e+00 0.00e+00 0.00e+00 0.00e+00 0.00e+00 -6.61e-01 
0.00e+00 0.00e+00 0.00e+00 0.00e+00 0.00e+00 0.00e+00 0.00e+00 0.00e+00 0.00e+00 0.00e+00 0.00e+00 0.00e+00 1.00e+00 -7.52e-01 -8.75e-01 8.59e-01 7.84e-01 4.99e-01 -1.33e-01 
0.00e+00 0.00e+00 0.00e+00 0.00e+00 0.00e+00 0.00e+00 0.00e+00 0.00e+00 0.00e+00 0.00e+00 0.00e+00 0.00e+00 -7.52e-01 1.00e+00 6.80e-01 -6.19e-01 -3.42e-01 -4.66e-01 1.26e-01 
0.00e+00 0.00e+00 0.00e+00 0.00e+00 0.00e+00 0.00e+00 0.00e+00 0.00e+00 0.00e+00 0.00e+00 0.00e+00 0.00e+00 -8.75e-01 6.80e-01 1.00e+00 -9.94e-01 -7.64e-01 -6.23e-01 1.30e-01 
0.00e+00 0.00e+00 0.00e+00 0.00e+00 0.00e+00 0.00e+00 0.00e+00 0.00e+00 0.00e+00 0.00e+00 0.00e+00 0.00e+00 8.59e-01 -6.19e-01 -9.94e-01 1.00e+00 7.90e-01 6.30e-01 -1.24e-01 
0.00e+00 0.00e+00 0.00e+00 0.00e+00 0.00e+00 0.00e+00 0.00e+00 0.00e+00 0.00e+00 0.00e+00 0.00e+00 0.00e+00 7.84e-01 -3.42e-01 -7.64e-01 7.90e-01 1.00e+00 2.62e-01 -7.46e-02 
0.00e+00 0.00e+00 0.00e+00 0.00e+00 0.00e+00 0.00e+00 0.00e+00 0.00e+00 0.00e+00 0.00e+00 0.00e+00 0.00e+00 4.99e-01 -4.66e-01 -6.23e-01 6.30e-01 2.62e-01 1.00e+00 -7.78e-02 
-4.47e-01 2.74e-01 5.07e-01 -5.45e-01 4.14e-01 -5.23e-01 -1.01e-01 5.86e-01 4.60e-01 -4.62e-01 3.26e-01 -6.61e-01 -1.33e-01 1.26e-01 1.30e-01 -1.24e-01 -7.46e-02 -7.78e-02 1.00e+00 


------------ITERATION 10 -----------------

ERROR SUM: 871.542

1.26e-01 8.83e-01 7.02e+01 2.33e+02 1.37e+02 2.00e+03 1.39e-01 8.23e-01 2.07e+01 1.05e+02 1.69e+02 2.00e+03 1.09e-01 7.51e-01 1.28e+02 1.23e+02 1.42e+02 2.01e+03 8.66e+36 


-4.2805e+00 2.5665e+00 4.6268e+00 -4.9387e+00 3.5744e+00 -5.0302e+00 -1.2518e-01 4.6773e+00 3.3034e+00 -3.3202e+00 2.6358e+00 -5.2036e+00 -1.0401e+00 1.0184e+00 9.9775e-01 -9.1186e-01 -4.9372e-01 -6.4205e-01 8.4465e+00 


1.00e+00 -1.16e-01 -7.13e-01 6.16e-01 5.40e-02 3.66e-01 0.00e+00 0.00e+00 0.00e+00 0.00e+00 0.00e+00 0.00e+00 0.00e+00 0.00e+00 0.00e+00 0.00e+00 0.00e+00 0.00e+00 -4.44e-01 
-1.16e-01 1.00e+00 5.68e-01 -6.71e-01 7.00e-01 -5.91e-01 0.00e+00 0.00e+00 0.00e+00 0.00e+00 0.00e+00 0.00e+00 0.00e+00 0.00e+00 0.00e+00 0.00e+00 0.00e+00 0.00e+00 2.76e-01 
-7.13e-01 5.68e-01 1.00e+00 -9.79e-01 5.32e-01 -5.40e-01 0.00e+00 0.00e+00 0.00e+00 0.00e+00 0.00e+00 0.00e+00 0.00e+00 0.00e+00 0.00e+00 0.00e+00 0.00e+00 0.00e+00 5.07e-01 
6.16e-01 -6.71e-01 -9.79e-01 1.00e+00 -6.79e-01 6.42e-01 0.00e+00 0.00e+00 0.00e+00 0.00e+00 0.00e+00 0.00e+00 0.00e+00 0.00e+00 0.00e+00 0.00e+00 0.00e+00 0.00e+00 -5.45e-01 
5.40e-02 7.00e-01 5.32e-01 -6.79e-01 1.00e+00 -6.46e-01 0.00e+00 0.00e+00 0.00e+00 0.00e+00 0.00e+00 0.00e+00 0.00e+00 0.00e+00 0.00e+00 0.00e+00 0.00e+00 0.00e+00 4.15e-01 
3.66e-01 -5.91e-01 -5.40e-01 6.42e-01 -6.46e-01 1.00e+00 0.00e+00 0.00e+00 0.00e+00 0.00e+00 0.00e+00 0.00e+00 0.00e+00 0.00e+00 0.00e+00 0.00e+00 0.00e+00 0.00e+00 -5.22e-01 
0.00e+00 0.00e+00 0.00e+00 0.00e+00 0.00e+00 0.00e+00 1.00e+00 5.29e-03 -6.25e-01 6.18e-01 -1.66e-01 7.93e-02 0.00e+00 0.00e+00 0.00e+00 0.00e+00 0.00e+00 0.00e+00 -1.00e-01 
0.00e+00 0.00e+00 0.00e+00 0.00e+00 0.00e+00 0.00e+00 5.29e-03 1.00e+00 6.87e-01 -6.91e-01 3.19e-01 -8.84e-01 0.00e+00 0.00e+00 0.00e+00 0.00e+00 0.00e+00 0.00e+00 5.87e-01 
0.00e+00 0.00e+00 0.00e+00 0.00e+00 0.00e+00 0.00e+00 -6.25e-01 6.87e-01 1.00e+00 -1.00e+00 6.23e-01 -5.93e-01 0.00e+00 0.00e+00 0.00e+00 0.00e+00 0.00e+00 0.00e+00 4.60e-01 
0.00e+00 0.00e+00 0.00e+00 0.00e+00 0.00e+00 0.00e+00 6.18e-01 -6.91e-01 -1.00e+00 1.00e+00 -6.25e-01 5.95e-01 0.00e+00 0.00e+00 0.00e+00 0.00e+00 0.00e+00 0.00e+00 -4.62e-01 
0.00e+00 0.00e+00 0.00e+00 0.00e+00 0.00e+00 0.00e+00 -1.66e-01 3.19e-01 6.23e-01 -6.25e-01 1.00e+00 -3.17e-01 0.00e+00 0.00e+00 0.00e+00 0.00e+00 0.00e+00 0.00e+00 3.27e-01 
0.00e+00 0.00e+00 0.00e+00 0.00e+00 0.00e+00 0.00e+00 7.93e-02 -8.84e-01 -5.93e-01 5.95e-01 -3.17e-01 1.00e+00 0.00e+00 0.00e+00 0.00e+00 0.00e+00 0.00e+00 0.00e+00 -6.62e-01 
0.00e+00 0.00e+00 0.00e+00 0.00e+00 0.00e+00 0.00e+00 0.00e+00 0.00e+00 0.00e+00 0.00e+00 0.00e+00 0.00e+00 1.00e+00 -7.54e-01 -8.75e-01 8.59e-01 7.81e-01 4.98e-01 -1.33e-01 
0.00e+00 0.00e+00 0.00e+00 0.00e+00 0.00e+00 0.00e+00 0.00e+00 0.00e+00 0.00e+00 0.00e+00 0.00e+00 0.00e+00 -7.54e-01 1.00e+00 6.82e-01 -6.21e-01 -3.39e-01 -4.66e-01 1.26e-01 
0.00e+00 0.00e+00 0.00e+00 0.00e+00 0.00e+00 0.00e+00 0.00e+00 0.00e+00 0.00e+00 0.00e+00 0.00e+00 0.00e+00 -8.75e-01 6.82e-01 1.00e+00 -9.94e-01 -7.61e-01 -6.22e-01 1.30e-01 
0.00e+00 0.00e+00 0.00e+00 0.00e+00 0.00e+00 0.00e+00 0.00e+00 0.00e+00 0.00e+00 0.00e+00 0.00e+00 0.00e+00 8.59e-01 -6.21e-01 -9.94e-01 1.00e+00 7.87e-01 6.30e-01 -1.24e-01 
0.00e+00 0.00e+00 0.00e+00 0.00e+00 0.00e+00 0.00e+00 0.00e+00 0.00e+00 0.00e+00 0.00e+00 0.00e+00 0.00e+00 7.81e-01 -3.39e-01 -7.61e-01 7.87e-01 1.00e+00 2.60e-01 -7.38e-02 
0.00e+00 0.00e+00 0.00e+00 0.00e+00 0.00e+00 0.00e+00 0.00e+00 0.00e+00 0.00e+00 0.00e+00 0.00e+00 0.00e+00 4.98e-01 -4.66e-01 -6.22e-01 6.30e-01 2.60e-01 1.00e+00 -7.77e-02 
-4.44e-01 2.76e-01 5.07e-01 -5.45e-01 4.15e-01 -5.22e-01 -1.00e-01 5.87e-01 4.60e-01 -4.62e-01 3.27e-01 -6.62e-01 -1.33e-01 1.26e-01 1.30e-01 -1.24e-01 -7.38e-02 -7.77e-02 1.00e+00 


------------ITERATION 11 -----------------

ERROR SUM: 845.272

1.26e-01 8.83e-01 7.02e+01 2.33e+02 1.37e+02 2.00e+03 1.39e-01 8.23e-01 2.08e+01 1.05e+02 1.69e+02 2.00e+03 1.09e-01 7.51e-01 1.27e+02 1.23e+02 1.42e+02 2.01e+03 8.63e+36 


-3.4301e+00 2.0649e+00 3.7032e+00 -3.9517e+00 2.8579e+00 -4.0217e+00 -1.0525e-01 3.7409e+00 2.6443e+00 -2.6575e+00 2.1080e+00 -4.1620e+00 -8.3072e-01 8.1397e-01 7.9772e-01 -7.2756e-01 -3.8973e-01 -5.1580e-01 6.7566e+00 


1.00e+00 -1.19e-01 -7.15e-01 6.17e-01 5.22e-02 3.65e-01 0.00e+00 0.00e+00 0.00e+00 0.00e+00 0.00e+00 0.00e+00 0.00e+00 0.00e+00 0.00e+00 0.00e+00 0.00e+00 0.00e+00 -4.43e-01 
-1.19e-01 1.00e+00 5.70e-01 -6.74e-01 7.01e-01 -5.92e-01 0.00e+00 0.00e+00 0.00e+00 0.00e+00 0.00e+00 0.00e+00 0.00e+00 0.00e+00 0.00e+00 0.00e+00 0.00e+00 0.00e+00 2.79e-01 
-7.15e-01 5.70e-01 1.00e+00 -9.79e-01 5.33e-01 -5.39e-01 0.00e+00 0.00e+00 0.00e+00 0.00e+00 0.00e+00 0.00e+00 0.00e+00 0.00e+00 0.00e+00 0.00e+00 0.00e+00 0.00e+00 5.07e-01 
6.17e-01 -6.74e-01 -9.79e-01 1.00e+00 -6.80e-01 6.41e-01 0.00e+00 0.00e+00 0.00e+00 0.00e+00 0.00e+00 0.00e+00 0.00e+00 0.00e+00 0.00e+00 0.00e+00 0.00e+00 0.00e+00 -5.45e-01 
5.22e-02 7.01e-01 5.33e-01 -6.80e-01 1.00e+00 -6.47e-01 0.00e+00 0.00e+00 0.00e+00 0.00e+00 0.00e+00 0.00e+00 0.00e+00 0.00e+00 0.00e+00 0.00e+00 0.00e+00 0.00e+00 4.17e-01 
3.65e-01 -5.92e-01 -5.39e-01 6.41e-01 -6.47e-01 1.00e+00 0.00e+00 0.00e+00 0.00e+00 0.00e+00 0.00e+00 0.00e+00 0.00e+00 0.00e+00 0.00e+00 0.00e+00 0.00e+00 0.00e+00 -5.22e-01 
0.00e+00 0.00e+00 0.00e+00 0.00e+00 0.00e+00 0.00e+00 1.00e+00 3.63e-03 -6.26e-01 6.19e-01 -1.66e-01 7.89e-02 0.00e+00 0.00e+00 0.00e+00 0.00e+00 0.00e+00 0.00e+00 -9.97e-02 
0.00e+00 0.00e+00 0.00e+00 0.00e+00 0.00e+00 0.00e+00 3.63e-03 1.00e+00 6.88e-01 -6.92e-01 3.20e-01 -8.84e-01 0.00e+00 0.00e+00 0.00e+00 0.00e+00 0.00e+00 0.00e+00 5.88e-01 
0.00e+00 0.00e+00 0.00e+00 0.00e+00 0.00e+00 0.00e+00 -6.26e-01 6.88e-01 1.00e+00 -1.00e+00 6.23e-01 -5.93e-01 0.00e+00 0.00e+00 0.00e+00 0.00e+00 0.00e+00 0.00e+00 4.61e-01 
0.00e+00 0.00e+00 0.00e+00 0.00e+00 0.00e+00 0.00e+00 6.19e-01 -6.92e-01 -1.00e+00 1.00e+00 -6.25e-01 5.94e-01 0.00e+00 0.00e+00 0.00e+00 0.00e+00 0.00e+00 0.00e+00 -4.62e-01 
0.00e+00 0.00e+00 0.00e+00 0.00e+00 0.00e+00 0.00e+00 -1.66e-01 3.20e-01 6.23e-01 -6.25e-01 1.00e+00 -3.17e-01 0.00e+00 0.00e+00 0.00e+00 0.00e+00 0.00e+00 0.00e+00 3.27e-01 
0.00e+00 0.00e+00 0.00e+00 0.00e+00 0.00e+00 0.00e+00 7.89e-02 -8.84e-01 -5.93e-01 5.94e-01 -3.17e-01 1.00e+00 0.00e+00 0.00e+00 0.00e+00 0.00e+00 0.00e+00 0.00e+00 -6.63e-01 
0.00e+00 0.00e+00 0.00e+00 0.00e+00 0.00e+00 0.00e+00 0.00e+00 0.00e+00 0.00e+00 0.00e+00 0.00e+00 0.00e+00 1.00e+00 -7.55e-01 -8.75e-01 8.59e-01 7.78e-01 4.98e-01 -1.33e-01 
0.00e+00 0.00e+00 0.00e+00 0.00e+00 0.00e+00 0.00e+00 0.00e+00 0.00e+00 0.00e+00 0.00e+00 0.00e+00 0.00e+00 -7.55e-01 1.00e+00 6.83e-01 -6.23e-01 -3.37e-01 -4.66e-01 1.26e-01 
0.00e+00 0.00e+00 0.00e+00 0.00e+00 0.00e+00 0.00e+00 0.00e+00 0.00e+00 0.00e+00 0.00e+00 0.00e+00 0.00e+00 -8.75e-01 6.83e-01 1.00e+00 -9.94e-01 -7.58e-01 -6.21e-01 1.30e-01 
0.00e+00 0.00e+00 0.00e+00 0.00e+00 0.00e+00 0.00e+00 0.00e+00 0.00e+00 0.00e+00 0.00e+00 0.00e+00 0.00e+00 8.59e-01 -6.23e-01 -9.94e-01 1.00e+00 7.84e-01 6.30e-01 -1.24e-01 
0.00e+00 0.00e+00 0.00e+00 0.00e+00 0.00e+00 0.00e+00 0.00e+00 0.00e+00 0.00e+00 0.00e+00 0.00e+00 0.00e+00 7.78e-01 -3.37e-01 -7.58e-01 7.84e-01 1.00e+00 2.58e-01 -7.31e-02 
0.00e+00 0.00e+00 0.00e+00 0.00e+00 0.00e+00 0.00e+00 0.00e+00 0.00e+00 0.00e+00 0.00e+00 0.00e+00 0.00e+00 4.98e-01 -4.66e-01 -6.21e-01 6.30e-01 2.58e-01 1.00e+00 -7.76e-02 
-4.43e-01 2.79e-01 5.07e-01 -5.45e-01 4.17e-01 -5.22e-01 -9.97e-02 5.88e-01 4.61e-01 -4.62e-01 3.27e-01 -6.63e-01 -1.33e-01 1.26e-01 1.30e-01 -1.24e-01 -7.31e-02 -7.76e-02 1.00e+00 


------------ITERATION 12 -----------------

ERROR SUM: 828.451

1.26e-01 8.83e-01 7.02e+01 2.33e+02 1.37e+02 2.00e+03 1.39e-01 8.23e-01 2.08e+01 1.05e+02 1.69e+02 2.00e+03 1.09e-01 7.52e-01 1.27e+02 1.23e+02 1.42e+02 2.01e+03 8.61e+36 


-2.7480e+00 1.6594e+00 2.9638e+00 -3.1620e+00 2.2853e+00 -3.2160e+00 -8.7446e-02 2.9920e+00 2.1164e+00 -2.1268e+00 1.6860e+00 -3.3289e+00 -6.6340e-01 6.5029e-01 6.3788e-01 -5.8047e-01 -3.0829e-01 -4.1456e-01 5.4050e+00 


1.00e+00 -1.21e-01 -7.16e-01 6.18e-01 5.07e-02 3.64e-01 0.00e+00 0.00e+00 0.00e+00 0.00e+00 0.00e+00 0.00e+00 0.00e+00 0.00e+00 0.00e+00 0.00e+00 0.00e+00 0.00e+00 -4.41e-01 
-1.21e-01 1.00e+00 5.72e-01 -6.75e-01 7.02e-01 -5.94e-01 0.00e+00 0.00e+00 0.00e+00 0.00e+00 0.00e+00 0.00e+00 0.00e+00 0.00e+00 0.00e+00 0.00e+00 0.00e+00 0.00e+00 2.80e-01 
-7.16e-01 5.72e-01 1.00e+00 -9.79e-01 5.33e-01 -5.38e-01 0.00e+00 0.00e+00 0.00e+00 0.00e+00 0.00e+00 0.00e+00 0.00e+00 0.00e+00 0.00e+00 0.00e+00 0.00e+00 0.00e+00 5.07e-01 
6.18e-01 -6.75e-01 -9.79e-01 1.00e+00 -6.81e-01 6.41e-01 0.00e+00 0.00e+00 0.00e+00 0.00e+00 0.00e+00 0.00e+00 0.00e+00 0.00e+00 0.00e+00 0.00e+00 0.00e+00 0.00e+00 -5.45e-01 
5.07e-02 7.02e-01 5.33e-01 -6.81e-01 1.00e+00 -6.48e-01 0.00e+00 0.00e+00 0.00e+00 0.00e+00 0.00e+00 0.00e+00 0.00e+00 0.00e+00 0.00e+00 0.00e+00 0.00e+00 0.00e+00 4.18e-01 
3.64e-01 -5.94e-01 -5.38e-01 6.41e-01 -6.48e-01 1.00e+00 0.00e+00 0.00e+00 0.00e+00 0.00e+00 0.00e+00 0.00e+00 0.00e+00 0.00e+00 0.00e+00 0.00e+00 0.00e+00 0.00e+00 -5.22e-01 
0.00e+00 0.00e+00 0.00e+00 0.00e+00 0.00e+00 0.00e+00 1.00e+00 2.29e-03 -6.26e-01 6.19e-01 -1.67e-01 7.85e-02 0.00e+00 0.00e+00 0.00e+00 0.00e+00 0.00e+00 0.00e+00 -9.91e-02 
0.00e+00 0.00e+00 0.00e+00 0.00e+00 0.00e+00 0.00e+00 2.29e-03 1.00e+00 6.89e-01 -6.93e-01 3.20e-01 -8.84e-01 0.00e+00 0.00e+00 0.00e+00 0.00e+00 0.00e+00 0.00e+00 5.89e-01 
0.00e+00 0.00e+00 0.00e+00 0.00e+00 0.00e+00 0.00e+00 -6.26e-01 6.89e-01 1.00e+00 -1.00e+00 6.23e-01 -5.92e-01 0.00e+00 0.00e+00 0.00e+00 0.00e+00 0.00e+00 0.00e+00 4.61e-01 
0.00e+00 0.00e+00 0.00e+00 0.00e+00 0.00e+00 0.00e+00 6.19e-01 -6.93e-01 -1.00e+00 1.00e+00 -6.25e-01 5.94e-01 0.00e+00 0.00e+00 0.00e+00 0.00e+00 0.00e+00 0.00e+00 -4.62e-01 
0.00e+00 0.00e+00 0.00e+00 0.00e+00 0.00e+00 0.00e+00 -1.67e-01 3.20e-01 6.23e-01 -6.25e-01 1.00e+00 -3.17e-01 0.00e+00 0.00e+00 0.00e+00 0.00e+00 0.00e+00 0.00e+00 3.28e-01 
0.00e+00 0.00e+00 0.00e+00 0.00e+00 0.00e+00 0.00e+00 7.85e-02 -8.84e-01 -5.92e-01 5.94e-01 -3.17e-01 1.00e+00 0.00e+00 0.00e+00 0.00e+00 0.00e+00 0.00e+00 0.00e+00 -6.63e-01 
0.00e+00 0.00e+00 0.00e+00 0.00e+00 0.00e+00 0.00e+00 0.00e+00 0.00e+00 0.00e+00 0.00e+00 0.00e+00 0.00e+00 1.00e+00 -7.56e-01 -8.75e-01 8.58e-01 7.76e-01 4.97e-01 -1.33e-01 
0.00e+00 0.00e+00 0.00e+00 0.00e+00 0.00e+00 0.00e+00 0.00e+00 0.00e+00 0.00e+00 0.00e+00 0.00e+00 0.00e+00 -7.56e-01 1.00e+00 6.84e-01 -6.24e-01 -3.34e-01 -4.66e-01 1.26e-01 
0.00e+00 0.00e+00 0.00e+00 0.00e+00 0.00e+00 0.00e+00 0.00e+00 0.00e+00 0.00e+00 0.00e+00 0.00e+00 0.00e+00 -8.75e-01 6.84e-01 1.00e+00 -9.94e-01 -7.56e-01 -6.20e-01 1.30e-01 
0.00e+00 0.00e+00 0.00e+00 0.00e+00 0.00e+00 0.00e+00 0.00e+00 0.00e+00 0.00e+00 0.00e+00 0.00e+00 0.00e+00 8.58e-01 -6.24e-01 -9.94e-01 1.00e+00 7.82e-01 6.29e-01 -1.24e-01 
0.00e+00 0.00e+00 0.00e+00 0.00e+00 0.00e+00 0.00e+00 0.00e+00 0.00e+00 0.00e+00 0.00e+00 0.00e+00 0.00e+00 7.76e-01 -3.34e-01 -7.56e-01 7.82e-01 1.00e+00 2.56e-01 -7.25e-02 
0.00e+00 0.00e+00 0.00e+00 0.00e+00 0.00e+00 0.00e+00 0.00e+00 0.00e+00 0.00e+00 0.00e+00 0.00e+00 0.00e+00 4.97e-01 -4.66e-01 -6.20e-01 6.29e-01 2.56e-01 1.00e+00 -7.75e-02 
-4.41e-01 2.80e-01 5.07e-01 -5.45e-01 4.18e-01 -5.22e-01 -9.91e-02 5.89e-01 4.61e-01 -4.62e-01 3.28e-01 -6.63e-01 -1.33e-01 1.26e-01 1.30e-01 -1.24e-01 -7.25e-02 -7.75e-02 1.00e+00 


------------ITERATION 13 -----------------

ERROR SUM: 817.679

1.26e-01 8.83e-01 7.01e+01 2.33e+02 1.37e+02 2.00e+03 1.39e-01 8.23e-01 2.08e+01 1.05e+02 1.69e+02 2.00e+03 1.09e-01 7.52e-01 1.27e+02 1.22e+02 1.42e+02 2.01e+03 8.59e+36 


-2.2012e+00 1.3324e+00 2.3719e+00 -2.5301e+00 1.8277e+00 -2.5722e+00 -7.2015e-02 2.3931e+00 1.6937e+00 -1.7019e+00 1.3486e+00 -2.6627e+00 -5.2971e-01 5.1932e-01 5.1013e-01 -4.6305e-01 -2.4436e-01 -3.3334e-01 4.3240e+00 


1.00e+00 -1.23e-01 -7.17e-01 6.18e-01 4.95e-02 3.63e-01 0.00e+00 0.00e+00 0.00e+00 0.00e+00 0.00e+00 0.00e+00 0.00e+00 0.00e+00 0.00e+00 0.00e+00 0.00e+00 0.00e+00 -4.40e-01 
-1.23e-01 1.00e+00 5.73e-01 -6.77e-01 7.02e-01 -5.94e-01 0.00e+00 0.00e+00 0.00e+00 0.00e+00 0.00e+00 0.00e+00 0.00e+00 0.00e+00 0.00e+00 0.00e+00 0.00e+00 0.00e+00 2.82e-01 
-7.17e-01 5.73e-01 1.00e+00 -9.79e-01 5.34e-01 -5.38e-01 0.00e+00 0.00e+00 0.00e+00 0.00e+00 0.00e+00 0.00e+00 0.00e+00 0.00e+00 0.00e+00 0.00e+00 0.00e+00 0.00e+00 5.07e-01 
6.18e-01 -6.77e-01 -9.79e-01 1.00e+00 -6.81e-01 6.41e-01 0.00e+00 0.00e+00 0.00e+00 0.00e+00 0.00e+00 0.00e+00 0.00e+00 0.00e+00 0.00e+00 0.00e+00 0.00e+00 0.00e+00 -5.46e-01 
4.95e-02 7.02e-01 5.34e-01 -6.81e-01 1.00e+00 -6.48e-01 0.00e+00 0.00e+00 0.00e+00 0.00e+00 0.00e+00 0.00e+00 0.00e+00 0.00e+00 0.00e+00 0.00e+00 0.00e+00 0.00e+00 4.18e-01 
3.63e-01 -5.94e-01 -5.38e-01 6.41e-01 -6.48e-01 1.00e+00 0.00e+00 0.00e+00 0.00e+00 0.00e+00 0.00e+00 0.00e+00 0.00e+00 0.00e+00 0.00e+00 0.00e+00 0.00e+00 0.00e+00 -5.21e-01 
0.00e+00 0.00e+00 0.00e+00 0.00e+00 0.00e+00 0.00e+00 1.00e+00 1.21e-03 -6.26e-01 6.20e-01 -1.67e-01 7.82e-02 0.00e+00 0.00e+00 0.00e+00 0.00e+00 0.00e+00 0.00e+00 -9.87e-02 
0.00e+00 0.00e+00 0.00e+00 0.00e+00 0.00e+00 0.00e+00 1.21e-03 1.00e+00 6.89e-01 -6.93e-01 3.21e-01 -8.84e-01 0.00e+00 0.00e+00 0.00e+00 0.00e+00 0.00e+00 0.00e+00 5.90e-01 
0.00e+00 0.00e+00 0.00e+00 0.00e+00 0.00e+00 0.00e+00 -6.26e-01 6.89e-01 1.00e+00 -1.00e+00 6.23e-01 -5.92e-01 0.00e+00 0.00e+00 0.00e+00 0.00e+00 0.00e+00 0.00e+00 4.61e-01 
0.00e+00 0.00e+00 0.00e+00 0.00e+00 0.00e+00 0.00e+00 6.20e-01 -6.93e-01 -1.00e+00 1.00e+00 -6.25e-01 5.94e-01 0.00e+00 0.00e+00 0.00e+00 0.00e+00 0.00e+00 0.00e+00 -4.63e-01 
0.00e+00 0.00e+00 0.00e+00 0.00e+00 0.00e+00 0.00e+00 -1.67e-01 3.21e-01 6.23e-01 -6.25e-01 1.00e+00 -3.17e-01 0.00e+00 0.00e+00 0.00e+00 0.00e+00 0.00e+00 0.00e+00 3.28e-01 
0.00e+00 0.00e+00 0.00e+00 0.00e+00 0.00e+00 0.00e+00 7.82e-02 -8.84e-01 -5.92e-01 5.94e-01 -3.17e-01 1.00e+00 0.00e+00 0.00e+00 0.00e+00 0.00e+00 0.00e+00 0.00e+00 -6.64e-01 
0.00e+00 0.00e+00 0.00e+00 0.00e+00 0.00e+00 0.00e+00 0.00e+00 0.00e+00 0.00e+00 0.00e+00 0.00e+00 0.00e+00 1.00e+00 -7.57e-01 -8.75e-01 8.58e-01 7.74e-01 4.97e-01 -1.33e-01 
0.00e+00 0.00e+00 0.00e+00 0.00e+00 0.00e+00 0.00e+00 0.00e+00 0.00e+00 0.00e+00 0.00e+00 0.00e+00 0.00e+00 -7.57e-01 1.00e+00 6.84e-01 -6.25e-01 -3.32e-01 -4.66e-01 1.26e-01 
0.00e+00 0.00e+00 0.00e+00 0.00e+00 0.00e+00 0.00e+00 0.00e+00 0.00e+00 0.00e+00 0.00e+00 0.00e+00 0.00e+00 -8.75e-01 6.84e-01 1.00e+00 -9.94e-01 -7.54e-01 -6.20e-01 1.30e-01 
0.00e+00 0.00e+00 0.00e+00 0.00e+00 0.00e+00 0.00e+00 0.00e+00 0.00e+00 0.00e+00 0.00e+00 0.00e+00 0.00e+00 8.58e-01 -6.25e-01 -9.94e-01 1.00e+00 7.80e-01 6.29e-01 -1.24e-01 
0.00e+00 0.00e+00 0.00e+00 0.00e+00 0.00e+00 0.00e+00 0.00e+00 0.00e+00 0.00e+00 0.00e+00 0.00e+00 0.00e+00 7.74e-01 -3.32e-01 -7.54e-01 7.80e-01 1.00e+00 2.54e-01 -7.19e-02 
0.00e+00 0.00e+00 0.00e+00 0.00e+00 0.00e+00 0.00e+00 0.00e+00 0.00e+00 0.00e+00 0.00e+00 0.00e+00 0.00e+00 4.97e-01 -4.66e-01 -6.20e-01 6.29e-01 2.54e-01 1.00e+00 -7.75e-02 
-4.40e-01 2.82e-01 5.07e-01 -5.46e-01 4.18e-01 -5.21e-01 -9.87e-02 5.90e-01 4.61e-01 -4.63e-01 3.28e-01 -6.64e-01 -1.33e-01 1.26e-01 1.30e-01 -1.24e-01 -7.19e-02 -7.75e-02 1.00e+00 


------------ITERATION 14 -----------------

ERROR SUM: 810.78

1.26e-01 8.83e-01 7.01e+01 2.33e+02 1.37e+02 2.00e+03 1.39e-01 8.24e-01 2.08e+01 1.05e+02 1.69e+02 2.00e+03 1.09e-01 7.53e-01 1.27e+02 1.22e+02 1.42e+02 2.01e+03 8.57e+36 


-1.7629e+00 1.0690e+00 1.8982e+00 -2.0244e+00 1.4618e+00 -2.0574e+00 -5.8910e-02 1.9141e+00 1.3553e+00 -1.3618e+00 1.0787e+00 -2.1299e+00 -4.2288e-01 4.1458e-01 4.0800e-01 -3.6933e-01 -1.9407e-01 -2.6816e-01 3.4592e+00 


1.00e+00 -1.25e-01 -7.17e-01 6.19e-01 4.86e-02 3.62e-01 0.00e+00 0.00e+00 0.00e+00 0.00e+00 0.00e+00 0.00e+00 0.00e+00 0.00e+00 0.00e+00 0.00e+00 0.00e+00 0.00e+00 -4.39e-01 
-1.25e-01 1.00e+00 5.74e-01 -6.78e-01 7.03e-01 -5.95e-01 0.00e+00 0.00e+00 0.00e+00 0.00e+00 0.00e+00 0.00e+00 0.00e+00 0.00e+00 0.00e+00 0.00e+00 0.00e+00 0.00e+00 2.83e-01 
-7.17e-01 5.74e-01 1.00e+00 -9.79e-01 5.34e-01 -5.37e-01 0.00e+00 0.00e+00 0.00e+00 0.00e+00 0.00e+00 0.00e+00 0.00e+00 0.00e+00 0.00e+00 0.00e+00 0.00e+00 0.00e+00 5.07e-01 
6.19e-01 -6.78e-01 -9.79e-01 1.00e+00 -6.82e-01 6.41e-01 0.00e+00 0.00e+00 0.00e+00 0.00e+00 0.00e+00 0.00e+00 0.00e+00 0.00e+00 0.00e+00 0.00e+00 0.00e+00 0.00e+00 -5.46e-01 
4.86e-02 7.03e-01 5.34e-01 -6.82e-01 1.00e+00 -6.48e-01 0.00e+00 0.00e+00 0.00e+00 0.00e+00 0.00e+00 0.00e+00 0.00e+00 0.00e+00 0.00e+00 0.00e+00 0.00e+00 0.00e+00 4.19e-01 
3.62e-01 -5.95e-01 -5.37e-01 6.41e-01 -6.48e-01 1.00e+00 0.00e+00 0.00e+00 0.00e+00 0.00e+00 0.00e+00 0.00e+00 0.00e+00 0.00e+00 0.00e+00 0.00e+00 0.00e+00 0.00e+00 -5.21e-01 
0.00e+00 0.00e+00 0.00e+00 0.00e+00 0.00e+00 0.00e+00 1.00e+00 3.49e-04 -6.26e-01 6.20e-01 -1.67e-01 7.80e-02 0.00e+00 0.00e+00 0.00e+00 0.00e+00 0.00e+00 0.00e+00 -9.83e-02 
0.00e+00 0.00e+00 0.00e+00 0.00e+00 0.00e+00 0.00e+00 3.49e-04 1.00e+00 6.90e-01 -6.94e-01 3.21e-01 -8.84e-01 0.00e+00 0.00e+00 0.00e+00 0.00e+00 0.00e+00 0.00e+00 5.90e-01 
0.00e+00 0.00e+00 0.00e+00 0.00e+00 0.00e+00 0.00e+00 -6.26e-01 6.90e-01 1.00e+00 -1.00e+00 6.23e-01 -5.92e-01 0.00e+00 0.00e+00 0.00e+00 0.00e+00 0.00e+00 0.00e+00 4.61e-01 
0.00e+00 0.00e+00 0.00e+00 0.00e+00 0.00e+00 0.00e+00 6.20e-01 -6.94e-01 -1.00e+00 1.00e+00 -6.26e-01 5.94e-01 0.00e+00 0.00e+00 0.00e+00 0.00e+00 0.00e+00 0.00e+00 -4.63e-01 
0.00e+00 0.00e+00 0.00e+00 0.00e+00 0.00e+00 0.00e+00 -1.67e-01 3.21e-01 6.23e-01 -6.26e-01 1.00e+00 -3.17e-01 0.00e+00 0.00e+00 0.00e+00 0.00e+00 0.00e+00 0.00e+00 3.29e-01 
0.00e+00 0.00e+00 0.00e+00 0.00e+00 0.00e+00 0.00e+00 7.80e-02 -8.84e-01 -5.92e-01 5.94e-01 -3.17e-01 1.00e+00 0.00e+00 0.00e+00 0.00e+00 0.00e+00 0.00e+00 0.00e+00 -6.64e-01 
0.00e+00 0.00e+00 0.00e+00 0.00e+00 0.00e+00 0.00e+00 0.00e+00 0.00e+00 0.00e+00 0.00e+00 0.00e+00 0.00e+00 1.00e+00 -7.58e-01 -8.75e-01 8.58e-01 7.72e-01 4.97e-01 -1.33e-01 
0.00e+00 0.00e+00 0.00e+00 0.00e+00 0.00e+00 0.00e+00 0.00e+00 0.00e+00 0.00e+00 0.00e+00 0.00e+00 0.00e+00 -7.58e-01 1.00e+00 6.85e-01 -6.26e-01 -3.30e-01 -4.66e-01 1.26e-01 
0.00e+00 0.00e+00 0.00e+00 0.00e+00 0.00e+00 0.00e+00 0.00e+00 0.00e+00 0.00e+00 0.00e+00 0.00e+00 0.00e+00 -8.75e-01 6.85e-01 1.00e+00 -9.94e-01 -7.52e-01 -6.19e-01 1.30e-01 
0.00e+00 0.00e+00 0.00e+00 0.00e+00 0.00e+00 0.00e+00 0.00e+00 0.00e+00 0.00e+00 0.00e+00 0.00e+00 0.00e+00 8.58e-01 -6.26e-01 -9.94e-01 1.00e+00 7.78e-01 6.29e-01 -1.24e-01 
0.00e+00 0.00e+00 0.00e+00 0.00e+00 0.00e+00 0.00e+00 0.00e+00 0.00e+00 0.00e+00 0.00e+00 0.00e+00 0.00e+00 7.72e-01 -3.30e-01 -7.52e-01 7.78e-01 1.00e+00 2.52e-01 -7.14e-02 
0.00e+00 0.00e+00 0.00e+00 0.00e+00 0.00e+00 0.00e+00 0.00e+00 0.00e+00 0.00e+00 0.00e+00 0.00e+00 0.00e+00 4.97e-01 -4.66e-01 -6.19e-01 6.29e-01 2.52e-01 1.00e+00 -7.74e-02 
-4.39e-01 2.83e-01 5.07e-01 -5.46e-01 4.19e-01 -5.21e-01 -9.83e-02 5.90e-01 4.61e-01 -4.63e-01 3.29e-01 -6.64e-01 -1.33e-01 1.26e-01 1.30e-01 -1.24e-01 -7.14e-02 -7.74e-02 1.00e+00 


------------ITERATION 15 -----------------

ERROR SUM: 806.36

1.26e-01 8.83e-01 7.01e+01 2.33e+02 1.37e+02 2.00e+03 1.38e-01 8.24e-01 2.08e+01 1.05e+02 1.69e+02 2.00e+03 1.09e-01 7.53e-01 1.27e+02 1.22e+02 1.42e+02 2.01e+03 8.56e+36 


-1.4117e+00 8.5725e-01 1.5191e+00 -1.6199e+00 1.1692e+00 -1.6459e+00 -4.7944e-02 1.5310e+00 1.0844e+00 -1.0896e+00 8.6292e-01 -1.7037e+00 -3.3754e-01 3.3084e-01 3.2634e-01 -2.9451e-01 -1.5442e-01 -2.1584e-01 2.7674e+00 


1.00e+00 -1.26e-01 -7.18e-01 6.19e-01 4.78e-02 3.62e-01 0.00e+00 0.00e+00 0.00e+00 0.00e+00 0.00e+00 0.00e+00 0.00e+00 0.00e+00 0.00e+00 0.00e+00 0.00e+00 0.00e+00 -4.39e-01 
-1.26e-01 1.00e+00 5.75e-01 -6.79e-01 7.03e-01 -5.96e-01 0.00e+00 0.00e+00 0.00e+00 0.00e+00 0.00e+00 0.00e+00 0.00e+00 0.00e+00 0.00e+00 0.00e+00 0.00e+00 0.00e+00 2.84e-01 
-7.18e-01 5.75e-01 1.00e+00 -9.79e-01 5.35e-01 -5.37e-01 0.00e+00 0.00e+00 0.00e+00 0.00e+00 0.00e+00 0.00e+00 0.00e+00 0.00e+00 0.00e+00 0.00e+00 0.00e+00 0.00e+00 5.06e-01 
6.19e-01 -6.79e-01 -9.79e-01 1.00e+00 -6.82e-01 6.40e-01 0.00e+00 0.00e+00 0.00e+00 0.00e+00 0.00e+00 0.00e+00 0.00e+00 0.00e+00 0.00e+00 0.00e+00 0.00e+00 0.00e+00 -5.46e-01 
4.78e-02 7.03e-01 5.35e-01 -6.82e-01 1.00e+00 -6.49e-01 0.00e+00 0.00e+00 0.00e+00 0.00e+00 0.00e+00 0.00e+00 0.00e+00 0.00e+00 0.00e+00 0.00e+00 0.00e+00 0.00e+00 4.20e-01 
3.62e-01 -5.96e-01 -5.37e-01 6.40e-01 -6.49e-01 1.00e+00 0.00e+00 0.00e+00 0.00e+00 0.00e+00 0.00e+00 0.00e+00 0.00e+00 0.00e+00 0.00e+00 0.00e+00 0.00e+00 0.00e+00 -5.21e-01 
0.00e+00 0.00e+00 0.00e+00 0.00e+00 0.00e+00 0.00e+00 1.00e+00 -3.44e-04 -6.27e-01 6.20e-01 -1.67e-01 7.78e-02 0.00e+00 0.00e+00 0.00e+00 0.00e+00 0.00e+00 0.00e+00 -9.80e-02 
0.00e+00 0.00e+00 0.00e+00 0.00e+00 0.00e+00 0.00e+00 -3.44e-04 1.00e+00 6.90e-01 -6.94e-01 3.22e-01 -8.84e-01 0.00e+00 0.00e+00 0.00e+00 0.00e+00 0.00e+00 0.00e+00 5.91e-01 
0.00e+00 0.00e+00 0.00e+00 0.00e+00 0.00e+00 0.00e+00 -6.27e-01 6.90e-01 1.00e+00 -1.00e+00 6.23e-01 -5.92e-01 0.00e+00 0.00e+00 0.00e+00 0.00e+00 0.00e+00 0.00e+00 4.61e-01 
0.00e+00 0.00e+00 0.00e+00 0.00e+00 0.00e+00 0.00e+00 6.20e-01 -6.94e-01 -1.00e+00 1.00e+00 -6.26e-01 5.94e-01 0.00e+00 0.00e+00 0.00e+00 0.00e+00 0.00e+00 0.00e+00 -4.63e-01 
0.00e+00 0.00e+00 0.00e+00 0.00e+00 0.00e+00 0.00e+00 -1.67e-01 3.22e-01 6.23e-01 -6.26e-01 1.00e+00 -3.17e-01 0.00e+00 0.00e+00 0.00e+00 0.00e+00 0.00e+00 0.00e+00 3.29e-01 
0.00e+00 0.00e+00 0.00e+00 0.00e+00 0.00e+00 0.00e+00 7.78e-02 -8.84e-01 -5.92e-01 5.94e-01 -3.17e-01 1.00e+00 0.00e+00 0.00e+00 0.00e+00 0.00e+00 0.00e+00 0.00e+00 -6.64e-01 
0.00e+00 0.00e+00 0.00e+00 0.00e+00 0.00e+00 0.00e+00 0.00e+00 0.00e+00 0.00e+00 0.00e+00 0.00e+00 0.00e+00 1.00e+00 -7.58e-01 -8.75e-01 8.58e-01 7.70e-01 4.96e-01 -1.33e-01 
0.00e+00 0.00e+00 0.00e+00 0.00e+00 0.00e+00 0.00e+00 0.00e+00 0.00e+00 0.00e+00 0.00e+00 0.00e+00 0.00e+00 -7.58e-01 1.00e+00 6.85e-01 -6.26e-01 -3.28e-01 -4.66e-01 1.26e-01 
0.00e+00 0.00e+00 0.00e+00 0.00e+00 0.00e+00 0.00e+00 0.00e+00 0.00e+00 0.00e+00 0.00e+00 0.00e+00 0.00e+00 -8.75e-01 6.85e-01 1.00e+00 -9.94e-01 -7.50e-01 -6.19e-01 1.30e-01 
0.00e+00 0.00e+00 0.00e+00 0.00e+00 0.00e+00 0.00e+00 0.00e+00 0.00e+00 0.00e+00 0.00e+00 0.00e+00 0.00e+00 8.58e-01 -6.26e-01 -9.94e-01 1.00e+00 7.76e-01 6.29e-01 -1.24e-01 
0.00e+00 0.00e+00 0.00e+00 0.00e+00 0.00e+00 0.00e+00 0.00e+00 0.00e+00 0.00e+00 0.00e+00 0.00e+00 0.00e+00 7.70e-01 -3.28e-01 -7.50e-01 7.76e-01 1.00e+00 2.51e-01 -7.10e-02 
0.00e+00 0.00e+00 0.00e+00 0.00e+00 0.00e+00 0.00e+00 0.00e+00 0.00e+00 0.00e+00 0.00e+00 0.00e+00 0.00e+00 4.96e-01 -4.66e-01 -6.19e-01 6.29e-01 2.51e-01 1.00e+00 -7.74e-02 
-4.39e-01 2.84e-01 5.06e-01 -5.46e-01 4.20e-01 -5.21e-01 -9.80e-02 5.91e-01 4.61e-01 -4.63e-01 3.29e-01 -6.64e-01 -1.33e-01 1.26e-01 1.30e-01 -1.24e-01 -7.10e-02 -7.74e-02 1.00e+00 


------------ITERATION 16 -----------------

ERROR SUM: 803.527

1.26e-01 8.83e-01 7.01e+01 2.33e+02 1.37e+02 2.00e+03 1.38e-01 8.24e-01 2.08e+01 1.05e+02 1.69e+02 2.00e+03 1.09e-01 7.53e-01 1.26e+02 1.22e+02 1.42e+02 2.01e+03 8.55e+36 


-1.1303e+00 6.8710e-01 1.2157e+00 -1.2961e+00 9.3522e-01 -1.3167e+00 -3.8864e-02 1.2246e+00 8.6764e-01 -8.7172e-01 6.9030e-01 -1.3628e+00 -2.6936e-01 2.6390e-01 2.6104e-01 -2.3479e-01 -1.2311e-01 -1.7381e-01 2.2141e+00 


1.00e+00 -1.27e-01 -7.18e-01 6.20e-01 4.72e-02 3.61e-01 0.00e+00 0.00e+00 0.00e+00 0.00e+00 0.00e+00 0.00e+00 0.00e+00 0.00e+00 0.00e+00 0.00e+00 0.00e+00 0.00e+00 -4.38e-01 
-1.27e-01 1.00e+00 5.76e-01 -6.80e-01 7.04e-01 -5.96e-01 0.00e+00 0.00e+00 0.00e+00 0.00e+00 0.00e+00 0.00e+00 0.00e+00 0.00e+00 0.00e+00 0.00e+00 0.00e+00 0.00e+00 2.85e-01 
-7.18e-01 5.76e-01 1.00e+00 -9.79e-01 5.35e-01 -5.37e-01 0.00e+00 0.00e+00 0.00e+00 0.00e+00 0.00e+00 0.00e+00 0.00e+00 0.00e+00 0.00e+00 0.00e+00 0.00e+00 0.00e+00 5.06e-01 
6.20e-01 -6.80e-01 -9.79e-01 1.00e+00 -6.82e-01 6.40e-01 0.00e+00 0.00e+00 0.00e+00 0.00e+00 0.00e+00 0.00e+00 0.00e+00 0.00e+00 0.00e+00 0.00e+00 0.00e+00 0.00e+00 -5.46e-01 
4.72e-02 7.04e-01 5.35e-01 -6.82e-01 1.00e+00 -6.49e-01 0.00e+00 0.00e+00 0.00e+00 0.00e+00 0.00e+00 0.00e+00 0.00e+00 0.00e+00 0.00e+00 0.00e+00 0.00e+00 0.00e+00 4.20e-01 
3.61e-01 -5.96e-01 -5.37e-01 6.40e-01 -6.49e-01 1.00e+00 0.00e+00 0.00e+00 0.00e+00 0.00e+00 0.00e+00 0.00e+00 0.00e+00 0.00e+00 0.00e+00 0.00e+00 0.00e+00 0.00e+00 -5.21e-01 
0.00e+00 0.00e+00 0.00e+00 0.00e+00 0.00e+00 0.00e+00 1.00e+00 -9.01e-04 -6.27e-01 6.20e-01 -1.67e-01 7.77e-02 0.00e+00 0.00e+00 0.00e+00 0.00e+00 0.00e+00 0.00e+00 -9.78e-02 
0.00e+00 0.00e+00 0.00e+00 0.00e+00 0.00e+00 0.00e+00 -9.01e-04 1.00e+00 6.90e-01 -6.94e-01 3.22e-01 -8.84e-01 0.00e+00 0.00e+00 0.00e+00 0.00e+00 0.00e+00 0.00e+00 5.91e-01 
0.00e+00 0.00e+00 0.00e+00 0.00e+00 0.00e+00 0.00e+00 -6.27e-01 6.90e-01 1.00e+00 -1.00e+00 6.24e-01 -5.92e-01 0.00e+00 0.00e+00 0.00e+00 0.00e+00 0.00e+00 0.00e+00 4.62e-01 
0.00e+00 0.00e+00 0.00e+00 0.00e+00 0.00e+00 0.00e+00 6.20e-01 -6.94e-01 -1.00e+00 1.00e+00 -6.26e-01 5.94e-01 0.00e+00 0.00e+00 0.00e+00 0.00e+00 0.00e+00 0.00e+00 -4.63e-01 
0.00e+00 0.00e+00 0.00e+00 0.00e+00 0.00e+00 0.00e+00 -1.67e-01 3.22e-01 6.24e-01 -6.26e-01 1.00e+00 -3.17e-01 0.00e+00 0.00e+00 0.00e+00 0.00e+00 0.00e+00 0.00e+00 3.29e-01 
0.00e+00 0.00e+00 0.00e+00 0.00e+00 0.00e+00 0.00e+00 7.77e-02 -8.84e-01 -5.92e-01 5.94e-01 -3.17e-01 1.00e+00 0.00e+00 0.00e+00 0.00e+00 0.00e+00 0.00e+00 0.00e+00 -6.65e-01 
0.00e+00 0.00e+00 0.00e+00 0.00e+00 0.00e+00 0.00e+00 0.00e+00 0.00e+00 0.00e+00 0.00e+00 0.00e+00 0.00e+00 1.00e+00 -7.59e-01 -8.75e-01 8.58e-01 7.69e-01 4.96e-01 -1.33e-01 
0.00e+00 0.00e+00 0.00e+00 0.00e+00 0.00e+00 0.00e+00 0.00e+00 0.00e+00 0.00e+00 0.00e+00 0.00e+00 0.00e+00 -7.59e-01 1.00e+00 6.86e-01 -6.27e-01 -3.26e-01 -4.66e-01 1.26e-01 
0.00e+00 0.00e+00 0.00e+00 0.00e+00 0.00e+00 0.00e+00 0.00e+00 0.00e+00 0.00e+00 0.00e+00 0.00e+00 0.00e+00 -8.75e-01 6.86e-01 1.00e+00 -9.94e-01 -7.49e-01 -6.19e-01 1.30e-01 
0.00e+00 0.00e+00 0.00e+00 0.00e+00 0.00e+00 0.00e+00 0.00e+00 0.00e+00 0.00e+00 0.00e+00 0.00e+00 0.00e+00 8.58e-01 -6.27e-01 -9.94e-01 1.00e+00 7.75e-01 6.29e-01 -1.24e-01 
0.00e+00 0.00e+00 0.00e+00 0.00e+00 0.00e+00 0.00e+00 0.00e+00 0.00e+00 0.00e+00 0.00e+00 0.00e+00 0.00e+00 7.69e-01 -3.26e-01 -7.49e-01 7.75e-01 1.00e+00 2.50e-01 -7.06e-02 
0.00e+00 0.00e+00 0.00e+00 0.00e+00 0.00e+00 0.00e+00 0.00e+00 0.00e+00 0.00e+00 0.00e+00 0.00e+00 0.00e+00 4.96e-01 -4.66e-01 -6.19e-01 6.29e-01 2.50e-01 1.00e+00 -7.73e-02 
-4.38e-01 2.85e-01 5.06e-01 -5.46e-01 4.20e-01 -5.21e-01 -9.78e-02 5.91e-01 4.62e-01 -4.63e-01 3.29e-01 -6.65e-01 -1.33e-01 1.26e-01 1.30e-01 -1.24e-01 -7.06e-02 -7.73e-02 1.00e+00 


------------ITERATION 17 -----------------

ERROR SUM: 801.712

1.26e-01 8.83e-01 7.01e+01 2.33e+02 1.37e+02 2.00e+03 1.38e-01 8.24e-01 2.08e+01 1.05e+02 1.69e+02 2.00e+03 1.09e-01 7.53e-01 1.26e+02 1.22e+02 1.42e+02 2.01e+03 8.55e+36 


-9.0501e-01 5.5053e-01 9.7285e-01 -1.0371e+00 7.4810e-01 -1.0535e+00 -3.1406e-02 9.7953e-01 6.9416e-01 -6.9740e-01 5.5223e-01 -1.0901e+00 -2.1490e-01 2.1042e-01 2.0882e-01 -1.8712e-01 -9.8325e-02 -1.4005e-01 1.7714e+00 


1.00e+00 -1.28e-01 -7.19e-01 6.20e-01 4.66e-02 3.61e-01 0.00e+00 0.00e+00 0.00e+00 0.00e+00 0.00e+00 0.00e+00 0.00e+00 0.00e+00 0.00e+00 0.00e+00 0.00e+00 0.00e+00 -4.38e-01 
-1.28e-01 1.00e+00 5.77e-01 -6.80e-01 7.04e-01 -5.96e-01 0.00e+00 0.00e+00 0.00e+00 0.00e+00 0.00e+00 0.00e+00 0.00e+00 0.00e+00 0.00e+00 0.00e+00 0.00e+00 0.00e+00 2.85e-01 
-7.19e-01 5.77e-01 1.00e+00 -9.79e-01 5.35e-01 -5.36e-01 0.00e+00 0.00e+00 0.00e+00 0.00e+00 0.00e+00 0.00e+00 0.00e+00 0.00e+00 0.00e+00 0.00e+00 0.00e+00 0.00e+00 5.06e-01 
6.20e-01 -6.80e-01 -9.79e-01 1.00e+00 -6.83e-01 6.40e-01 0.00e+00 0.00e+00 0.00e+00 0.00e+00 0.00e+00 0.00e+00 0.00e+00 0.00e+00 0.00e+00 0.00e+00 0.00e+00 0.00e+00 -5.46e-01 
4.66e-02 7.04e-01 5.35e-01 -6.83e-01 1.00e+00 -6.49e-01 0.00e+00 0.00e+00 0.00e+00 0.00e+00 0.00e+00 0.00e+00 0.00e+00 0.00e+00 0.00e+00 0.00e+00 0.00e+00 0.00e+00 4.21e-01 
3.61e-01 -5.96e-01 -5.36e-01 6.40e-01 -6.49e-01 1.00e+00 0.00e+00 0.00e+00 0.00e+00 0.00e+00 0.00e+00 0.00e+00 0.00e+00 0.00e+00 0.00e+00 0.00e+00 0.00e+00 0.00e+00 -5.20e-01 
0.00e+00 0.00e+00 0.00e+00 0.00e+00 0.00e+00 0.00e+00 1.00e+00 -1.35e-03 -6.27e-01 6.20e-01 -1.68e-01 7.75e-02 0.00e+00 0.00e+00 0.00e+00 0.00e+00 0.00e+00 0.00e+00 -9.76e-02 
0.00e+00 0.00e+00 0.00e+00 0.00e+00 0.00e+00 0.00e+00 -1.35e-03 1.00e+00 6.91e-01 -6.95e-01 3.22e-01 -8.84e-01 0.00e+00 0.00e+00 0.00e+00 0.00e+00 0.00e+00 0.00e+00 5.92e-01 
0.00e+00 0.00e+00 0.00e+00 0.00e+00 0.00e+00 0.00e+00 -6.27e-01 6.91e-01 1.00e+00 -1.00e+00 6.24e-01 -5.92e-01 0.00e+00 0.00e+00 0.00e+00 0.00e+00 0.00e+00 0.00e+00 4.62e-01 
0.00e+00 0.00e+00 0.00e+00 0.00e+00 0.00e+00 0.00e+00 6.20e-01 -6.95e-01 -1.00e+00 1.00e+00 -6.26e-01 5.94e-01 0.00e+00 0.00e+00 0.00e+00 0.00e+00 0.00e+00 0.00e+00 -4.63e-01 
0.00e+00 0.00e+00 0.00e+00 0.00e+00 0.00e+00 0.00e+00 -1.68e-01 3.22e-01 6.24e-01 -6.26e-01 1.00e+00 -3.18e-01 0.00e+00 0.00e+00 0.00e+00 0.00e+00 0.00e+00 0.00e+00 3.29e-01 
0.00e+00 0.00e+00 0.00e+00 0.00e+00 0.00e+00 0.00e+00 7.75e-02 -8.84e-01 -5.92e-01 5.94e-01 -3.18e-01 1.00e+00 0.00e+00 0.00e+00 0.00e+00 0.00e+00 0.00e+00 0.00e+00 -6.65e-01 
0.00e+00 0.00e+00 0.00e+00 0.00e+00 0.00e+00 0.00e+00 0.00e+00 0.00e+00 0.00e+00 0.00e+00 0.00e+00 0.00e+00 1.00e+00 -7.59e-01 -8.75e-01 8.58e-01 7.68e-01 4.96e-01 -1.33e-01 
0.00e+00 0.00e+00 0.00e+00 0.00e+00 0.00e+00 0.00e+00 0.00e+00 0.00e+00 0.00e+00 0.00e+00 0.00e+00 0.00e+00 -7.59e-01 1.00e+00 6.86e-01 -6.27e-01 -3.25e-01 -4.66e-01 1.26e-01 
0.00e+00 0.00e+00 0.00e+00 0.00e+00 0.00e+00 0.00e+00 0.00e+00 0.00e+00 0.00e+00 0.00e+00 0.00e+00 0.00e+00 -8.75e-01 6.86e-01 1.00e+00 -9.95e-01 -7.48e-01 -6.18e-01 1.30e-01 
0.00e+00 0.00e+00 0.00e+00 0.00e+00 0.00e+00 0.00e+00 0.00e+00 0.00e+00 0.00e+00 0.00e+00 0.00e+00 0.00e+00 8.58e-01 -6.27e-01 -9.95e-01 1.00e+00 7.74e-01 6.29e-01 -1.24e-01 
0.00e+00 0.00e+00 0.00e+00 0.00e+00 0.00e+00 0.00e+00 0.00e+00 0.00e+00 0.00e+00 0.00e+00 0.00e+00 0.00e+00 7.68e-01 -3.25e-01 -7.48e-01 7.74e-01 1.00e+00 2.49e-01 -7.03e-02 
0.00e+00 0.00e+00 0.00e+00 0.00e+00 0.00e+00 0.00e+00 0.00e+00 0.00e+00 0.00e+00 0.00e+00 0.00e+00 0.00e+00 4.96e-01 -4.66e-01 -6.18e-01 6.29e-01 2.49e-01 1.00e+00 -7.73e-02 
-4.38e-01 2.85e-01 5.06e-01 -5.46e-01 4.21e-01 -5.20e-01 -9.76e-02 5.92e-01 4.62e-01 -4.63e-01 3.29e-01 -6.65e-01 -1.33e-01 1.26e-01 1.30e-01 -1.24e-01 -7.03e-02 -7.73e-02 1.00e+00 


------------ITERATION 18 -----------------

ERROR SUM: 800.548

1.26e-01 8.83e-01 7.01e+01 2.33e+02 1.37e+02 2.00e+03 1.38e-01 8.24e-01 2.08e+01 1.05e+02 1.69e+02 2.00e+03 1.09e-01 7.53e-01 1.26e+02 1.22e+02 1.42e+02 2.01e+03 8.54e+36 


-7.2455e-01 4.4097e-01 7.7852e-01 -8.2985e-01 5.9844e-01 -8.4292e-01 -2.5318e-02 7.8351e-01 5.5534e-01 -5.5793e-01 4.4179e-01 -8.7203e-01 -1.7140e-01 1.6771e-01 1.6706e-01 -1.4908e-01 -7.8675e-02 -1.1292e-01 1.4172e+00 


1.00e+00 -1.29e-01 -7.19e-01 6.20e-01 4.62e-02 3.61e-01 0.00e+00 0.00e+00 0.00e+00 0.00e+00 0.00e+00 0.00e+00 0.00e+00 0.00e+00 0.00e+00 0.00e+00 0.00e+00 0.00e+00 -4.37e-01 
-1.29e-01 1.00e+00 5.77e-01 -6.81e-01 7.04e-01 -5.97e-01 0.00e+00 0.00e+00 0.00e+00 0.00e+00 0.00e+00 0.00e+00 0.00e+00 0.00e+00 0.00e+00 0.00e+00 0.00e+00 0.00e+00 2.86e-01 
-7.19e-01 5.77e-01 1.00e+00 -9.79e-01 5.35e-01 -5.36e-01 0.00e+00 0.00e+00 0.00e+00 0.00e+00 0.00e+00 0.00e+00 0.00e+00 0.00e+00 0.00e+00 0.00e+00 0.00e+00 0.00e+00 5.06e-01 
6.20e-01 -6.81e-01 -9.79e-01 1.00e+00 -6.83e-01 6.40e-01 0.00e+00 0.00e+00 0.00e+00 0.00e+00 0.00e+00 0.00e+00 0.00e+00 0.00e+00 0.00e+00 0.00e+00 0.00e+00 0.00e+00 -5.46e-01 
4.62e-02 7.04e-01 5.35e-01 -6.83e-01 1.00e+00 -6.49e-01 0.00e+00 0.00e+00 0.00e+00 0.00e+00 0.00e+00 0.00e+00 0.00e+00 0.00e+00 0.00e+00 0.00e+00 0.00e+00 0.00e+00 4.21e-01 
3.61e-01 -5.97e-01 -5.36e-01 6.40e-01 -6.49e-01 1.00e+00 0.00e+00 0.00e+00 0.00e+00 0.00e+00 0.00e+00 0.00e+00 0.00e+00 0.00e+00 0.00e+00 0.00e+00 0.00e+00 0.00e+00 -5.20e-01 
0.00e+00 0.00e+00 0.00e+00 0.00e+00 0.00e+00 0.00e+00 1.00e+00 -1.70e-03 -6.27e-01 6.21e-01 -1.68e-01 7.75e-02 0.00e+00 0.00e+00 0.00e+00 0.00e+00 0.00e+00 0.00e+00 -9.74e-02 
0.00e+00 0.00e+00 0.00e+00 0.00e+00 0.00e+00 0.00e+00 -1.70e-03 1.00e+00 6.91e-01 -6.95e-01 3.23e-01 -8.85e-01 0.00e+00 0.00e+00 0.00e+00 0.00e+00 0.00e+00 0.00e+00 5.92e-01 
0.00e+00 0.00e+00 0.00e+00 0.00e+00 0.00e+00 0.00e+00 -6.27e-01 6.91e-01 1.00e+00 -1.00e+00 6.24e-01 -5.92e-01 0.00e+00 0.00e+00 0.00e+00 0.00e+00 0.00e+00 0.00e+00 4.62e-01 
0.00e+00 0.00e+00 0.00e+00 0.00e+00 0.00e+00 0.00e+00 6.21e-01 -6.95e-01 -1.00e+00 1.00e+00 -6.26e-01 5.94e-01 0.00e+00 0.00e+00 0.00e+00 0.00e+00 0.00e+00 0.00e+00 -4.63e-01 
0.00e+00 0.00e+00 0.00e+00 0.00e+00 0.00e+00 0.00e+00 -1.68e-01 3.23e-01 6.24e-01 -6.26e-01 1.00e+00 -3.18e-01 0.00e+00 0.00e+00 0.00e+00 0.00e+00 0.00e+00 0.00e+00 3.29e-01 
0.00e+00 0.00e+00 0.00e+00 0.00e+00 0.00e+00 0.00e+00 7.75e-02 -8.85e-01 -5.92e-01 5.94e-01 -3.18e-01 1.00e+00 0.00e+00 0.00e+00 0.00e+00 0.00e+00 0.00e+00 0.00e+00 -6.65e-01 
0.00e+00 0.00e+00 0.00e+00 0.00e+00 0.00e+00 0.00e+00 0.00e+00 0.00e+00 0.00e+00 0.00e+00 0.00e+00 0.00e+00 1.00e+00 -7.60e-01 -8.75e-01 8.58e-01 7.66e-01 4.96e-01 -1.33e-01 
0.00e+00 0.00e+00 0.00e+00 0.00e+00 0.00e+00 0.00e+00 0.00e+00 0.00e+00 0.00e+00 0.00e+00 0.00e+00 0.00e+00 -7.60e-01 1.00e+00 6.86e-01 -6.28e-01 -3.23e-01 -4.66e-01 1.26e-01 
0.00e+00 0.00e+00 0.00e+00 0.00e+00 0.00e+00 0.00e+00 0.00e+00 0.00e+00 0.00e+00 0.00e+00 0.00e+00 0.00e+00 -8.75e-01 6.86e-01 1.00e+00 -9.95e-01 -7.47e-01 -6.18e-01 1.30e-01 
0.00e+00 0.00e+00 0.00e+00 0.00e+00 0.00e+00 0.00e+00 0.00e+00 0.00e+00 0.00e+00 0.00e+00 0.00e+00 0.00e+00 8.58e-01 -6.28e-01 -9.95e-01 1.00e+00 7.73e-01 6.29e-01 -1.24e-01 
0.00e+00 0.00e+00 0.00e+00 0.00e+00 0.00e+00 0.00e+00 0.00e+00 0.00e+00 0.00e+00 0.00e+00 0.00e+00 0.00e+00 7.66e-01 -3.23e-01 -7.47e-01 7.73e-01 1.00e+00 2.48e-01 -7.00e-02 
0.00e+00 0.00e+00 0.00e+00 0.00e+00 0.00e+00 0.00e+00 0.00e+00 0.00e+00 0.00e+00 0.00e+00 0.00e+00 0.00e+00 4.96e-01 -4.66e-01 -6.18e-01 6.29e-01 2.48e-01 1.00e+00 -7.73e-02 
-4.37e-01 2.86e-01 5.06e-01 -5.46e-01 4.21e-01 -5.20e-01 -9.74e-02 5.92e-01 4.62e-01 -4.63e-01 3.29e-01 -6.65e-01 -1.33e-01 1.26e-01 1.30e-01 -1.24e-01 -7.00e-02 -7.73e-02 1.00e+00 


------------ITERATION 19 -----------------

ERROR SUM: 799.801

1.26e-01 8.83e-01 7.01e+01 2.33e+02 1.37e+02 2.00e+03 1.38e-01 8.24e-01 2.08e+01 1.05e+02 1.69e+02 2.00e+03 1.09e-01 7.54e-01 1.26e+02 1.21e+02 1.42e+02 2.01e+03 8.53e+36 


-5.8005e-01 3.5314e-01 6.2300e-01 -6.6401e-01 4.7873e-01 -6.7447e-01 -2.0371e-02 6.2672e-01 4.4427e-01 -4.4633e-01 3.5344e-01 -6.9756e-01 -1.3667e-01 1.3360e-01 1.3365e-01 -1.1872e-01 -6.3068e-02 -9.1103e-02 1.1339e+00 


1.00e+00 -1.30e-01 -7.19e-01 6.20e-01 4.59e-02 3.61e-01 0.00e+00 0.00e+00 0.00e+00 0.00e+00 0.00e+00 0.00e+00 0.00e+00 0.00e+00 0.00e+00 0.00e+00 0.00e+00 0.00e+00 -4.37e-01 
-1.30e-01 1.00e+00 5.77e-01 -6.81e-01 7.04e-01 -5.97e-01 0.00e+00 0.00e+00 0.00e+00 0.00e+00 0.00e+00 0.00e+00 0.00e+00 0.00e+00 0.00e+00 0.00e+00 0.00e+00 0.00e+00 2.86e-01 
-7.19e-01 5.77e-01 1.00e+00 -9.79e-01 5.35e-01 -5.36e-01 0.00e+00 0.00e+00 0.00e+00 0.00e+00 0.00e+00 0.00e+00 0.00e+00 0.00e+00 0.00e+00 0.00e+00 0.00e+00 0.00e+00 5.06e-01 
6.20e-01 -6.81e-01 -9.79e-01 1.00e+00 -6.83e-01 6.40e-01 0.00e+00 0.00e+00 0.00e+00 0.00e+00 0.00e+00 0.00e+00 0.00e+00 0.00e+00 0.00e+00 0.00e+00 0.00e+00 0.00e+00 -5.46e-01 
4.59e-02 7.04e-01 5.35e-01 -6.83e-01 1.00e+00 -6.49e-01 0.00e+00 0.00e+00 0.00e+00 0.00e+00 0.00e+00 0.00e+00 0.00e+00 0.00e+00 0.00e+00 0.00e+00 0.00e+00 0.00e+00 4.21e-01 
3.61e-01 -5.97e-01 -5.36e-01 6.40e-01 -6.49e-01 1.00e+00 0.00e+00 0.00e+00 0.00e+00 0.00e+00 0.00e+00 0.00e+00 0.00e+00 0.00e+00 0.00e+00 0.00e+00 0.00e+00 0.00e+00 -5.20e-01 
0.00e+00 0.00e+00 0.00e+00 0.00e+00 0.00e+00 0.00e+00 1.00e+00 -1.99e-03 -6.27e-01 6.21e-01 -1.68e-01 7.74e-02 0.00e+00 0.00e+00 0.00e+00 0.00e+00 0.00e+00 0.00e+00 -9.73e-02 
0.00e+00 0.00e+00 0.00e+00 0.00e+00 0.00e+00 0.00e+00 -1.99e-03 1.00e+00 6.91e-01 -6.95e-01 3.23e-01 -8.85e-01 0.00e+00 0.00e+00 0.00e+00 0.00e+00 0.00e+00 0.00e+00 5.92e-01 
0.00e+00 0.00e+00 0.00e+00 0.00e+00 0.00e+00 0.00e+00 -6.27e-01 6.91e-01 1.00e+00 -1.00e+00 6.24e-01 -5.92e-01 0.00e+00 0.00e+00 0.00e+00 0.00e+00 0.00e+00 0.00e+00 4.62e-01 
0.00e+00 0.00e+00 0.00e+00 0.00e+00 0.00e+00 0.00e+00 6.21e-01 -6.95e-01 -1.00e+00 1.00e+00 -6.26e-01 5.93e-01 0.00e+00 0.00e+00 0.00e+00 0.00e+00 0.00e+00 0.00e+00 -4.63e-01 
0.00e+00 0.00e+00 0.00e+00 0.00e+00 0.00e+00 0.00e+00 -1.68e-01 3.23e-01 6.24e-01 -6.26e-01 1.00e+00 -3.18e-01 0.00e+00 0.00e+00 0.00e+00 0.00e+00 0.00e+00 0.00e+00 3.29e-01 
0.00e+00 0.00e+00 0.00e+00 0.00e+00 0.00e+00 0.00e+00 7.74e-02 -8.85e-01 -5.92e-01 5.93e-01 -3.18e-01 1.00e+00 0.00e+00 0.00e+00 0.00e+00 0.00e+00 0.00e+00 0.00e+00 -6.65e-01 
0.00e+00 0.00e+00 0.00e+00 0.00e+00 0.00e+00 0.00e+00 0.00e+00 0.00e+00 0.00e+00 0.00e+00 0.00e+00 0.00e+00 1.00e+00 -7.60e-01 -8.75e-01 8.58e-01 7.65e-01 4.96e-01 -1.33e-01 
0.00e+00 0.00e+00 0.00e+00 0.00e+00 0.00e+00 0.00e+00 0.00e+00 0.00e+00 0.00e+00 0.00e+00 0.00e+00 0.00e+00 -7.60e-01 1.00e+00 6.86e-01 -6.28e-01 -3.22e-01 -4.66e-01 1.26e-01 
0.00e+00 0.00e+00 0.00e+00 0.00e+00 0.00e+00 0.00e+00 0.00e+00 0.00e+00 0.00e+00 0.00e+00 0.00e+00 0.00e+00 -8.75e-01 6.86e-01 1.00e+00 -9.95e-01 -7.46e-01 -6.18e-01 1.30e-01 
0.00e+00 0.00e+00 0.00e+00 0.00e+00 0.00e+00 0.00e+00 0.00e+00 0.00e+00 0.00e+00 0.00e+00 0.00e+00 0.00e+00 8.58e-01 -6.28e-01 -9.95e-01 1.00e+00 7.72e-01 6.29e-01 -1.23e-01 
0.00e+00 0.00e+00 0.00e+00 0.00e+00 0.00e+00 0.00e+00 0.00e+00 0.00e+00 0.00e+00 0.00e+00 0.00e+00 0.00e+00 7.65e-01 -3.22e-01 -7.46e-01 7.72e-01 1.00e+00 2.48e-01 -6.98e-02 
0.00e+00 0.00e+00 0.00e+00 0.00e+00 0.00e+00 0.00e+00 0.00e+00 0.00e+00 0.00e+00 0.00e+00 0.00e+00 0.00e+00 4.96e-01 -4.66e-01 -6.18e-01 6.29e-01 2.48e-01 1.00e+00 -7.73e-02 
-4.37e-01 2.86e-01 5.06e-01 -5.46e-01 4.21e-01 -5.20e-01 -9.73e-02 5.92e-01 4.62e-01 -4.63e-01 3.29e-01 -6.65e-01 -1.33e-01 1.26e-01 1.30e-01 -1.23e-01 -6.98e-02 -7.73e-02 1.00e+00 


------------ITERATION 20 -----------------

ERROR SUM: 799.322

1.26e-01 8.83e-01 7.01e+01 2.33e+02 1.37e+02 2.00e+03 1.38e-01 8.24e-01 2.08e+01 1.05e+02 1.69e+02 2.00e+03 1.09e-01 7.54e-01 1.26e+02 1.21e+02 1.42e+02 2.01e+03 8.53e+36 


-4.6435e-01 2.8275e-01 4.9854e-01 -5.3131e-01 3.8298e-01 -5.3970e-01 -1.6366e-02 5.0130e-01 3.5541e-01 -3.5705e-01 2.8276e-01 -5.5801e-01 -1.0894e-01 1.0637e-01 1.0692e-01 -9.4504e-02 -5.0649e-02 -7.3553e-02 9.0716e-01 


1.00e+00 -1.30e-01 -7.19e-01 6.21e-01 4.56e-02 3.60e-01 0.00e+00 0.00e+00 0.00e+00 0.00e+00 0.00e+00 0.00e+00 0.00e+00 0.00e+00 0.00e+00 0.00e+00 0.00e+00 0.00e+00 -4.37e-01 
-1.30e-01 1.00e+00 5.78e-01 -6.81e-01 7.04e-01 -5.97e-01 0.00e+00 0.00e+00 0.00e+00 0.00e+00 0.00e+00 0.00e+00 0.00e+00 0.00e+00 0.00e+00 0.00e+00 0.00e+00 0.00e+00 2.86e-01 
-7.19e-01 5.78e-01 1.00e+00 -9.79e-01 5.36e-01 -5.36e-01 0.00e+00 0.00e+00 0.00e+00 0.00e+00 0.00e+00 0.00e+00 0.00e+00 0.00e+00 0.00e+00 0.00e+00 0.00e+00 0.00e+00 5.06e-01 
6.21e-01 -6.81e-01 -9.79e-01 1.00e+00 -6.83e-01 6.40e-01 0.00e+00 0.00e+00 0.00e+00 0.00e+00 0.00e+00 0.00e+00 0.00e+00 0.00e+00 0.00e+00 0.00e+00 0.00e+00 0.00e+00 -5.46e-01 
4.56e-02 7.04e-01 5.36e-01 -6.83e-01 1.00e+00 -6.49e-01 0.00e+00 0.00e+00 0.00e+00 0.00e+00 0.00e+00 0.00e+00 0.00e+00 0.00e+00 0.00e+00 0.00e+00 0.00e+00 0.00e+00 4.21e-01 
3.60e-01 -5.97e-01 -5.36e-01 6.40e-01 -6.49e-01 1.00e+00 0.00e+00 0.00e+00 0.00e+00 0.00e+00 0.00e+00 0.00e+00 0.00e+00 0.00e+00 0.00e+00 0.00e+00 0.00e+00 0.00e+00 -5.20e-01 
0.00e+00 0.00e+00 0.00e+00 0.00e+00 0.00e+00 0.00e+00 1.00e+00 -2.22e-03 -6.27e-01 6.21e-01 -1.68e-01 7.73e-02 0.00e+00 0.00e+00 0.00e+00 0.00e+00 0.00e+00 0.00e+00 -9.72e-02 
0.00e+00 0.00e+00 0.00e+00 0.00e+00 0.00e+00 0.00e+00 -2.22e-03 1.00e+00 6.91e-01 -6.95e-01 3.23e-01 -8.85e-01 0.00e+00 0.00e+00 0.00e+00 0.00e+00 0.00e+00 0.00e+00 5.92e-01 
0.00e+00 0.00e+00 0.00e+00 0.00e+00 0.00e+00 0.00e+00 -6.27e-01 6.91e-01 1.00e+00 -1.00e+00 6.24e-01 -5.92e-01 0.00e+00 0.00e+00 0.00e+00 0.00e+00 0.00e+00 0.00e+00 4.62e-01 
0.00e+00 0.00e+00 0.00e+00 0.00e+00 0.00e+00 0.00e+00 6.21e-01 -6.95e-01 -1.00e+00 1.00e+00 -6.26e-01 5.93e-01 0.00e+00 0.00e+00 0.00e+00 0.00e+00 0.00e+00 0.00e+00 -4.63e-01 
0.00e+00 0.00e+00 0.00e+00 0.00e+00 0.00e+00 0.00e+00 -1.68e-01 3.23e-01 6.24e-01 -6.26e-01 1.00e+00 -3.18e-01 0.00e+00 0.00e+00 0.00e+00 0.00e+00 0.00e+00 0.00e+00 3.29e-01 
0.00e+00 0.00e+00 0.00e+00 0.00e+00 0.00e+00 0.00e+00 7.73e-02 -8.85e-01 -5.92e-01 5.93e-01 -3.18e-01 1.00e+00 0.00e+00 0.00e+00 0.00e+00 0.00e+00 0.00e+00 0.00e+00 -6.65e-01 
0.00e+00 0.00e+00 0.00e+00 0.00e+00 0.00e+00 0.00e+00 0.00e+00 0.00e+00 0.00e+00 0.00e+00 0.00e+00 0.00e+00 1.00e+00 -7.60e-01 -8.75e-01 8.58e-01 7.65e-01 4.95e-01 -1.33e-01 
0.00e+00 0.00e+00 0.00e+00 0.00e+00 0.00e+00 0.00e+00 0.00e+00 0.00e+00 0.00e+00 0.00e+00 0.00e+00 0.00e+00 -7.60e-01 1.00e+00 6.86e-01 -6.28e-01 -3.21e-01 -4.66e-01 1.26e-01 
0.00e+00 0.00e+00 0.00e+00 0.00e+00 0.00e+00 0.00e+00 0.00e+00 0.00e+00 0.00e+00 0.00e+00 0.00e+00 0.00e+00 -8.75e-01 6.86e-01 1.00e+00 -9.95e-01 -7.45e-01 -6.18e-01 1.30e-01 
0.00e+00 0.00e+00 0.00e+00 0.00e+00 0.00e+00 0.00e+00 0.00e+00 0.00e+00 0.00e+00 0.00e+00 0.00e+00 0.00e+00 8.58e-01 -6.28e-01 -9.95e-01 1.00e+00 7.71e-01 6.28e-01 -1.23e-01 
0.00e+00 0.00e+00 0.00e+00 0.00e+00 0.00e+00 0.00e+00 0.00e+00 0.00e+00 0.00e+00 0.00e+00 0.00e+00 0.00e+00 7.65e-01 -3.21e-01 -7.45e-01 7.71e-01 1.00e+00 2.47e-01 -6.96e-02 
0.00e+00 0.00e+00 0.00e+00 0.00e+00 0.00e+00 0.00e+00 0.00e+00 0.00e+00 0.00e+00 0.00e+00 0.00e+00 0.00e+00 4.95e-01 -4.66e-01 -6.18e-01 6.28e-01 2.47e-01 1.00e+00 -7.72e-02 
-4.37e-01 2.86e-01 5.06e-01 -5.46e-01 4.21e-01 -5.20e-01 -9.72e-02 5.92e-01 4.62e-01 -4.63e-01 3.29e-01 -6.65e-01 -1.33e-01 1.26e-01 1.30e-01 -1.23e-01 -6.96e-02 -7.72e-02 1.00e+00 


------------ITERATION 21 -----------------

ERROR SUM: 799.015

1.26e-01 8.83e-01 7.01e+01 2.33e+02 1.37e+02 2.00e+03 1.38e-01 8.24e-01 2.08e+01 1.05e+02 1.69e+02 2.00e+03 1.09e-01 7.54e-01 1.26e+02 1.21e+02 1.43e+02 2.01e+03 8.53e+36 


-3.7171e-01 2.2635e-01 3.9895e-01 -4.2514e-01 3.0638e-01 -4.3187e-01 -1.3133e-02 4.0099e-01 2.8431e-01 -2.8562e-01 2.2622e-01 -4.4638e-01 -8.6799e-02 8.4642e-02 8.5542e-02 -7.5185e-02 -4.0752e-02 -5.9430e-02 7.2579e-01 


1.00e+00 -1.30e-01 -7.20e-01 6.21e-01 4.54e-02 3.60e-01 0.00e+00 0.00e+00 0.00e+00 0.00e+00 0.00e+00 0.00e+00 0.00e+00 0.00e+00 0.00e+00 0.00e+00 0.00e+00 0.00e+00 -4.37e-01 
-1.30e-01 1.00e+00 5.78e-01 -6.82e-01 7.05e-01 -5.97e-01 0.00e+00 0.00e+00 0.00e+00 0.00e+00 0.00e+00 0.00e+00 0.00e+00 0.00e+00 0.00e+00 0.00e+00 0.00e+00 0.00e+00 2.87e-01 
-7.20e-01 5.78e-01 1.00e+00 -9.79e-01 5.36e-01 -5.36e-01 0.00e+00 0.00e+00 0.00e+00 0.00e+00 0.00e+00 0.00e+00 0.00e+00 0.00e+00 0.00e+00 0.00e+00 0.00e+00 0.00e+00 5.06e-01 
6.21e-01 -6.82e-01 -9.79e-01 1.00e+00 -6.83e-01 6.40e-01 0.00e+00 0.00e+00 0.00e+00 0.00e+00 0.00e+00 0.00e+00 0.00e+00 0.00e+00 0.00e+00 0.00e+00 0.00e+00 0.00e+00 -5.46e-01 
4.54e-02 7.05e-01 5.36e-01 -6.83e-01 1.00e+00 -6.49e-01 0.00e+00 0.00e+00 0.00e+00 0.00e+00 0.00e+00 0.00e+00 0.00e+00 0.00e+00 0.00e+00 0.00e+00 0.00e+00 0.00e+00 4.21e-01 
3.60e-01 -5.97e-01 -5.36e-01 6.40e-01 -6.49e-01 1.00e+00 0.00e+00 0.00e+00 0.00e+00 0.00e+00 0.00e+00 0.00e+00 0.00e+00 0.00e+00 0.00e+00 0.00e+00 0.00e+00 0.00e+00 -5.20e-01 
0.00e+00 0.00e+00 0.00e+00 0.00e+00 0.00e+00 0.00e+00 1.00e+00 -2.41e-03 -6.27e-01 6.21e-01 -1.68e-01 7.73e-02 0.00e+00 0.00e+00 0.00e+00 0.00e+00 0.00e+00 0.00e+00 -9.71e-02 
0.00e+00 0.00e+00 0.00e+00 0.00e+00 0.00e+00 0.00e+00 -2.41e-03 1.00e+00 6.91e-01 -6.95e-01 3.23e-01 -8.85e-01 0.00e+00 0.00e+00 0.00e+00 0.00e+00 0.00e+00 0.00e+00 5.92e-01 
0.00e+00 0.00e+00 0.00e+00 0.00e+00 0.00e+00 0.00e+00 -6.27e-01 6.91e-01 1.00e+00 -1.00e+00 6.24e-01 -5.92e-01 0.00e+00 0.00e+00 0.00e+00 0.00e+00 0.00e+00 0.00e+00 4.62e-01 
0.00e+00 0.00e+00 0.00e+00 0.00e+00 0.00e+00 0.00e+00 6.21e-01 -6.95e-01 -1.00e+00 1.00e+00 -6.26e-01 5.93e-01 0.00e+00 0.00e+00 0.00e+00 0.00e+00 0.00e+00 0.00e+00 -4.63e-01 
0.00e+00 0.00e+00 0.00e+00 0.00e+00 0.00e+00 0.00e+00 -1.68e-01 3.23e-01 6.24e-01 -6.26e-01 1.00e+00 -3.18e-01 0.00e+00 0.00e+00 0.00e+00 0.00e+00 0.00e+00 0.00e+00 3.29e-01 
0.00e+00 0.00e+00 0.00e+00 0.00e+00 0.00e+00 0.00e+00 7.73e-02 -8.85e-01 -5.92e-01 5.93e-01 -3.18e-01 1.00e+00 0.00e+00 0.00e+00 0.00e+00 0.00e+00 0.00e+00 0.00e+00 -6.65e-01 
0.00e+00 0.00e+00 0.00e+00 0.00e+00 0.00e+00 0.00e+00 0.00e+00 0.00e+00 0.00e+00 0.00e+00 0.00e+00 0.00e+00 1.00e+00 -7.60e-01 -8.75e-01 8.58e-01 7.64e-01 4.95e-01 -1.33e-01 
0.00e+00 0.00e+00 0.00e+00 0.00e+00 0.00e+00 0.00e+00 0.00e+00 0.00e+00 0.00e+00 0.00e+00 0.00e+00 0.00e+00 -7.60e-01 1.00e+00 6.87e-01 -6.28e-01 -3.20e-01 -4.66e-01 1.26e-01 
0.00e+00 0.00e+00 0.00e+00 0.00e+00 0.00e+00 0.00e+00 0.00e+00 0.00e+00 0.00e+00 0.00e+00 0.00e+00 0.00e+00 -8.75e-01 6.87e-01 1.00e+00 -9.95e-01 -7.44e-01 -6.17e-01 1.30e-01 
0.00e+00 0.00e+00 0.00e+00 0.00e+00 0.00e+00 0.00e+00 0.00e+00 0.00e+00 0.00e+00 0.00e+00 0.00e+00 0.00e+00 8.58e-01 -6.28e-01 -9.95e-01 1.00e+00 7.70e-01 6.28e-01 -1.23e-01 
0.00e+00 0.00e+00 0.00e+00 0.00e+00 0.00e+00 0.00e+00 0.00e+00 0.00e+00 0.00e+00 0.00e+00 0.00e+00 0.00e+00 7.64e-01 -3.20e-01 -7.44e-01 7.70e-01 1.00e+00 2.46e-01 -6.94e-02 
0.00e+00 0.00e+00 0.00e+00 0.00e+00 0.00e+00 0.00e+00 0.00e+00 0.00e+00 0.00e+00 0.00e+00 0.00e+00 0.00e+00 4.95e-01 -4.66e-01 -6.17e-01 6.28e-01 2.46e-01 1.00e+00 -7.72e-02 
-4.37e-01 2.87e-01 5.06e-01 -5.46e-01 4.21e-01 -5.20e-01 -9.71e-02 5.92e-01 4.62e-01 -4.63e-01 3.29e-01 -6.65e-01 -1.33e-01 1.26e-01 1.30e-01 -1.23e-01 -6.94e-02 -7.72e-02 1.00e+00 


------------ITERATION 22 -----------------

ERROR SUM: 798.817

1.26e-01 8.83e-01 7.01e+01 2.33e+02 1.37e+02 2.00e+03 1.38e-01 8.24e-01 2.08e+01 1.05e+02 1.69e+02 2.00e+03 1.09e-01 7.54e-01 1.26e+02 1.21e+02 1.43e+02 2.01e+03 8.53e+36 


-2.9755e-01 1.8119e-01 3.1925e-01 -3.4018e-01 2.4510e-01 -3.4559e-01 -1.0528e-02 3.2075e-01 2.2744e-01 -2.2848e-01 1.8099e-01 -3.5708e-01 -6.9129e-02 6.7310e-02 6.8436e-02 -5.9779e-02 -3.2850e-02 -4.8057e-02 5.8068e-01 


1.00e+00 -1.31e-01 -7.20e-01 6.21e-01 4.52e-02 3.60e-01 0.00e+00 0.00e+00 0.00e+00 0.00e+00 0.00e+00 0.00e+00 0.00e+00 0.00e+00 0.00e+00 0.00e+00 0.00e+00 0.00e+00 -4.37e-01 
-1.31e-01 1.00e+00 5.78e-01 -6.82e-01 7.05e-01 -5.97e-01 0.00e+00 0.00e+00 0.00e+00 0.00e+00 0.00e+00 0.00e+00 0.00e+00 0.00e+00 0.00e+00 0.00e+00 0.00e+00 0.00e+00 2.87e-01 
-7.20e-01 5.78e-01 1.00e+00 -9.79e-01 5.36e-01 -5.36e-01 0.00e+00 0.00e+00 0.00e+00 0.00e+00 0.00e+00 0.00e+00 0.00e+00 0.00e+00 0.00e+00 0.00e+00 0.00e+00 0.00e+00 5.06e-01 
6.21e-01 -6.82e-01 -9.79e-01 1.00e+00 -6.83e-01 6.40e-01 0.00e+00 0.00e+00 0.00e+00 0.00e+00 0.00e+00 0.00e+00 0.00e+00 0.00e+00 0.00e+00 0.00e+00 0.00e+00 0.00e+00 -5.46e-01 
4.52e-02 7.05e-01 5.36e-01 -6.83e-01 1.00e+00 -6.50e-01 0.00e+00 0.00e+00 0.00e+00 0.00e+00 0.00e+00 0.00e+00 0.00e+00 0.00e+00 0.00e+00 0.00e+00 0.00e+00 0.00e+00 4.22e-01 
3.60e-01 -5.97e-01 -5.36e-01 6.40e-01 -6.50e-01 1.00e+00 0.00e+00 0.00e+00 0.00e+00 0.00e+00 0.00e+00 0.00e+00 0.00e+00 0.00e+00 0.00e+00 0.00e+00 0.00e+00 0.00e+00 -5.20e-01 
0.00e+00 0.00e+00 0.00e+00 0.00e+00 0.00e+00 0.00e+00 1.00e+00 -2.55e-03 -6.27e-01 6.21e-01 -1.68e-01 7.72e-02 0.00e+00 0.00e+00 0.00e+00 0.00e+00 0.00e+00 0.00e+00 -9.71e-02 
0.00e+00 0.00e+00 0.00e+00 0.00e+00 0.00e+00 0.00e+00 -2.55e-03 1.00e+00 6.91e-01 -6.95e-01 3.23e-01 -8.85e-01 0.00e+00 0.00e+00 0.00e+00 0.00e+00 0.00e+00 0.00e+00 5.92e-01 
0.00e+00 0.00e+00 0.00e+00 0.00e+00 0.00e+00 0.00e+00 -6.27e-01 6.91e-01 1.00e+00 -1.00e+00 6.24e-01 -5.92e-01 0.00e+00 0.00e+00 0.00e+00 0.00e+00 0.00e+00 0.00e+00 4.62e-01 
0.00e+00 0.00e+00 0.00e+00 0.00e+00 0.00e+00 0.00e+00 6.21e-01 -6.95e-01 -1.00e+00 1.00e+00 -6.26e-01 5.93e-01 0.00e+00 0.00e+00 0.00e+00 0.00e+00 0.00e+00 0.00e+00 -4.63e-01 
0.00e+00 0.00e+00 0.00e+00 0.00e+00 0.00e+00 0.00e+00 -1.68e-01 3.23e-01 6.24e-01 -6.26e-01 1.00e+00 -3.18e-01 0.00e+00 0.00e+00 0.00e+00 0.00e+00 0.00e+00 0.00e+00 3.30e-01 
0.00e+00 0.00e+00 0.00e+00 0.00e+00 0.00e+00 0.00e+00 7.72e-02 -8.85e-01 -5.92e-01 5.93e-01 -3.18e-01 1.00e+00 0.00e+00 0.00e+00 0.00e+00 0.00e+00 0.00e+00 0.00e+00 -6.65e-01 
0.00e+00 0.00e+00 0.00e+00 0.00e+00 0.00e+00 0.00e+00 0.00e+00 0.00e+00 0.00e+00 0.00e+00 0.00e+00 0.00e+00 1.00e+00 -7.60e-01 -8.75e-01 8.58e-01 7.63e-01 4.95e-01 -1.33e-01 
0.00e+00 0.00e+00 0.00e+00 0.00e+00 0.00e+00 0.00e+00 0.00e+00 0.00e+00 0.00e+00 0.00e+00 0.00e+00 0.00e+00 -7.60e-01 1.00e+00 6.87e-01 -6.29e-01 -3.19e-01 -4.66e-01 1.26e-01 
0.00e+00 0.00e+00 0.00e+00 0.00e+00 0.00e+00 0.00e+00 0.00e+00 0.00e+00 0.00e+00 0.00e+00 0.00e+00 0.00e+00 -8.75e-01 6.87e-01 1.00e+00 -9.95e-01 -7.44e-01 -6.17e-01 1.30e-01 
0.00e+00 0.00e+00 0.00e+00 0.00e+00 0.00e+00 0.00e+00 0.00e+00 0.00e+00 0.00e+00 0.00e+00 0.00e+00 0.00e+00 8.58e-01 -6.29e-01 -9.95e-01 1.00e+00 7.69e-01 6.28e-01 -1.23e-01 
0.00e+00 0.00e+00 0.00e+00 0.00e+00 0.00e+00 0.00e+00 0.00e+00 0.00e+00 0.00e+00 0.00e+00 0.00e+00 0.00e+00 7.63e-01 -3.19e-01 -7.44e-01 7.69e-01 1.00e+00 2.46e-01 -6.92e-02 
0.00e+00 0.00e+00 0.00e+00 0.00e+00 0.00e+00 0.00e+00 0.00e+00 0.00e+00 0.00e+00 0.00e+00 0.00e+00 0.00e+00 4.95e-01 -4.66e-01 -6.17e-01 6.28e-01 2.46e-01 1.00e+00 -7.72e-02 
-4.37e-01 2.87e-01 5.06e-01 -5.46e-01 4.22e-01 -5.20e-01 -9.71e-02 5.92e-01 4.62e-01 -4.63e-01 3.30e-01 -6.65e-01 -1.33e-01 1.26e-01 1.30e-01 -1.23e-01 -6.92e-02 -7.72e-02 1.00e+00 


------------ITERATION 23 -----------------

ERROR SUM: 798.69

1.26e-01 8.83e-01 7.01e+01 2.33e+02 1.37e+02 2.00e+03 1.38e-01 8.24e-01 2.08e+01 1.05e+02 1.69e+02 2.00e+03 1.09e-01 7.54e-01 1.26e+02 1.21e+02 1.43e+02 2.01e+03 8.52e+36 


-2.3818e-01 1.4502e-01 2.5547e-01 -2.7220e-01 1.9608e-01 -2.7655e-01 -8.4337e-03 2.5656e-01 1.8194e-01 -1.8277e-01 1.4480e-01 -2.8564e-01 -5.5029e-02 5.3489e-02 5.4751e-02 -4.7496e-02 -2.6532e-02 -3.8896e-02 4.6458e-01 


1.00e+00 -1.31e-01 -7.20e-01 6.21e-01 4.51e-02 3.60e-01 0.00e+00 0.00e+00 0.00e+00 0.00e+00 0.00e+00 0.00e+00 0.00e+00 0.00e+00 0.00e+00 0.00e+00 0.00e+00 0.00e+00 -4.36e-01 
-1.31e-01 1.00e+00 5.78e-01 -6.82e-01 7.05e-01 -5.98e-01 0.00e+00 0.00e+00 0.00e+00 0.00e+00 0.00e+00 0.00e+00 0.00e+00 0.00e+00 0.00e+00 0.00e+00 0.00e+00 0.00e+00 2.87e-01 
-7.20e-01 5.78e-01 1.00e+00 -9.79e-01 5.36e-01 -5.36e-01 0.00e+00 0.00e+00 0.00e+00 0.00e+00 0.00e+00 0.00e+00 0.00e+00 0.00e+00 0.00e+00 0.00e+00 0.00e+00 0.00e+00 5.06e-01 
6.21e-01 -6.82e-01 -9.79e-01 1.00e+00 -6.84e-01 6.40e-01 0.00e+00 0.00e+00 0.00e+00 0.00e+00 0.00e+00 0.00e+00 0.00e+00 0.00e+00 0.00e+00 0.00e+00 0.00e+00 0.00e+00 -5.46e-01 
4.51e-02 7.05e-01 5.36e-01 -6.84e-01 1.00e+00 -6.50e-01 0.00e+00 0.00e+00 0.00e+00 0.00e+00 0.00e+00 0.00e+00 0.00e+00 0.00e+00 0.00e+00 0.00e+00 0.00e+00 0.00e+00 4.22e-01 
3.60e-01 -5.98e-01 -5.36e-01 6.40e-01 -6.50e-01 1.00e+00 0.00e+00 0.00e+00 0.00e+00 0.00e+00 0.00e+00 0.00e+00 0.00e+00 0.00e+00 0.00e+00 0.00e+00 0.00e+00 0.00e+00 -5.20e-01 
0.00e+00 0.00e+00 0.00e+00 0.00e+00 0.00e+00 0.00e+00 1.00e+00 -2.67e-03 -6.27e-01 6.21e-01 -1.68e-01 7.72e-02 0.00e+00 0.00e+00 0.00e+00 0.00e+00 0.00e+00 0.00e+00 -9.70e-02 
0.00e+00 0.00e+00 0.00e+00 0.00e+00 0.00e+00 0.00e+00 -2.67e-03 1.00e+00 6.91e-01 -6.95e-01 3.23e-01 -8.85e-01 0.00e+00 0.00e+00 0.00e+00 0.00e+00 0.00e+00 0.00e+00 5.92e-01 
0.00e+00 0.00e+00 0.00e+00 0.00e+00 0.00e+00 0.00e+00 -6.27e-01 6.91e-01 1.00e+00 -1.00e+00 6.24e-01 -5.92e-01 0.00e+00 0.00e+00 0.00e+00 0.00e+00 0.00e+00 0.00e+00 4.62e-01 
0.00e+00 0.00e+00 0.00e+00 0.00e+00 0.00e+00 0.00e+00 6.21e-01 -6.95e-01 -1.00e+00 1.00e+00 -6.26e-01 5.93e-01 0.00e+00 0.00e+00 0.00e+00 0.00e+00 0.00e+00 0.00e+00 -4.63e-01 
0.00e+00 0.00e+00 0.00e+00 0.00e+00 0.00e+00 0.00e+00 -1.68e-01 3.23e-01 6.24e-01 -6.26e-01 1.00e+00 -3.18e-01 0.00e+00 0.00e+00 0.00e+00 0.00e+00 0.00e+00 0.00e+00 3.30e-01 
0.00e+00 0.00e+00 0.00e+00 0.00e+00 0.00e+00 0.00e+00 7.72e-02 -8.85e-01 -5.92e-01 5.93e-01 -3.18e-01 1.00e+00 0.00e+00 0.00e+00 0.00e+00 0.00e+00 0.00e+00 0.00e+00 -6.66e-01 
0.00e+00 0.00e+00 0.00e+00 0.00e+00 0.00e+00 0.00e+00 0.00e+00 0.00e+00 0.00e+00 0.00e+00 0.00e+00 0.00e+00 1.00e+00 -7.61e-01 -8.75e-01 8.58e-01 7.63e-01 4.95e-01 -1.33e-01 
0.00e+00 0.00e+00 0.00e+00 0.00e+00 0.00e+00 0.00e+00 0.00e+00 0.00e+00 0.00e+00 0.00e+00 0.00e+00 0.00e+00 -7.61e-01 1.00e+00 6.87e-01 -6.29e-01 -3.19e-01 -4.66e-01 1.26e-01 
0.00e+00 0.00e+00 0.00e+00 0.00e+00 0.00e+00 0.00e+00 0.00e+00 0.00e+00 0.00e+00 0.00e+00 0.00e+00 0.00e+00 -8.75e-01 6.87e-01 1.00e+00 -9.95e-01 -7.43e-01 -6.17e-01 1.30e-01 
0.00e+00 0.00e+00 0.00e+00 0.00e+00 0.00e+00 0.00e+00 0.00e+00 0.00e+00 0.00e+00 0.00e+00 0.00e+00 0.00e+00 8.58e-01 -6.29e-01 -9.95e-01 1.00e+00 7.69e-01 6.28e-01 -1.23e-01 
0.00e+00 0.00e+00 0.00e+00 0.00e+00 0.00e+00 0.00e+00 0.00e+00 0.00e+00 0.00e+00 0.00e+00 0.00e+00 0.00e+00 7.63e-01 -3.19e-01 -7.43e-01 7.69e-01 1.00e+00 2.46e-01 -6.91e-02 
0.00e+00 0.00e+00 0.00e+00 0.00e+00 0.00e+00 0.00e+00 0.00e+00 0.00e+00 0.00e+00 0.00e+00 0.00e+00 0.00e+00 4.95e-01 -4.66e-01 -6.17e-01 6.28e-01 2.46e-01 1.00e+00 -7.72e-02 
-4.36e-01 2.87e-01 5.06e-01 -5.46e-01 4.22e-01 -5.20e-01 -9.70e-02 5.92e-01 4.62e-01 -4.63e-01 3.30e-01 -6.66e-01 -1.33e-01 1.26e-01 1.30e-01 -1.23e-01 -6.91e-02 -7.72e-02 1.00e+00 


------------ITERATION 24 -----------------

ERROR SUM: 798.609

1.26e-01 8.83e-01 7.01e+01 2.33e+02 1.37e+02 2.00e+03 1.38e-01 8.24e-01 2.08e+01 1.05e+02 1.69e+02 2.00e+03 1.09e-01 7.54e-01 1.26e+02 1.21e+02 1.43e+02 2.01e+03 8.52e+36 


-1.9066e-01 1.1606e-01 2.0443e-01 -2.1780e-01 1.5687e-01 -2.2131e-01 -6.7519e-03 2.0523e-01 1.4554e-01 -1.4620e-01 1.1585e-01 -2.2850e-01 -4.3781e-02 4.2474e-02 4.3801e-02 -3.7708e-02 -2.1471e-02 -3.1510e-02 3.7170e-01 


1.00e+00 -1.31e-01 -7.20e-01 6.21e-01 4.50e-02 3.60e-01 0.00e+00 0.00e+00 0.00e+00 0.00e+00 0.00e+00 0.00e+00 0.00e+00 0.00e+00 0.00e+00 0.00e+00 0.00e+00 0.00e+00 -4.36e-01 
-1.31e-01 1.00e+00 5.78e-01 -6.82e-01 7.05e-01 -5.98e-01 0.00e+00 0.00e+00 0.00e+00 0.00e+00 0.00e+00 0.00e+00 0.00e+00 0.00e+00 0.00e+00 0.00e+00 0.00e+00 0.00e+00 2.87e-01 
-7.20e-01 5.78e-01 1.00e+00 -9.79e-01 5.36e-01 -5.36e-01 0.00e+00 0.00e+00 0.00e+00 0.00e+00 0.00e+00 0.00e+00 0.00e+00 0.00e+00 0.00e+00 0.00e+00 0.00e+00 0.00e+00 5.06e-01 
6.21e-01 -6.82e-01 -9.79e-01 1.00e+00 -6.84e-01 6.40e-01 0.00e+00 0.00e+00 0.00e+00 0.00e+00 0.00e+00 0.00e+00 0.00e+00 0.00e+00 0.00e+00 0.00e+00 0.00e+00 0.00e+00 -5.46e-01 
4.50e-02 7.05e-01 5.36e-01 -6.84e-01 1.00e+00 -6.50e-01 0.00e+00 0.00e+00 0.00e+00 0.00e+00 0.00e+00 0.00e+00 0.00e+00 0.00e+00 0.00e+00 0.00e+00 0.00e+00 0.00e+00 4.22e-01 
3.60e-01 -5.98e-01 -5.36e-01 6.40e-01 -6.50e-01 1.00e+00 0.00e+00 0.00e+00 0.00e+00 0.00e+00 0.00e+00 0.00e+00 0.00e+00 0.00e+00 0.00e+00 0.00e+00 0.00e+00 0.00e+00 -5.20e-01 
0.00e+00 0.00e+00 0.00e+00 0.00e+00 0.00e+00 0.00e+00 1.00e+00 -2.77e-03 -6.27e-01 6.21e-01 -1.68e-01 7.72e-02 0.00e+00 0.00e+00 0.00e+00 0.00e+00 0.00e+00 0.00e+00 -9.70e-02 
0.00e+00 0.00e+00 0.00e+00 0.00e+00 0.00e+00 0.00e+00 -2.77e-03 1.00e+00 6.91e-01 -6.95e-01 3.23e-01 -8.85e-01 0.00e+00 0.00e+00 0.00e+00 0.00e+00 0.00e+00 0.00e+00 5.92e-01 
0.00e+00 0.00e+00 0.00e+00 0.00e+00 0.00e+00 0.00e+00 -6.27e-01 6.91e-01 1.00e+00 -1.00e+00 6.24e-01 -5.92e-01 0.00e+00 0.00e+00 0.00e+00 0.00e+00 0.00e+00 0.00e+00 4.62e-01 
0.00e+00 0.00e+00 0.00e+00 0.00e+00 0.00e+00 0.00e+00 6.21e-01 -6.95e-01 -1.00e+00 1.00e+00 -6.26e-01 5.93e-01 0.00e+00 0.00e+00 0.00e+00 0.00e+00 0.00e+00 0.00e+00 -4.63e-01 
0.00e+00 0.00e+00 0.00e+00 0.00e+00 0.00e+00 0.00e+00 -1.68e-01 3.23e-01 6.24e-01 -6.26e-01 1.00e+00 -3.18e-01 0.00e+00 0.00e+00 0.00e+00 0.00e+00 0.00e+00 0.00e+00 3.30e-01 
0.00e+00 0.00e+00 0.00e+00 0.00e+00 0.00e+00 0.00e+00 7.72e-02 -8.85e-01 -5.92e-01 5.93e-01 -3.18e-01 1.00e+00 0.00e+00 0.00e+00 0.00e+00 0.00e+00 0.00e+00 0.00e+00 -6.66e-01 
0.00e+00 0.00e+00 0.00e+00 0.00e+00 0.00e+00 0.00e+00 0.00e+00 0.00e+00 0.00e+00 0.00e+00 0.00e+00 0.00e+00 1.00e+00 -7.61e-01 -8.75e-01 8.58e-01 7.62e-01 4.95e-01 -1.33e-01 
0.00e+00 0.00e+00 0.00e+00 0.00e+00 0.00e+00 0.00e+00 0.00e+00 0.00e+00 0.00e+00 0.00e+00 0.00e+00 0.00e+00 -7.61e-01 1.00e+00 6.87e-01 -6.29e-01 -3.18e-01 -4.66e-01 1.26e-01 
0.00e+00 0.00e+00 0.00e+00 0.00e+00 0.00e+00 0.00e+00 0.00e+00 0.00e+00 0.00e+00 0.00e+00 0.00e+00 0.00e+00 -8.75e-01 6.87e-01 1.00e+00 -9.95e-01 -7.43e-01 -6.17e-01 1.30e-01 
0.00e+00 0.00e+00 0.00e+00 0.00e+00 0.00e+00 0.00e+00 0.00e+00 0.00e+00 0.00e+00 0.00e+00 0.00e+00 0.00e+00 8.58e-01 -6.29e-01 -9.95e-01 1.00e+00 7.68e-01 6.28e-01 -1.23e-01 
0.00e+00 0.00e+00 0.00e+00 0.00e+00 0.00e+00 0.00e+00 0.00e+00 0.00e+00 0.00e+00 0.00e+00 0.00e+00 0.00e+00 7.62e-01 -3.18e-01 -7.43e-01 7.68e-01 1.00e+00 2.45e-01 -6.90e-02 
0.00e+00 0.00e+00 0.00e+00 0.00e+00 0.00e+00 0.00e+00 0.00e+00 0.00e+00 0.00e+00 0.00e+00 0.00e+00 0.00e+00 4.95e-01 -4.66e-01 -6.17e-01 6.28e-01 2.45e-01 1.00e+00 -7.72e-02 
-4.36e-01 2.87e-01 5.06e-01 -5.46e-01 4.22e-01 -5.20e-01 -9.70e-02 5.92e-01 4.62e-01 -4.63e-01 3.30e-01 -6.66e-01 -1.33e-01 1.26e-01 1.30e-01 -1.23e-01 -6.90e-02 -7.72e-02 1.00e+00 


------------ITERATION 25 -----------------

ERROR SUM: 798.556

1.26e-01 8.83e-01 7.00e+01 2.33e+02 1.37e+02 2.00e+03 1.38e-01 8.24e-01 2.08e+01 1.05e+02 1.69e+02 2.00e+03 1.09e-01 7.54e-01 1.26e+02 1.21e+02 1.43e+02 2.01e+03 8.52e+36 


-1.5261e-01 9.2881e-02 1.6359e-01 -1.7428e-01 1.2550e-01 -1.7711e-01 -5.4029e-03 1.6416e-01 1.1642e-01 -1.1695e-01 9.2689e-02 -1.8279e-01 -3.4810e-02 3.3697e-02 3.5040e-02 -2.9911e-02 -1.7410e-02 -2.5553e-02 2.9738e-01 


1.00e+00 -1.31e-01 -7.20e-01 6.21e-01 4.49e-02 3.60e-01 0.00e+00 0.00e+00 0.00e+00 0.00e+00 0.00e+00 0.00e+00 0.00e+00 0.00e+00 0.00e+00 0.00e+00 0.00e+00 0.00e+00 -4.36e-01 
-1.31e-01 1.00e+00 5.79e-01 -6.82e-01 7.05e-01 -5.98e-01 0.00e+00 0.00e+00 0.00e+00 0.00e+00 0.00e+00 0.00e+00 0.00e+00 0.00e+00 0.00e+00 0.00e+00 0.00e+00 0.00e+00 2.87e-01 
-7.20e-01 5.79e-01 1.00e+00 -9.79e-01 5.36e-01 -5.36e-01 0.00e+00 0.00e+00 0.00e+00 0.00e+00 0.00e+00 0.00e+00 0.00e+00 0.00e+00 0.00e+00 0.00e+00 0.00e+00 0.00e+00 5.06e-01 
6.21e-01 -6.82e-01 -9.79e-01 1.00e+00 -6.84e-01 6.40e-01 0.00e+00 0.00e+00 0.00e+00 0.00e+00 0.00e+00 0.00e+00 0.00e+00 0.00e+00 0.00e+00 0.00e+00 0.00e+00 0.00e+00 -5.46e-01 
4.49e-02 7.05e-01 5.36e-01 -6.84e-01 1.00e+00 -6.50e-01 0.00e+00 0.00e+00 0.00e+00 0.00e+00 0.00e+00 0.00e+00 0.00e+00 0.00e+00 0.00e+00 0.00e+00 0.00e+00 0.00e+00 4.22e-01 
3.60e-01 -5.98e-01 -5.36e-01 6.40e-01 -6.50e-01 1.00e+00 0.00e+00 0.00e+00 0.00e+00 0.00e+00 0.00e+00 0.00e+00 0.00e+00 0.00e+00 0.00e+00 0.00e+00 0.00e+00 0.00e+00 -5.20e-01 
0.00e+00 0.00e+00 0.00e+00 0.00e+00 0.00e+00 0.00e+00 1.00e+00 -2.84e-03 -6.27e-01 6.21e-01 -1.68e-01 7.72e-02 0.00e+00 0.00e+00 0.00e+00 0.00e+00 0.00e+00 0.00e+00 -9.69e-02 
0.00e+00 0.00e+00 0.00e+00 0.00e+00 0.00e+00 0.00e+00 -2.84e-03 1.00e+00 6.91e-01 -6.95e-01 3.23e-01 -8.85e-01 0.00e+00 0.00e+00 0.00e+00 0.00e+00 0.00e+00 0.00e+00 5.93e-01 
0.00e+00 0.00e+00 0.00e+00 0.00e+00 0.00e+00 0.00e+00 -6.27e-01 6.91e-01 1.00e+00 -1.00e+00 6.24e-01 -5.92e-01 0.00e+00 0.00e+00 0.00e+00 0.00e+00 0.00e+00 0.00e+00 4.62e-01 
0.00e+00 0.00e+00 0.00e+00 0.00e+00 0.00e+00 0.00e+00 6.21e-01 -6.95e-01 -1.00e+00 1.00e+00 -6.26e-01 5.93e-01 0.00e+00 0.00e+00 0.00e+00 0.00e+00 0.00e+00 0.00e+00 -4.63e-01 
0.00e+00 0.00e+00 0.00e+00 0.00e+00 0.00e+00 0.00e+00 -1.68e-01 3.23e-01 6.24e-01 -6.26e-01 1.00e+00 -3.18e-01 0.00e+00 0.00e+00 0.00e+00 0.00e+00 0.00e+00 0.00e+00 3.30e-01 
0.00e+00 0.00e+00 0.00e+00 0.00e+00 0.00e+00 0.00e+00 7.72e-02 -8.85e-01 -5.92e-01 5.93e-01 -3.18e-01 1.00e+00 0.00e+00 0.00e+00 0.00e+00 0.00e+00 0.00e+00 0.00e+00 -6.66e-01 
0.00e+00 0.00e+00 0.00e+00 0.00e+00 0.00e+00 0.00e+00 0.00e+00 0.00e+00 0.00e+00 0.00e+00 0.00e+00 0.00e+00 1.00e+00 -7.61e-01 -8.75e-01 8.58e-01 7.62e-01 4.95e-01 -1.33e-01 
0.00e+00 0.00e+00 0.00e+00 0.00e+00 0.00e+00 0.00e+00 0.00e+00 0.00e+00 0.00e+00 0.00e+00 0.00e+00 0.00e+00 -7.61e-01 1.00e+00 6.87e-01 -6.29e-01 -3.17e-01 -4.66e-01 1.26e-01 
0.00e+00 0.00e+00 0.00e+00 0.00e+00 0.00e+00 0.00e+00 0.00e+00 0.00e+00 0.00e+00 0.00e+00 0.00e+00 0.00e+00 -8.75e-01 6.87e-01 1.00e+00 -9.95e-01 -7.42e-01 -6.17e-01 1.30e-01 
0.00e+00 0.00e+00 0.00e+00 0.00e+00 0.00e+00 0.00e+00 0.00e+00 0.00e+00 0.00e+00 0.00e+00 0.00e+00 0.00e+00 8.58e-01 -6.29e-01 -9.95e-01 1.00e+00 7.68e-01 6.28e-01 -1.23e-01 
0.00e+00 0.00e+00 0.00e+00 0.00e+00 0.00e+00 0.00e+00 0.00e+00 0.00e+00 0.00e+00 0.00e+00 0.00e+00 0.00e+00 7.62e-01 -3.17e-01 -7.42e-01 7.68e-01 1.00e+00 2.45e-01 -6.88e-02 
0.00e+00 0.00e+00 0.00e+00 0.00e+00 0.00e+00 0.00e+00 0.00e+00 0.00e+00 0.00e+00 0.00e+00 0.00e+00 0.00e+00 4.95e-01 -4.66e-01 -6.17e-01 6.28e-01 2.45e-01 1.00e+00 -7.72e-02 
-4.36e-01 2.87e-01 5.06e-01 -5.46e-01 4.22e-01 -5.20e-01 -9.69e-02 5.93e-01 4.62e-01 -4.63e-01 3.30e-01 -6.66e-01 -1.33e-01 1.26e-01 1.30e-01 -1.23e-01 -6.88e-02 -7.72e-02 1.00e+00 


------------ITERATION 26 -----------------

ERROR SUM: 798.522

1.26e-01 8.83e-01 7.00e+01 2.33e+02 1.37e+02 2.00e+03 1.38e-01 8.24e-01 2.08e+01 1.05e+02 1.69e+02 2.00e+03 1.09e-01 7.54e-01 1.26e+02 1.21e+02 1.43e+02 2.01e+03 8.52e+36 


-1.2216e-01 7.4327e-02 1.3091e-01 -1.3945e-01 1.0040e-01 -1.4173e-01 -4.3217e-03 1.3131e-01 9.3125e-02 -9.3551e-02 7.4158e-02 -1.4622e-01 -2.7659e-02 2.6708e-02 2.8030e-02 -2.3702e-02 -1.4147e-02 -2.0745e-02 2.3792e-01 


1.00e+00 -1.31e-01 -7.20e-01 6.21e-01 4.48e-02 3.60e-01 0.00e+00 0.00e+00 0.00e+00 0.00e+00 0.00e+00 0.00e+00 0.00e+00 0.00e+00 0.00e+00 0.00e+00 0.00e+00 0.00e+00 -4.36e-01 
-1.31e-01 1.00e+00 5.79e-01 -6.82e-01 7.05e-01 -5.98e-01 0.00e+00 0.00e+00 0.00e+00 0.00e+00 0.00e+00 0.00e+00 0.00e+00 0.00e+00 0.00e+00 0.00e+00 0.00e+00 0.00e+00 2.87e-01 
-7.20e-01 5.79e-01 1.00e+00 -9.79e-01 5.36e-01 -5.36e-01 0.00e+00 0.00e+00 0.00e+00 0.00e+00 0.00e+00 0.00e+00 0.00e+00 0.00e+00 0.00e+00 0.00e+00 0.00e+00 0.00e+00 5.06e-01 
6.21e-01 -6.82e-01 -9.79e-01 1.00e+00 -6.84e-01 6.40e-01 0.00e+00 0.00e+00 0.00e+00 0.00e+00 0.00e+00 0.00e+00 0.00e+00 0.00e+00 0.00e+00 0.00e+00 0.00e+00 0.00e+00 -5.46e-01 
4.48e-02 7.05e-01 5.36e-01 -6.84e-01 1.00e+00 -6.50e-01 0.00e+00 0.00e+00 0.00e+00 0.00e+00 0.00e+00 0.00e+00 0.00e+00 0.00e+00 0.00e+00 0.00e+00 0.00e+00 0.00e+00 4.22e-01 
3.60e-01 -5.98e-01 -5.36e-01 6.40e-01 -6.50e-01 1.00e+00 0.00e+00 0.00e+00 0.00e+00 0.00e+00 0.00e+00 0.00e+00 0.00e+00 0.00e+00 0.00e+00 0.00e+00 0.00e+00 0.00e+00 -5.20e-01 
0.00e+00 0.00e+00 0.00e+00 0.00e+00 0.00e+00 0.00e+00 1.00e+00 -2.90e-03 -6.27e-01 6.21e-01 -1.68e-01 7.71e-02 0.00e+00 0.00e+00 0.00e+00 0.00e+00 0.00e+00 0.00e+00 -9.69e-02 
0.00e+00 0.00e+00 0.00e+00 0.00e+00 0.00e+00 0.00e+00 -2.90e-03 1.00e+00 6.91e-01 -6.96e-01 3.23e-01 -8.85e-01 0.00e+00 0.00e+00 0.00e+00 0.00e+00 0.00e+00 0.00e+00 5.93e-01 
0.00e+00 0.00e+00 0.00e+00 0.00e+00 0.00e+00 0.00e+00 -6.27e-01 6.91e-01 1.00e+00 -1.00e+00 6.24e-01 -5.92e-01 0.00e+00 0.00e+00 0.00e+00 0.00e+00 0.00e+00 0.00e+00 4.62e-01 
0.00e+00 0.00e+00 0.00e+00 0.00e+00 0.00e+00 0.00e+00 6.21e-01 -6.96e-01 -1.00e+00 1.00e+00 -6.26e-01 5.93e-01 0.00e+00 0.00e+00 0.00e+00 0.00e+00 0.00e+00 0.00e+00 -4.63e-01 
0.00e+00 0.00e+00 0.00e+00 0.00e+00 0.00e+00 0.00e+00 -1.68e-01 3.23e-01 6.24e-01 -6.26e-01 1.00e+00 -3.18e-01 0.00e+00 0.00e+00 0.00e+00 0.00e+00 0.00e+00 0.00e+00 3.30e-01 
0.00e+00 0.00e+00 0.00e+00 0.00e+00 0.00e+00 0.00e+00 7.71e-02 -8.85e-01 -5.92e-01 5.93e-01 -3.18e-01 1.00e+00 0.00e+00 0.00e+00 0.00e+00 0.00e+00 0.00e+00 0.00e+00 -6.66e-01 
0.00e+00 0.00e+00 0.00e+00 0.00e+00 0.00e+00 0.00e+00 0.00e+00 0.00e+00 0.00e+00 0.00e+00 0.00e+00 0.00e+00 1.00e+00 -7.61e-01 -8.75e-01 8.58e-01 7.61e-01 4.95e-01 -1.33e-01 
0.00e+00 0.00e+00 0.00e+00 0.00e+00 0.00e+00 0.00e+00 0.00e+00 0.00e+00 0.00e+00 0.00e+00 0.00e+00 0.00e+00 -7.61e-01 1.00e+00 6.87e-01 -6.29e-01 -3.17e-01 -4.66e-01 1.26e-01 
0.00e+00 0.00e+00 0.00e+00 0.00e+00 0.00e+00 0.00e+00 0.00e+00 0.00e+00 0.00e+00 0.00e+00 0.00e+00 0.00e+00 -8.75e-01 6.87e-01 1.00e+00 -9.95e-01 -7.42e-01 -6.17e-01 1.30e-01 
0.00e+00 0.00e+00 0.00e+00 0.00e+00 0.00e+00 0.00e+00 0.00e+00 0.00e+00 0.00e+00 0.00e+00 0.00e+00 0.00e+00 8.58e-01 -6.29e-01 -9.95e-01 1.00e+00 7.67e-01 6.28e-01 -1.23e-01 
0.00e+00 0.00e+00 0.00e+00 0.00e+00 0.00e+00 0.00e+00 0.00e+00 0.00e+00 0.00e+00 0.00e+00 0.00e+00 0.00e+00 7.61e-01 -3.17e-01 -7.42e-01 7.67e-01 1.00e+00 2.45e-01 -6.87e-02 
0.00e+00 0.00e+00 0.00e+00 0.00e+00 0.00e+00 0.00e+00 0.00e+00 0.00e+00 0.00e+00 0.00e+00 0.00e+00 0.00e+00 4.95e-01 -4.66e-01 -6.17e-01 6.28e-01 2.45e-01 1.00e+00 -7.72e-02 
-4.36e-01 2.87e-01 5.06e-01 -5.46e-01 4.22e-01 -5.20e-01 -9.69e-02 5.93e-01 4.62e-01 -4.63e-01 3.30e-01 -6.66e-01 -1.33e-01 1.26e-01 1.30e-01 -1.23e-01 -6.87e-02 -7.72e-02 1.00e+00 


------------ITERATION 27 -----------------

ERROR SUM: 798.501

1.26e-01 8.83e-01 7.00e+01 2.33e+02 1.37e+02 2.00e+03 1.38e-01 8.24e-01 2.08e+01 1.05e+02 1.69e+02 2.00e+03 1.09e-01 7.54e-01 1.26e+02 1.21e+02 1.43e+02 2.01e+03 8.52e+36 


-9.7779e-02 5.9477e-02 1.0476e-01 -1.1158e-01 8.0323e-02 -1.1342e-01 -3.4559e-03 1.0504e-01 7.4492e-02 -7.4833e-02 5.9332e-02 -1.1697e-01 -2.1959e-02 2.1146e-02 2.2421e-02 -1.8761e-02 -1.1520e-02 -1.6861e-02 1.9034e-01 


1.00e+00 -1.31e-01 -7.20e-01 6.21e-01 4.48e-02 3.60e-01 0.00e+00 0.00e+00 0.00e+00 0.00e+00 0.00e+00 0.00e+00 0.00e+00 0.00e+00 0.00e+00 0.00e+00 0.00e+00 0.00e+00 -4.36e-01 
-1.31e-01 1.00e+00 5.79e-01 -6.82e-01 7.05e-01 -5.98e-01 0.00e+00 0.00e+00 0.00e+00 0.00e+00 0.00e+00 0.00e+00 0.00e+00 0.00e+00 0.00e+00 0.00e+00 0.00e+00 0.00e+00 2.87e-01 
-7.20e-01 5.79e-01 1.00e+00 -9.79e-01 5.36e-01 -5.36e-01 0.00e+00 0.00e+00 0.00e+00 0.00e+00 0.00e+00 0.00e+00 0.00e+00 0.00e+00 0.00e+00 0.00e+00 0.00e+00 0.00e+00 5.06e-01 
6.21e-01 -6.82e-01 -9.79e-01 1.00e+00 -6.84e-01 6.40e-01 0.00e+00 0.00e+00 0.00e+00 0.00e+00 0.00e+00 0.00e+00 0.00e+00 0.00e+00 0.00e+00 0.00e+00 0.00e+00 0.00e+00 -5.46e-01 
4.48e-02 7.05e-01 5.36e-01 -6.84e-01 1.00e+00 -6.50e-01 0.00e+00 0.00e+00 0.00e+00 0.00e+00 0.00e+00 0.00e+00 0.00e+00 0.00e+00 0.00e+00 0.00e+00 0.00e+00 0.00e+00 4.22e-01 
3.60e-01 -5.98e-01 -5.36e-01 6.40e-01 -6.50e-01 1.00e+00 0.00e+00 0.00e+00 0.00e+00 0.00e+00 0.00e+00 0.00e+00 0.00e+00 0.00e+00 0.00e+00 0.00e+00 0.00e+00 0.00e+00 -5.20e-01 
0.00e+00 0.00e+00 0.00e+00 0.00e+00 0.00e+00 0.00e+00 1.00e+00 -2.95e-03 -6.27e-01 6.21e-01 -1.68e-01 7.71e-02 0.00e+00 0.00e+00 0.00e+00 0.00e+00 0.00e+00 0.00e+00 -9.69e-02 
0.00e+00 0.00e+00 0.00e+00 0.00e+00 0.00e+00 0.00e+00 -2.95e-03 1.00e+00 6.92e-01 -6.96e-01 3.23e-01 -8.85e-01 0.00e+00 0.00e+00 0.00e+00 0.00e+00 0.00e+00 0.00e+00 5.93e-01 
0.00e+00 0.00e+00 0.00e+00 0.00e+00 0.00e+00 0.00e+00 -6.27e-01 6.92e-01 1.00e+00 -1.00e+00 6.24e-01 -5.92e-01 0.00e+00 0.00e+00 0.00e+00 0.00e+00 0.00e+00 0.00e+00 4.62e-01 
0.00e+00 0.00e+00 0.00e+00 0.00e+00 0.00e+00 0.00e+00 6.21e-01 -6.96e-01 -1.00e+00 1.00e+00 -6.26e-01 5.93e-01 0.00e+00 0.00e+00 0.00e+00 0.00e+00 0.00e+00 0.00e+00 -4.63e-01 
0.00e+00 0.00e+00 0.00e+00 0.00e+00 0.00e+00 0.00e+00 -1.68e-01 3.23e-01 6.24e-01 -6.26e-01 1.00e+00 -3.18e-01 0.00e+00 0.00e+00 0.00e+00 0.00e+00 0.00e+00 0.00e+00 3.30e-01 
0.00e+00 0.00e+00 0.00e+00 0.00e+00 0.00e+00 0.00e+00 7.71e-02 -8.85e-01 -5.92e-01 5.93e-01 -3.18e-01 1.00e+00 0.00e+00 0.00e+00 0.00e+00 0.00e+00 0.00e+00 0.00e+00 -6.66e-01 
0.00e+00 0.00e+00 0.00e+00 0.00e+00 0.00e+00 0.00e+00 0.00e+00 0.00e+00 0.00e+00 0.00e+00 0.00e+00 0.00e+00 1.00e+00 -7.61e-01 -8.75e-01 8.58e-01 7.61e-01 4.95e-01 -1.33e-01 
0.00e+00 0.00e+00 0.00e+00 0.00e+00 0.00e+00 0.00e+00 0.00e+00 0.00e+00 0.00e+00 0.00e+00 0.00e+00 0.00e+00 -7.61e-01 1.00e+00 6.87e-01 -6.29e-01 -3.16e-01 -4.66e-01 1.26e-01 
0.00e+00 0.00e+00 0.00e+00 0.00e+00 0.00e+00 0.00e+00 0.00e+00 0.00e+00 0.00e+00 0.00e+00 0.00e+00 0.00e+00 -8.75e-01 6.87e-01 1.00e+00 -9.95e-01 -7.41e-01 -6.17e-01 1.30e-01 
0.00e+00 0.00e+00 0.00e+00 0.00e+00 0.00e+00 0.00e+00 0.00e+00 0.00e+00 0.00e+00 0.00e+00 0.00e+00 0.00e+00 8.58e-01 -6.29e-01 -9.95e-01 1.00e+00 7.67e-01 6.28e-01 -1.23e-01 
0.00e+00 0.00e+00 0.00e+00 0.00e+00 0.00e+00 0.00e+00 0.00e+00 0.00e+00 0.00e+00 0.00e+00 0.00e+00 0.00e+00 7.61e-01 -3.16e-01 -7.41e-01 7.67e-01 1.00e+00 2.44e-01 -6.87e-02 
0.00e+00 0.00e+00 0.00e+00 0.00e+00 0.00e+00 0.00e+00 0.00e+00 0.00e+00 0.00e+00 0.00e+00 0.00e+00 0.00e+00 4.95e-01 -4.66e-01 -6.17e-01 6.28e-01 2.44e-01 1.00e+00 -7.72e-02 
-4.36e-01 2.87e-01 5.06e-01 -5.46e-01 4.22e-01 -5.20e-01 -9.69e-02 5.93e-01 4.62e-01 -4.63e-01 3.30e-01 -6.66e-01 -1.33e-01 1.26e-01 1.30e-01 -1.23e-01 -6.87e-02 -7.72e-02 1.00e+00 


------------ITERATION 28 -----------------

ERROR SUM: 798.486

1.26e-01 8.83e-01 7.00e+01 2.33e+02 1.37e+02 2.00e+03 1.38e-01 8.24e-01 2.08e+01 1.05e+02 1.69e+02 2.00e+03 1.09e-01 7.54e-01 1.26e+02 1.21e+02 1.43e+02 2.01e+03 8.52e+36 


-7.8265e-02 4.7593e-02 8.3829e-02 -8.9283e-02 6.4261e-02 -9.0770e-02 -2.7628e-03 8.4018e-02 5.9587e-02 -5.9859e-02 4.7471e-02 -9.3572e-02 -1.7418e-02 1.6722e-02 1.7934e-02 -1.4831e-02 -9.4015e-03 -1.3721e-02 1.5228e-01 


1.00e+00 -1.31e-01 -7.20e-01 6.21e-01 4.47e-02 3.60e-01 0.00e+00 0.00e+00 0.00e+00 0.00e+00 0.00e+00 0.00e+00 0.00e+00 0.00e+00 0.00e+00 0.00e+00 0.00e+00 0.00e+00 -4.36e-01 
-1.31e-01 1.00e+00 5.79e-01 -6.82e-01 7.05e-01 -5.98e-01 0.00e+00 0.00e+00 0.00e+00 0.00e+00 0.00e+00 0.00e+00 0.00e+00 0.00e+00 0.00e+00 0.00e+00 0.00e+00 0.00e+00 2.87e-01 
-7.20e-01 5.79e-01 1.00e+00 -9.79e-01 5.36e-01 -5.36e-01 0.00e+00 0.00e+00 0.00e+00 0.00e+00 0.00e+00 0.00e+00 0.00e+00 0.00e+00 0.00e+00 0.00e+00 0.00e+00 0.00e+00 5.06e-01 
6.21e-01 -6.82e-01 -9.79e-01 1.00e+00 -6.84e-01 6.40e-01 0.00e+00 0.00e+00 0.00e+00 0.00e+00 0.00e+00 0.00e+00 0.00e+00 0.00e+00 0.00e+00 0.00e+00 0.00e+00 0.00e+00 -5.46e-01 
4.47e-02 7.05e-01 5.36e-01 -6.84e-01 1.00e+00 -6.50e-01 0.00e+00 0.00e+00 0.00e+00 0.00e+00 0.00e+00 0.00e+00 0.00e+00 0.00e+00 0.00e+00 0.00e+00 0.00e+00 0.00e+00 4.22e-01 
3.60e-01 -5.98e-01 -5.36e-01 6.40e-01 -6.50e-01 1.00e+00 0.00e+00 0.00e+00 0.00e+00 0.00e+00 0.00e+00 0.00e+00 0.00e+00 0.00e+00 0.00e+00 0.00e+00 0.00e+00 0.00e+00 -5.20e-01 
0.00e+00 0.00e+00 0.00e+00 0.00e+00 0.00e+00 0.00e+00 1.00e+00 -2.99e-03 -6.27e-01 6.21e-01 -1.68e-01 7.71e-02 0.00e+00 0.00e+00 0.00e+00 0.00e+00 0.00e+00 0.00e+00 -9.69e-02 
0.00e+00 0.00e+00 0.00e+00 0.00e+00 0.00e+00 0.00e+00 -2.99e-03 1.00e+00 6.92e-01 -6.96e-01 3.23e-01 -8.85e-01 0.00e+00 0.00e+00 0.00e+00 0.00e+00 0.00e+00 0.00e+00 5.93e-01 
0.00e+00 0.00e+00 0.00e+00 0.00e+00 0.00e+00 0.00e+00 -6.27e-01 6.92e-01 1.00e+00 -1.00e+00 6.24e-01 -5.92e-01 0.00e+00 0.00e+00 0.00e+00 0.00e+00 0.00e+00 0.00e+00 4.62e-01 
0.00e+00 0.00e+00 0.00e+00 0.00e+00 0.00e+00 0.00e+00 6.21e-01 -6.96e-01 -1.00e+00 1.00e+00 -6.26e-01 5.93e-01 0.00e+00 0.00e+00 0.00e+00 0.00e+00 0.00e+00 0.00e+00 -4.63e-01 
0.00e+00 0.00e+00 0.00e+00 0.00e+00 0.00e+00 0.00e+00 -1.68e-01 3.23e-01 6.24e-01 -6.26e-01 1.00e+00 -3.18e-01 0.00e+00 0.00e+00 0.00e+00 0.00e+00 0.00e+00 0.00e+00 3.30e-01 
0.00e+00 0.00e+00 0.00e+00 0.00e+00 0.00e+00 0.00e+00 7.71e-02 -8.85e-01 -5.92e-01 5.93e-01 -3.18e-01 1.00e+00 0.00e+00 0.00e+00 0.00e+00 0.00e+00 0.00e+00 0.00e+00 -6.66e-01 
0.00e+00 0.00e+00 0.00e+00 0.00e+00 0.00e+00 0.00e+00 0.00e+00 0.00e+00 0.00e+00 0.00e+00 0.00e+00 0.00e+00 1.00e+00 -7.61e-01 -8.75e-01 8.58e-01 7.61e-01 4.95e-01 -1.33e-01 
0.00e+00 0.00e+00 0.00e+00 0.00e+00 0.00e+00 0.00e+00 0.00e+00 0.00e+00 0.00e+00 0.00e+00 0.00e+00 0.00e+00 -7.61e-01 1.00e+00 6.87e-01 -6.29e-01 -3.16e-01 -4.66e-01 1.26e-01 
0.00e+00 0.00e+00 0.00e+00 0.00e+00 0.00e+00 0.00e+00 0.00e+00 0.00e+00 0.00e+00 0.00e+00 0.00e+00 0.00e+00 -8.75e-01 6.87e-01 1.00e+00 -9.95e-01 -7.41e-01 -6.17e-01 1.30e-01 
0.00e+00 0.00e+00 0.00e+00 0.00e+00 0.00e+00 0.00e+00 0.00e+00 0.00e+00 0.00e+00 0.00e+00 0.00e+00 0.00e+00 8.58e-01 -6.29e-01 -9.95e-01 1.00e+00 7.67e-01 6.28e-01 -1.23e-01 
0.00e+00 0.00e+00 0.00e+00 0.00e+00 0.00e+00 0.00e+00 0.00e+00 0.00e+00 0.00e+00 0.00e+00 0.00e+00 0.00e+00 7.61e-01 -3.16e-01 -7.41e-01 7.67e-01 1.00e+00 2.44e-01 -6.86e-02 
0.00e+00 0.00e+00 0.00e+00 0.00e+00 0.00e+00 0.00e+00 0.00e+00 0.00e+00 0.00e+00 0.00e+00 0.00e+00 0.00e+00 4.95e-01 -4.66e-01 -6.17e-01 6.28e-01 2.44e-01 1.00e+00 -7.72e-02 
-4.36e-01 2.87e-01 5.06e-01 -5.46e-01 4.22e-01 -5.20e-01 -9.69e-02 5.93e-01 4.62e-01 -4.63e-01 3.30e-01 -6.66e-01 -1.33e-01 1.26e-01 1.30e-01 -1.23e-01 -6.86e-02 -7.72e-02 1.00e+00 


------------ITERATION 29 -----------------

ERROR SUM: 798.477

1.26e-01 8.83e-01 7.00e+01 2.33e+02 1.37e+02 2.00e+03 1.38e-01 8.24e-01 2.08e+01 1.05e+02 1.69e+02 2.00e+03 1.09e-01 7.54e-01 1.26e+02 1.21e+02 1.43e+02 2.01e+03 8.52e+36 


-6.2646e-02 3.8082e-02 6.7082e-02 -7.1441e-02 5.1410e-02 -7.2642e-02 -2.2083e-03 6.7206e-02 4.7664e-02 -4.7882e-02 3.7981e-02 -7.4854e-02 -1.3803e-02 1.3205e-02 1.4343e-02 -1.1707e-02 -7.6900e-03 -1.1180e-02 1.2183e-01 


1.00e+00 -1.31e-01 -7.20e-01 6.21e-01 4.47e-02 3.60e-01 0.00e+00 0.00e+00 0.00e+00 0.00e+00 0.00e+00 0.00e+00 0.00e+00 0.00e+00 0.00e+00 0.00e+00 0.00e+00 0.00e+00 -4.36e-01 
-1.31e-01 1.00e+00 5.79e-01 -6.82e-01 7.05e-01 -5.98e-01 0.00e+00 0.00e+00 0.00e+00 0.00e+00 0.00e+00 0.00e+00 0.00e+00 0.00e+00 0.00e+00 0.00e+00 0.00e+00 0.00e+00 2.87e-01 
-7.20e-01 5.79e-01 1.00e+00 -9.79e-01 5.36e-01 -5.36e-01 0.00e+00 0.00e+00 0.00e+00 0.00e+00 0.00e+00 0.00e+00 0.00e+00 0.00e+00 0.00e+00 0.00e+00 0.00e+00 0.00e+00 5.06e-01 
6.21e-01 -6.82e-01 -9.79e-01 1.00e+00 -6.84e-01 6.40e-01 0.00e+00 0.00e+00 0.00e+00 0.00e+00 0.00e+00 0.00e+00 0.00e+00 0.00e+00 0.00e+00 0.00e+00 0.00e+00 0.00e+00 -5.46e-01 
4.47e-02 7.05e-01 5.36e-01 -6.84e-01 1.00e+00 -6.50e-01 0.00e+00 0.00e+00 0.00e+00 0.00e+00 0.00e+00 0.00e+00 0.00e+00 0.00e+00 0.00e+00 0.00e+00 0.00e+00 0.00e+00 4.22e-01 
3.60e-01 -5.98e-01 -5.36e-01 6.40e-01 -6.50e-01 1.00e+00 0.00e+00 0.00e+00 0.00e+00 0.00e+00 0.00e+00 0.00e+00 0.00e+00 0.00e+00 0.00e+00 0.00e+00 0.00e+00 0.00e+00 -5.20e-01 
0.00e+00 0.00e+00 0.00e+00 0.00e+00 0.00e+00 0.00e+00 1.00e+00 -3.02e-03 -6.27e-01 6.21e-01 -1.68e-01 7.71e-02 0.00e+00 0.00e+00 0.00e+00 0.00e+00 0.00e+00 0.00e+00 -9.69e-02 
0.00e+00 0.00e+00 0.00e+00 0.00e+00 0.00e+00 0.00e+00 -3.02e-03 1.00e+00 6.92e-01 -6.96e-01 3.23e-01 -8.85e-01 0.00e+00 0.00e+00 0.00e+00 0.00e+00 0.00e+00 0.00e+00 5.93e-01 
0.00e+00 0.00e+00 0.00e+00 0.00e+00 0.00e+00 0.00e+00 -6.27e-01 6.92e-01 1.00e+00 -1.00e+00 6.24e-01 -5.92e-01 0.00e+00 0.00e+00 0.00e+00 0.00e+00 0.00e+00 0.00e+00 4.62e-01 
0.00e+00 0.00e+00 0.00e+00 0.00e+00 0.00e+00 0.00e+00 6.21e-01 -6.96e-01 -1.00e+00 1.00e+00 -6.26e-01 5.93e-01 0.00e+00 0.00e+00 0.00e+00 0.00e+00 0.00e+00 0.00e+00 -4.63e-01 
0.00e+00 0.00e+00 0.00e+00 0.00e+00 0.00e+00 0.00e+00 -1.68e-01 3.23e-01 6.24e-01 -6.26e-01 1.00e+00 -3.18e-01 0.00e+00 0.00e+00 0.00e+00 0.00e+00 0.00e+00 0.00e+00 3.30e-01 
0.00e+00 0.00e+00 0.00e+00 0.00e+00 0.00e+00 0.00e+00 7.71e-02 -8.85e-01 -5.92e-01 5.93e-01 -3.18e-01 1.00e+00 0.00e+00 0.00e+00 0.00e+00 0.00e+00 0.00e+00 0.00e+00 -6.66e-01 
0.00e+00 0.00e+00 0.00e+00 0.00e+00 0.00e+00 0.00e+00 0.00e+00 0.00e+00 0.00e+00 0.00e+00 0.00e+00 0.00e+00 1.00e+00 -7.61e-01 -8.75e-01 8.58e-01 7.61e-01 4.95e-01 -1.33e-01 
0.00e+00 0.00e+00 0.00e+00 0.00e+00 0.00e+00 0.00e+00 0.00e+00 0.00e+00 0.00e+00 0.00e+00 0.00e+00 0.00e+00 -7.61e-01 1.00e+00 6.87e-01 -6.29e-01 -3.16e-01 -4.66e-01 1.26e-01 
0.00e+00 0.00e+00 0.00e+00 0.00e+00 0.00e+00 0.00e+00 0.00e+00 0.00e+00 0.00e+00 0.00e+00 0.00e+00 0.00e+00 -8.75e-01 6.87e-01 1.00e+00 -9.95e-01 -7.41e-01 -6.17e-01 1.30e-01 
0.00e+00 0.00e+00 0.00e+00 0.00e+00 0.00e+00 0.00e+00 0.00e+00 0.00e+00 0.00e+00 0.00e+00 0.00e+00 0.00e+00 8.58e-01 -6.29e-01 -9.95e-01 1.00e+00 7.67e-01 6.28e-01 -1.23e-01 
0.00e+00 0.00e+00 0.00e+00 0.00e+00 0.00e+00 0.00e+00 0.00e+00 0.00e+00 0.00e+00 0.00e+00 0.00e+00 0.00e+00 7.61e-01 -3.16e-01 -7.41e-01 7.67e-01 1.00e+00 2.44e-01 -6.85e-02 
0.00e+00 0.00e+00 0.00e+00 0.00e+00 0.00e+00 0.00e+00 0.00e+00 0.00e+00 0.00e+00 0.00e+00 0.00e+00 0.00e+00 4.95e-01 -4.66e-01 -6.17e-01 6.28e-01 2.44e-01 1.00e+00 -7.72e-02 
-4.36e-01 2.87e-01 5.06e-01 -5.46e-01 4.22e-01 -5.20e-01 -9.69e-02 5.93e-01 4.62e-01 -4.63e-01 3.30e-01 -6.66e-01 -1.33e-01 1.26e-01 1.30e-01 -1.23e-01 -6.85e-02 -7.72e-02 1.00e+00 


------------ITERATION 30 -----------------

ERROR SUM: 798.471

1.26e-01 8.83e-01 7.00e+01 2.33e+02 1.37e+02 2.00e+03 1.38e-01 8.24e-01 2.08e+01 1.05e+02 1.69e+02 2.00e+03 1.09e-01 7.54e-01 1.26e+02 1.21e+02 1.43e+02 2.01e+03 8.52e+36 


-5.0144e-02 3.0472e-02 5.3680e-02 -5.7165e-02 4.1130e-02 -5.8134e-02 -1.7648e-03 5.3758e-02 3.8127e-02 -3.8301e-02 3.0388e-02 -5.9879e-02 -1.0926e-02 1.0412e-02 1.1470e-02 -9.2256e-03 -6.3048e-03 -9.1232e-03 9.7462e-02 


1.00e+00 -1.32e-01 -7.20e-01 6.21e-01 4.46e-02 3.60e-01 0.00e+00 0.00e+00 0.00e+00 0.00e+00 0.00e+00 0.00e+00 0.00e+00 0.00e+00 0.00e+00 0.00e+00 0.00e+00 0.00e+00 -4.36e-01 
-1.32e-01 1.00e+00 5.79e-01 -6.82e-01 7.05e-01 -5.98e-01 0.00e+00 0.00e+00 0.00e+00 0.00e+00 0.00e+00 0.00e+00 0.00e+00 0.00e+00 0.00e+00 0.00e+00 0.00e+00 0.00e+00 2.87e-01 
-7.20e-01 5.79e-01 1.00e+00 -9.79e-01 5.36e-01 -5.36e-01 0.00e+00 0.00e+00 0.00e+00 0.00e+00 0.00e+00 0.00e+00 0.00e+00 0.00e+00 0.00e+00 0.00e+00 0.00e+00 0.00e+00 5.06e-01 
6.21e-01 -6.82e-01 -9.79e-01 1.00e+00 -6.84e-01 6.40e-01 0.00e+00 0.00e+00 0.00e+00 0.00e+00 0.00e+00 0.00e+00 0.00e+00 0.00e+00 0.00e+00 0.00e+00 0.00e+00 0.00e+00 -5.46e-01 
4.46e-02 7.05e-01 5.36e-01 -6.84e-01 1.00e+00 -6.50e-01 0.00e+00 0.00e+00 0.00e+00 0.00e+00 0.00e+00 0.00e+00 0.00e+00 0.00e+00 0.00e+00 0.00e+00 0.00e+00 0.00e+00 4.22e-01 
3.60e-01 -5.98e-01 -5.36e-01 6.40e-01 -6.50e-01 1.00e+00 0.00e+00 0.00e+00 0.00e+00 0.00e+00 0.00e+00 0.00e+00 0.00e+00 0.00e+00 0.00e+00 0.00e+00 0.00e+00 0.00e+00 -5.20e-01 
0.00e+00 0.00e+00 0.00e+00 0.00e+00 0.00e+00 0.00e+00 1.00e+00 -3.05e-03 -6.27e-01 6.21e-01 -1.68e-01 7.71e-02 0.00e+00 0.00e+00 0.00e+00 0.00e+00 0.00e+00 0.00e+00 -9.69e-02 
0.00e+00 0.00e+00 0.00e+00 0.00e+00 0.00e+00 0.00e+00 -3.05e-03 1.00e+00 6.92e-01 -6.96e-01 3.23e-01 -8.85e-01 0.00e+00 0.00e+00 0.00e+00 0.00e+00 0.00e+00 0.00e+00 5.93e-01 
0.00e+00 0.00e+00 0.00e+00 0.00e+00 0.00e+00 0.00e+00 -6.27e-01 6.92e-01 1.00e+00 -1.00e+00 6.24e-01 -5.92e-01 0.00e+00 0.00e+00 0.00e+00 0.00e+00 0.00e+00 0.00e+00 4.62e-01 
0.00e+00 0.00e+00 0.00e+00 0.00e+00 0.00e+00 0.00e+00 6.21e-01 -6.96e-01 -1.00e+00 1.00e+00 -6.26e-01 5.93e-01 0.00e+00 0.00e+00 0.00e+00 0.00e+00 0.00e+00 0.00e+00 -4.63e-01 
0.00e+00 0.00e+00 0.00e+00 0.00e+00 0.00e+00 0.00e+00 -1.68e-01 3.23e-01 6.24e-01 -6.26e-01 1.00e+00 -3.18e-01 0.00e+00 0.00e+00 0.00e+00 0.00e+00 0.00e+00 0.00e+00 3.30e-01 
0.00e+00 0.00e+00 0.00e+00 0.00e+00 0.00e+00 0.00e+00 7.71e-02 -8.85e-01 -5.92e-01 5.93e-01 -3.18e-01 1.00e+00 0.00e+00 0.00e+00 0.00e+00 0.00e+00 0.00e+00 0.00e+00 -6.66e-01 
0.00e+00 0.00e+00 0.00e+00 0.00e+00 0.00e+00 0.00e+00 0.00e+00 0.00e+00 0.00e+00 0.00e+00 0.00e+00 0.00e+00 1.00e+00 -7.61e-01 -8.75e-01 8.58e-01 7.60e-01 4.95e-01 -1.33e-01 
0.00e+00 0.00e+00 0.00e+00 0.00e+00 0.00e+00 0.00e+00 0.00e+00 0.00e+00 0.00e+00 0.00e+00 0.00e+00 0.00e+00 -7.61e-01 1.00e+00 6.87e-01 -6.29e-01 -3.15e-01 -4.66e-01 1.26e-01 
0.00e+00 0.00e+00 0.00e+00 0.00e+00 0.00e+00 0.00e+00 0.00e+00 0.00e+00 0.00e+00 0.00e+00 0.00e+00 0.00e+00 -8.75e-01 6.87e-01 1.00e+00 -9.95e-01 -7.41e-01 -6.17e-01 1.30e-01 
0.00e+00 0.00e+00 0.00e+00 0.00e+00 0.00e+00 0.00e+00 0.00e+00 0.00e+00 0.00e+00 0.00e+00 0.00e+00 0.00e+00 8.58e-01 -6.29e-01 -9.95e-01 1.00e+00 7.66e-01 6.28e-01 -1.23e-01 
0.00e+00 0.00e+00 0.00e+00 0.00e+00 0.00e+00 0.00e+00 0.00e+00 0.00e+00 0.00e+00 0.00e+00 0.00e+00 0.00e+00 7.60e-01 -3.15e-01 -7.41e-01 7.66e-01 1.00e+00 2.44e-01 -6.85e-02 
0.00e+00 0.00e+00 0.00e+00 0.00e+00 0.00e+00 0.00e+00 0.00e+00 0.00e+00 0.00e+00 0.00e+00 0.00e+00 0.00e+00 4.95e-01 -4.66e-01 -6.17e-01 6.28e-01 2.44e-01 1.00e+00 -7.72e-02 
-4.36e-01 2.87e-01 5.06e-01 -5.46e-01 4.22e-01 -5.20e-01 -9.69e-02 5.93e-01 4.62e-01 -4.63e-01 3.30e-01 -6.66e-01 -1.33e-01 1.26e-01 1.30e-01 -1.23e-01 -6.85e-02 -7.72e-02 1.00e+00 


------------ITERATION 31 -----------------

ERROR SUM: 798.467

1.26e-01 8.83e-01 7.00e+01 2.33e+02 1.37e+02 2.00e+03 1.38e-01 8.24e-01 2.08e+01 1.05e+02 1.69e+02 2.00e+03 1.09e-01 7.54e-01 1.26e+02 1.21e+02 1.43e+02 2.01e+03 8.52e+36 


-4.0136e-02 2.4382e-02 4.2956e-02 -4.5741e-02 3.2905e-02 -4.6524e-02 -1.4102e-03 4.3001e-02 3.0498e-02 -3.0637e-02 2.4313e-02 -4.7901e-02 -8.6374e-03 8.1953e-03 9.1716e-03 -7.2567e-03 -5.1816e-03 -7.4556e-03 7.7969e-02 


1.00e+00 -1.32e-01 -7.20e-01 6.21e-01 4.46e-02 3.60e-01 0.00e+00 0.00e+00 0.00e+00 0.00e+00 0.00e+00 0.00e+00 0.00e+00 0.00e+00 0.00e+00 0.00e+00 0.00e+00 0.00e+00 -4.36e-01 
-1.32e-01 1.00e+00 5.79e-01 -6.83e-01 7.05e-01 -5.98e-01 0.00e+00 0.00e+00 0.00e+00 0.00e+00 0.00e+00 0.00e+00 0.00e+00 0.00e+00 0.00e+00 0.00e+00 0.00e+00 0.00e+00 2.87e-01 
-7.20e-01 5.79e-01 1.00e+00 -9.79e-01 5.36e-01 -5.36e-01 0.00e+00 0.00e+00 0.00e+00 0.00e+00 0.00e+00 0.00e+00 0.00e+00 0.00e+00 0.00e+00 0.00e+00 0.00e+00 0.00e+00 5.06e-01 
6.21e-01 -6.83e-01 -9.79e-01 1.00e+00 -6.84e-01 6.40e-01 0.00e+00 0.00e+00 0.00e+00 0.00e+00 0.00e+00 0.00e+00 0.00e+00 0.00e+00 0.00e+00 0.00e+00 0.00e+00 0.00e+00 -5.46e-01 
4.46e-02 7.05e-01 5.36e-01 -6.84e-01 1.00e+00 -6.50e-01 0.00e+00 0.00e+00 0.00e+00 0.00e+00 0.00e+00 0.00e+00 0.00e+00 0.00e+00 0.00e+00 0.00e+00 0.00e+00 0.00e+00 4.22e-01 
3.60e-01 -5.98e-01 -5.36e-01 6.40e-01 -6.50e-01 1.00e+00 0.00e+00 0.00e+00 0.00e+00 0.00e+00 0.00e+00 0.00e+00 0.00e+00 0.00e+00 0.00e+00 0.00e+00 0.00e+00 0.00e+00 -5.20e-01 
0.00e+00 0.00e+00 0.00e+00 0.00e+00 0.00e+00 0.00e+00 1.00e+00 -3.07e-03 -6.27e-01 6.21e-01 -1.68e-01 7.71e-02 0.00e+00 0.00e+00 0.00e+00 0.00e+00 0.00e+00 0.00e+00 -9.68e-02 
0.00e+00 0.00e+00 0.00e+00 0.00e+00 0.00e+00 0.00e+00 -3.07e-03 1.00e+00 6.92e-01 -6.96e-01 3.23e-01 -8.85e-01 0.00e+00 0.00e+00 0.00e+00 0.00e+00 0.00e+00 0.00e+00 5.93e-01 
0.00e+00 0.00e+00 0.00e+00 0.00e+00 0.00e+00 0.00e+00 -6.27e-01 6.92e-01 1.00e+00 -1.00e+00 6.24e-01 -5.92e-01 0.00e+00 0.00e+00 0.00e+00 0.00e+00 0.00e+00 0.00e+00 4.62e-01 
0.00e+00 0.00e+00 0.00e+00 0.00e+00 0.00e+00 0.00e+00 6.21e-01 -6.96e-01 -1.00e+00 1.00e+00 -6.26e-01 5.93e-01 0.00e+00 0.00e+00 0.00e+00 0.00e+00 0.00e+00 0.00e+00 -4.63e-01 
0.00e+00 0.00e+00 0.00e+00 0.00e+00 0.00e+00 0.00e+00 -1.68e-01 3.23e-01 6.24e-01 -6.26e-01 1.00e+00 -3.18e-01 0.00e+00 0.00e+00 0.00e+00 0.00e+00 0.00e+00 0.00e+00 3.30e-01 
0.00e+00 0.00e+00 0.00e+00 0.00e+00 0.00e+00 0.00e+00 7.71e-02 -8.85e-01 -5.92e-01 5.93e-01 -3.18e-01 1.00e+00 0.00e+00 0.00e+00 0.00e+00 0.00e+00 0.00e+00 0.00e+00 -6.66e-01 
0.00e+00 0.00e+00 0.00e+00 0.00e+00 0.00e+00 0.00e+00 0.00e+00 0.00e+00 0.00e+00 0.00e+00 0.00e+00 0.00e+00 1.00e+00 -7.61e-01 -8.75e-01 8.58e-01 7.60e-01 4.95e-01 -1.33e-01 
0.00e+00 0.00e+00 0.00e+00 0.00e+00 0.00e+00 0.00e+00 0.00e+00 0.00e+00 0.00e+00 0.00e+00 0.00e+00 0.00e+00 -7.61e-01 1.00e+00 6.87e-01 -6.29e-01 -3.15e-01 -4.66e-01 1.26e-01 
0.00e+00 0.00e+00 0.00e+00 0.00e+00 0.00e+00 0.00e+00 0.00e+00 0.00e+00 0.00e+00 0.00e+00 0.00e+00 0.00e+00 -8.75e-01 6.87e-01 1.00e+00 -9.95e-01 -7.40e-01 -6.17e-01 1.30e-01 
0.00e+00 0.00e+00 0.00e+00 0.00e+00 0.00e+00 0.00e+00 0.00e+00 0.00e+00 0.00e+00 0.00e+00 0.00e+00 0.00e+00 8.58e-01 -6.29e-01 -9.95e-01 1.00e+00 7.66e-01 6.28e-01 -1.23e-01 
0.00e+00 0.00e+00 0.00e+00 0.00e+00 0.00e+00 0.00e+00 0.00e+00 0.00e+00 0.00e+00 0.00e+00 0.00e+00 0.00e+00 7.60e-01 -3.15e-01 -7.40e-01 7.66e-01 1.00e+00 2.44e-01 -6.84e-02 
0.00e+00 0.00e+00 0.00e+00 0.00e+00 0.00e+00 0.00e+00 0.00e+00 0.00e+00 0.00e+00 0.00e+00 0.00e+00 0.00e+00 4.95e-01 -4.66e-01 -6.17e-01 6.28e-01 2.44e-01 1.00e+00 -7.71e-02 
-4.36e-01 2.87e-01 5.06e-01 -5.46e-01 4.22e-01 -5.20e-01 -9.68e-02 5.93e-01 4.62e-01 -4.63e-01 3.30e-01 -6.66e-01 -1.33e-01 1.26e-01 1.30e-01 -1.23e-01 -6.84e-02 -7.71e-02 1.00e+00 


------------ITERATION 32 -----------------

ERROR SUM: 798.465

1.26e-01 8.83e-01 7.00e+01 2.33e+02 1.37e+02 2.00e+03 1.38e-01 8.24e-01 2.08e+01 1.05e+02 1.69e+02 2.00e+03 1.09e-01 7.54e-01 1.26e+02 1.21e+02 1.43e+02 2.01e+03 8.52e+36 


-3.2126e-02 1.9509e-02 3.4374e-02 -3.6600e-02 2.6325e-02 -3.7233e-02 -1.1268e-03 3.4396e-02 2.4395e-02 -2.4507e-02 1.9453e-02 -3.8318e-02 -6.8186e-03 6.4376e-03 7.3328e-03 -5.6956e-03 -4.2690e-03 -6.1023e-03 6.2373e-02 


1.00e+00 -1.32e-01 -7.20e-01 6.21e-01 4.46e-02 3.60e-01 0.00e+00 0.00e+00 0.00e+00 0.00e+00 0.00e+00 0.00e+00 0.00e+00 0.00e+00 0.00e+00 0.00e+00 0.00e+00 0.00e+00 -4.36e-01 
-1.32e-01 1.00e+00 5.79e-01 -6.83e-01 7.05e-01 -5.98e-01 0.00e+00 0.00e+00 0.00e+00 0.00e+00 0.00e+00 0.00e+00 0.00e+00 0.00e+00 0.00e+00 0.00e+00 0.00e+00 0.00e+00 2.87e-01 
-7.20e-01 5.79e-01 1.00e+00 -9.79e-01 5.36e-01 -5.36e-01 0.00e+00 0.00e+00 0.00e+00 0.00e+00 0.00e+00 0.00e+00 0.00e+00 0.00e+00 0.00e+00 0.00e+00 0.00e+00 0.00e+00 5.06e-01 
6.21e-01 -6.83e-01 -9.79e-01 1.00e+00 -6.84e-01 6.40e-01 0.00e+00 0.00e+00 0.00e+00 0.00e+00 0.00e+00 0.00e+00 0.00e+00 0.00e+00 0.00e+00 0.00e+00 0.00e+00 0.00e+00 -5.46e-01 
4.46e-02 7.05e-01 5.36e-01 -6.84e-01 1.00e+00 -6.50e-01 0.00e+00 0.00e+00 0.00e+00 0.00e+00 0.00e+00 0.00e+00 0.00e+00 0.00e+00 0.00e+00 0.00e+00 0.00e+00 0.00e+00 4.22e-01 
3.60e-01 -5.98e-01 -5.36e-01 6.40e-01 -6.50e-01 1.00e+00 0.00e+00 0.00e+00 0.00e+00 0.00e+00 0.00e+00 0.00e+00 0.00e+00 0.00e+00 0.00e+00 0.00e+00 0.00e+00 0.00e+00 -5.20e-01 
0.00e+00 0.00e+00 0.00e+00 0.00e+00 0.00e+00 0.00e+00 1.00e+00 -3.08e-03 -6.27e-01 6.21e-01 -1.68e-01 7.71e-02 0.00e+00 0.00e+00 0.00e+00 0.00e+00 0.00e+00 0.00e+00 -9.68e-02 
0.00e+00 0.00e+00 0.00e+00 0.00e+00 0.00e+00 0.00e+00 -3.08e-03 1.00e+00 6.92e-01 -6.96e-01 3.23e-01 -8.85e-01 0.00e+00 0.00e+00 0.00e+00 0.00e+00 0.00e+00 0.00e+00 5.93e-01 
0.00e+00 0.00e+00 0.00e+00 0.00e+00 0.00e+00 0.00e+00 -6.27e-01 6.92e-01 1.00e+00 -1.00e+00 6.24e-01 -5.92e-01 0.00e+00 0.00e+00 0.00e+00 0.00e+00 0.00e+00 0.00e+00 4.62e-01 
0.00e+00 0.00e+00 0.00e+00 0.00e+00 0.00e+00 0.00e+00 6.21e-01 -6.96e-01 -1.00e+00 1.00e+00 -6.26e-01 5.93e-01 0.00e+00 0.00e+00 0.00e+00 0.00e+00 0.00e+00 0.00e+00 -4.63e-01 
0.00e+00 0.00e+00 0.00e+00 0.00e+00 0.00e+00 0.00e+00 -1.68e-01 3.23e-01 6.24e-01 -6.26e-01 1.00e+00 -3.18e-01 0.00e+00 0.00e+00 0.00e+00 0.00e+00 0.00e+00 0.00e+00 3.30e-01 
0.00e+00 0.00e+00 0.00e+00 0.00e+00 0.00e+00 0.00e+00 7.71e-02 -8.85e-01 -5.92e-01 5.93e-01 -3.18e-01 1.00e+00 0.00e+00 0.00e+00 0.00e+00 0.00e+00 0.00e+00 0.00e+00 -6.66e-01 
0.00e+00 0.00e+00 0.00e+00 0.00e+00 0.00e+00 0.00e+00 0.00e+00 0.00e+00 0.00e+00 0.00e+00 0.00e+00 0.00e+00 1.00e+00 -7.61e-01 -8.75e-01 8.58e-01 7.60e-01 4.95e-01 -1.33e-01 
0.00e+00 0.00e+00 0.00e+00 0.00e+00 0.00e+00 0.00e+00 0.00e+00 0.00e+00 0.00e+00 0.00e+00 0.00e+00 0.00e+00 -7.61e-01 1.00e+00 6.87e-01 -6.29e-01 -3.15e-01 -4.66e-01 1.26e-01 
0.00e+00 0.00e+00 0.00e+00 0.00e+00 0.00e+00 0.00e+00 0.00e+00 0.00e+00 0.00e+00 0.00e+00 0.00e+00 0.00e+00 -8.75e-01 6.87e-01 1.00e+00 -9.95e-01 -7.40e-01 -6.17e-01 1.30e-01 
0.00e+00 0.00e+00 0.00e+00 0.00e+00 0.00e+00 0.00e+00 0.00e+00 0.00e+00 0.00e+00 0.00e+00 0.00e+00 0.00e+00 8.58e-01 -6.29e-01 -9.95e-01 1.00e+00 7.66e-01 6.28e-01 -1.23e-01 
0.00e+00 0.00e+00 0.00e+00 0.00e+00 0.00e+00 0.00e+00 0.00e+00 0.00e+00 0.00e+00 0.00e+00 0.00e+00 0.00e+00 7.60e-01 -3.15e-01 -7.40e-01 7.66e-01 1.00e+00 2.44e-01 -6.84e-02 
0.00e+00 0.00e+00 0.00e+00 0.00e+00 0.00e+00 0.00e+00 0.00e+00 0.00e+00 0.00e+00 0.00e+00 0.00e+00 0.00e+00 4.95e-01 -4.66e-01 -6.17e-01 6.28e-01 2.44e-01 1.00e+00 -7.71e-02 
-4.36e-01 2.87e-01 5.06e-01 -5.46e-01 4.22e-01 -5.20e-01 -9.68e-02 5.93e-01 4.62e-01 -4.63e-01 3.30e-01 -6.66e-01 -1.33e-01 1.26e-01 1.30e-01 -1.23e-01 -6.84e-02 -7.71e-02 1.00e+00 


------------ITERATION 33 -----------------

ERROR SUM: 798.463

1.26e-01 8.83e-01 7.00e+01 2.33e+02 1.37e+02 2.00e+03 1.38e-01 8.24e-01 2.08e+01 1.05e+02 1.69e+02 2.00e+03 1.09e-01 7.54e-01 1.26e+02 1.21e+02 1.43e+02 2.01e+03 8.52e+36 


-2.5714e-02 1.5609e-02 2.7507e-02 -2.9286e-02 2.1061e-02 -2.9798e-02 -9.0019e-04 2.7514e-02 1.9514e-02 -1.9603e-02 1.5564e-02 -3.0653e-02 -5.3739e-03 5.0454e-03 5.8618e-03 -4.4593e-03 -3.5260e-03 -5.0030e-03 4.9896e-02 


1.00e+00 -1.32e-01 -7.20e-01 6.21e-01 4.46e-02 3.60e-01 0.00e+00 0.00e+00 0.00e+00 0.00e+00 0.00e+00 0.00e+00 0.00e+00 0.00e+00 0.00e+00 0.00e+00 0.00e+00 0.00e+00 -4.36e-01 
-1.32e-01 1.00e+00 5.79e-01 -6.83e-01 7.05e-01 -5.98e-01 0.00e+00 0.00e+00 0.00e+00 0.00e+00 0.00e+00 0.00e+00 0.00e+00 0.00e+00 0.00e+00 0.00e+00 0.00e+00 0.00e+00 2.87e-01 
-7.20e-01 5.79e-01 1.00e+00 -9.79e-01 5.36e-01 -5.36e-01 0.00e+00 0.00e+00 0.00e+00 0.00e+00 0.00e+00 0.00e+00 0.00e+00 0.00e+00 0.00e+00 0.00e+00 0.00e+00 0.00e+00 5.06e-01 
6.21e-01 -6.83e-01 -9.79e-01 1.00e+00 -6.84e-01 6.40e-01 0.00e+00 0.00e+00 0.00e+00 0.00e+00 0.00e+00 0.00e+00 0.00e+00 0.00e+00 0.00e+00 0.00e+00 0.00e+00 0.00e+00 -5.46e-01 
4.46e-02 7.05e-01 5.36e-01 -6.84e-01 1.00e+00 -6.50e-01 0.00e+00 0.00e+00 0.00e+00 0.00e+00 0.00e+00 0.00e+00 0.00e+00 0.00e+00 0.00e+00 0.00e+00 0.00e+00 0.00e+00 4.22e-01 
3.60e-01 -5.98e-01 -5.36e-01 6.40e-01 -6.50e-01 1.00e+00 0.00e+00 0.00e+00 0.00e+00 0.00e+00 0.00e+00 0.00e+00 0.00e+00 0.00e+00 0.00e+00 0.00e+00 0.00e+00 0.00e+00 -5.20e-01 
0.00e+00 0.00e+00 0.00e+00 0.00e+00 0.00e+00 0.00e+00 1.00e+00 -3.10e-03 -6.27e-01 6.21e-01 -1.68e-01 7.71e-02 0.00e+00 0.00e+00 0.00e+00 0.00e+00 0.00e+00 0.00e+00 -9.68e-02 
0.00e+00 0.00e+00 0.00e+00 0.00e+00 0.00e+00 0.00e+00 -3.10e-03 1.00e+00 6.92e-01 -6.96e-01 3.23e-01 -8.85e-01 0.00e+00 0.00e+00 0.00e+00 0.00e+00 0.00e+00 0.00e+00 5.93e-01 
0.00e+00 0.00e+00 0.00e+00 0.00e+00 0.00e+00 0.00e+00 -6.27e-01 6.92e-01 1.00e+00 -1.00e+00 6.24e-01 -5.92e-01 0.00e+00 0.00e+00 0.00e+00 0.00e+00 0.00e+00 0.00e+00 4.62e-01 
0.00e+00 0.00e+00 0.00e+00 0.00e+00 0.00e+00 0.00e+00 6.21e-01 -6.96e-01 -1.00e+00 1.00e+00 -6.26e-01 5.93e-01 0.00e+00 0.00e+00 0.00e+00 0.00e+00 0.00e+00 0.00e+00 -4.63e-01 
0.00e+00 0.00e+00 0.00e+00 0.00e+00 0.00e+00 0.00e+00 -1.68e-01 3.23e-01 6.24e-01 -6.26e-01 1.00e+00 -3.18e-01 0.00e+00 0.00e+00 0.00e+00 0.00e+00 0.00e+00 0.00e+00 3.30e-01 
0.00e+00 0.00e+00 0.00e+00 0.00e+00 0.00e+00 0.00e+00 7.71e-02 -8.85e-01 -5.92e-01 5.93e-01 -3.18e-01 1.00e+00 0.00e+00 0.00e+00 0.00e+00 0.00e+00 0.00e+00 0.00e+00 -6.66e-01 
0.00e+00 0.00e+00 0.00e+00 0.00e+00 0.00e+00 0.00e+00 0.00e+00 0.00e+00 0.00e+00 0.00e+00 0.00e+00 0.00e+00 1.00e+00 -7.61e-01 -8.75e-01 8.58e-01 7.60e-01 4.95e-01 -1.33e-01 
0.00e+00 0.00e+00 0.00e+00 0.00e+00 0.00e+00 0.00e+00 0.00e+00 0.00e+00 0.00e+00 0.00e+00 0.00e+00 0.00e+00 -7.61e-01 1.00e+00 6.87e-01 -6.30e-01 -3.15e-01 -4.66e-01 1.26e-01 
0.00e+00 0.00e+00 0.00e+00 0.00e+00 0.00e+00 0.00e+00 0.00e+00 0.00e+00 0.00e+00 0.00e+00 0.00e+00 0.00e+00 -8.75e-01 6.87e-01 1.00e+00 -9.95e-01 -7.40e-01 -6.16e-01 1.30e-01 
0.00e+00 0.00e+00 0.00e+00 0.00e+00 0.00e+00 0.00e+00 0.00e+00 0.00e+00 0.00e+00 0.00e+00 0.00e+00 0.00e+00 8.58e-01 -6.30e-01 -9.95e-01 1.00e+00 7.66e-01 6.28e-01 -1.23e-01 
0.00e+00 0.00e+00 0.00e+00 0.00e+00 0.00e+00 0.00e+00 0.00e+00 0.00e+00 0.00e+00 0.00e+00 0.00e+00 0.00e+00 7.60e-01 -3.15e-01 -7.40e-01 7.66e-01 1.00e+00 2.43e-01 -6.83e-02 
0.00e+00 0.00e+00 0.00e+00 0.00e+00 0.00e+00 0.00e+00 0.00e+00 0.00e+00 0.00e+00 0.00e+00 0.00e+00 0.00e+00 4.95e-01 -4.66e-01 -6.16e-01 6.28e-01 2.43e-01 1.00e+00 -7.71e-02 
-4.36e-01 2.87e-01 5.06e-01 -5.46e-01 4.22e-01 -5.20e-01 -9.68e-02 5.93e-01 4.62e-01 -4.63e-01 3.30e-01 -6.66e-01 -1.33e-01 1.26e-01 1.30e-01 -1.23e-01 -6.83e-02 -7.71e-02 1.00e+00 


------------ITERATION 34 -----------------

ERROR SUM: 798.462

1.26e-01 8.83e-01 7.00e+01 2.33e+02 1.37e+02 2.00e+03 1.38e-01 8.24e-01 2.08e+01 1.05e+02 1.69e+02 2.00e+03 1.09e-01 7.54e-01 1.26e+02 1.21e+02 1.43e+02 2.01e+03 8.52e+36 


-2.0582e-02 1.2489e-02 2.2012e-02 -2.3434e-02 1.6849e-02 -2.3847e-02 -7.1914e-04 2.2008e-02 1.5609e-02 -1.5680e-02 1.2453e-02 -2.4521e-02 -4.2275e-03 3.9439e-03 4.6851e-03 -3.4814e-03 -2.9197e-03 -4.1088e-03 3.9913e-02 


1.00e+00 -1.32e-01 -7.20e-01 6.21e-01 4.46e-02 3.60e-01 0.00e+00 0.00e+00 0.00e+00 0.00e+00 0.00e+00 0.00e+00 0.00e+00 0.00e+00 0.00e+00 0.00e+00 0.00e+00 0.00e+00 -4.36e-01 
-1.32e-01 1.00e+00 5.79e-01 -6.83e-01 7.05e-01 -5.98e-01 0.00e+00 0.00e+00 0.00e+00 0.00e+00 0.00e+00 0.00e+00 0.00e+00 0.00e+00 0.00e+00 0.00e+00 0.00e+00 0.00e+00 2.87e-01 
-7.20e-01 5.79e-01 1.00e+00 -9.79e-01 5.36e-01 -5.36e-01 0.00e+00 0.00e+00 0.00e+00 0.00e+00 0.00e+00 0.00e+00 0.00e+00 0.00e+00 0.00e+00 0.00e+00 0.00e+00 0.00e+00 5.06e-01 
6.21e-01 -6.83e-01 -9.79e-01 1.00e+00 -6.84e-01 6.40e-01 0.00e+00 0.00e+00 0.00e+00 0.00e+00 0.00e+00 0.00e+00 0.00e+00 0.00e+00 0.00e+00 0.00e+00 0.00e+00 0.00e+00 -5.46e-01 
4.46e-02 7.05e-01 5.36e-01 -6.84e-01 1.00e+00 -6.50e-01 0.00e+00 0.00e+00 0.00e+00 0.00e+00 0.00e+00 0.00e+00 0.00e+00 0.00e+00 0.00e+00 0.00e+00 0.00e+00 0.00e+00 4.22e-01 
3.60e-01 -5.98e-01 -5.36e-01 6.40e-01 -6.50e-01 1.00e+00 0.00e+00 0.00e+00 0.00e+00 0.00e+00 0.00e+00 0.00e+00 0.00e+00 0.00e+00 0.00e+00 0.00e+00 0.00e+00 0.00e+00 -5.20e-01 
0.00e+00 0.00e+00 0.00e+00 0.00e+00 0.00e+00 0.00e+00 1.00e+00 -3.11e-03 -6.27e-01 6.21e-01 -1.68e-01 7.71e-02 0.00e+00 0.00e+00 0.00e+00 0.00e+00 0.00e+00 0.00e+00 -9.68e-02 
0.00e+00 0.00e+00 0.00e+00 0.00e+00 0.00e+00 0.00e+00 -3.11e-03 1.00e+00 6.92e-01 -6.96e-01 3.23e-01 -8.85e-01 0.00e+00 0.00e+00 0.00e+00 0.00e+00 0.00e+00 0.00e+00 5.93e-01 
0.00e+00 0.00e+00 0.00e+00 0.00e+00 0.00e+00 0.00e+00 -6.27e-01 6.92e-01 1.00e+00 -1.00e+00 6.24e-01 -5.92e-01 0.00e+00 0.00e+00 0.00e+00 0.00e+00 0.00e+00 0.00e+00 4.62e-01 
0.00e+00 0.00e+00 0.00e+00 0.00e+00 0.00e+00 0.00e+00 6.21e-01 -6.96e-01 -1.00e+00 1.00e+00 -6.26e-01 5.93e-01 0.00e+00 0.00e+00 0.00e+00 0.00e+00 0.00e+00 0.00e+00 -4.63e-01 
0.00e+00 0.00e+00 0.00e+00 0.00e+00 0.00e+00 0.00e+00 -1.68e-01 3.23e-01 6.24e-01 -6.26e-01 1.00e+00 -3.18e-01 0.00e+00 0.00e+00 0.00e+00 0.00e+00 0.00e+00 0.00e+00 3.30e-01 
0.00e+00 0.00e+00 0.00e+00 0.00e+00 0.00e+00 0.00e+00 7.71e-02 -8.85e-01 -5.92e-01 5.93e-01 -3.18e-01 1.00e+00 0.00e+00 0.00e+00 0.00e+00 0.00e+00 0.00e+00 0.00e+00 -6.66e-01 
0.00e+00 0.00e+00 0.00e+00 0.00e+00 0.00e+00 0.00e+00 0.00e+00 0.00e+00 0.00e+00 0.00e+00 0.00e+00 0.00e+00 1.00e+00 -7.61e-01 -8.75e-01 8.58e-01 7.60e-01 4.95e-01 -1.33e-01 
0.00e+00 0.00e+00 0.00e+00 0.00e+00 0.00e+00 0.00e+00 0.00e+00 0.00e+00 0.00e+00 0.00e+00 0.00e+00 0.00e+00 -7.61e-01 1.00e+00 6.87e-01 -6.30e-01 -3.14e-01 -4.66e-01 1.26e-01 
0.00e+00 0.00e+00 0.00e+00 0.00e+00 0.00e+00 0.00e+00 0.00e+00 0.00e+00 0.00e+00 0.00e+00 0.00e+00 0.00e+00 -8.75e-01 6.87e-01 1.00e+00 -9.95e-01 -7.40e-01 -6.16e-01 1.30e-01 
0.00e+00 0.00e+00 0.00e+00 0.00e+00 0.00e+00 0.00e+00 0.00e+00 0.00e+00 0.00e+00 0.00e+00 0.00e+00 0.00e+00 8.58e-01 -6.30e-01 -9.95e-01 1.00e+00 7.66e-01 6.28e-01 -1.23e-01 
0.00e+00 0.00e+00 0.00e+00 0.00e+00 0.00e+00 0.00e+00 0.00e+00 0.00e+00 0.00e+00 0.00e+00 0.00e+00 0.00e+00 7.60e-01 -3.14e-01 -7.40e-01 7.66e-01 1.00e+00 2.43e-01 -6.83e-02 
0.00e+00 0.00e+00 0.00e+00 0.00e+00 0.00e+00 0.00e+00 0.00e+00 0.00e+00 0.00e+00 0.00e+00 0.00e+00 0.00e+00 4.95e-01 -4.66e-01 -6.16e-01 6.28e-01 2.43e-01 1.00e+00 -7.71e-02 
-4.36e-01 2.87e-01 5.06e-01 -5.46e-01 4.22e-01 -5.20e-01 -9.68e-02 5.93e-01 4.62e-01 -4.63e-01 3.30e-01 -6.66e-01 -1.33e-01 1.26e-01 1.30e-01 -1.23e-01 -6.83e-02 -7.71e-02 1.00e+00 


------------ITERATION 35 -----------------

ERROR SUM: 798.462

1.26e-01 8.83e-01 7.00e+01 2.33e+02 1.37e+02 2.00e+03 1.38e-01 8.24e-01 2.08e+01 1.05e+02 1.69e+02 2.00e+03 1.09e-01 7.54e-01 1.25e+02 1.21e+02 1.43e+02 2.01e+03 8.52e+36 


-1.6475e-02 9.9931e-03 1.7614e-02 -1.8751e-02 1.3480e-02 -1.9085e-02 -5.7447e-04 1.7604e-02 1.2486e-02 -1.2543e-02 9.9636e-03 -1.9616e-02 -3.3187e-03 3.0736e-03 3.7440e-03 -2.7089e-03 -2.4241e-03 -3.3806e-03 3.1927e-02 


1.00e+00 -1.32e-01 -7.20e-01 6.21e-01 4.46e-02 3.60e-01 0.00e+00 0.00e+00 0.00e+00 0.00e+00 0.00e+00 0.00e+00 0.00e+00 0.00e+00 0.00e+00 0.00e+00 0.00e+00 0.00e+00 -4.36e-01 
-1.32e-01 1.00e+00 5.79e-01 -6.83e-01 7.05e-01 -5.98e-01 0.00e+00 0.00e+00 0.00e+00 0.00e+00 0.00e+00 0.00e+00 0.00e+00 0.00e+00 0.00e+00 0.00e+00 0.00e+00 0.00e+00 2.87e-01 
-7.20e-01 5.79e-01 1.00e+00 -9.79e-01 5.36e-01 -5.36e-01 0.00e+00 0.00e+00 0.00e+00 0.00e+00 0.00e+00 0.00e+00 0.00e+00 0.00e+00 0.00e+00 0.00e+00 0.00e+00 0.00e+00 5.06e-01 
6.21e-01 -6.83e-01 -9.79e-01 1.00e+00 -6.84e-01 6.40e-01 0.00e+00 0.00e+00 0.00e+00 0.00e+00 0.00e+00 0.00e+00 0.00e+00 0.00e+00 0.00e+00 0.00e+00 0.00e+00 0.00e+00 -5.46e-01 
4.46e-02 7.05e-01 5.36e-01 -6.84e-01 1.00e+00 -6.50e-01 0.00e+00 0.00e+00 0.00e+00 0.00e+00 0.00e+00 0.00e+00 0.00e+00 0.00e+00 0.00e+00 0.00e+00 0.00e+00 0.00e+00 4.22e-01 
3.60e-01 -5.98e-01 -5.36e-01 6.40e-01 -6.50e-01 1.00e+00 0.00e+00 0.00e+00 0.00e+00 0.00e+00 0.00e+00 0.00e+00 0.00e+00 0.00e+00 0.00e+00 0.00e+00 0.00e+00 0.00e+00 -5.20e-01 
0.00e+00 0.00e+00 0.00e+00 0.00e+00 0.00e+00 0.00e+00 1.00e+00 -3.12e-03 -6.27e-01 6.21e-01 -1.68e-01 7.71e-02 0.00e+00 0.00e+00 0.00e+00 0.00e+00 0.00e+00 0.00e+00 -9.68e-02 
0.00e+00 0.00e+00 0.00e+00 0.00e+00 0.00e+00 0.00e+00 -3.12e-03 1.00e+00 6.92e-01 -6.96e-01 3.23e-01 -8.85e-01 0.00e+00 0.00e+00 0.00e+00 0.00e+00 0.00e+00 0.00e+00 5.93e-01 
0.00e+00 0.00e+00 0.00e+00 0.00e+00 0.00e+00 0.00e+00 -6.27e-01 6.92e-01 1.00e+00 -1.00e+00 6.24e-01 -5.92e-01 0.00e+00 0.00e+00 0.00e+00 0.00e+00 0.00e+00 0.00e+00 4.62e-01 
0.00e+00 0.00e+00 0.00e+00 0.00e+00 0.00e+00 0.00e+00 6.21e-01 -6.96e-01 -1.00e+00 1.00e+00 -6.26e-01 5.93e-01 0.00e+00 0.00e+00 0.00e+00 0.00e+00 0.00e+00 0.00e+00 -4.63e-01 
0.00e+00 0.00e+00 0.00e+00 0.00e+00 0.00e+00 0.00e+00 -1.68e-01 3.23e-01 6.24e-01 -6.26e-01 1.00e+00 -3.18e-01 0.00e+00 0.00e+00 0.00e+00 0.00e+00 0.00e+00 0.00e+00 3.30e-01 
0.00e+00 0.00e+00 0.00e+00 0.00e+00 0.00e+00 0.00e+00 7.71e-02 -8.85e-01 -5.92e-01 5.93e-01 -3.18e-01 1.00e+00 0.00e+00 0.00e+00 0.00e+00 0.00e+00 0.00e+00 0.00e+00 -6.66e-01 
0.00e+00 0.00e+00 0.00e+00 0.00e+00 0.00e+00 0.00e+00 0.00e+00 0.00e+00 0.00e+00 0.00e+00 0.00e+00 0.00e+00 1.00e+00 -7.61e-01 -8.75e-01 8.58e-01 7.60e-01 4.95e-01 -1.33e-01 
0.00e+00 0.00e+00 0.00e+00 0.00e+00 0.00e+00 0.00e+00 0.00e+00 0.00e+00 0.00e+00 0.00e+00 0.00e+00 0.00e+00 -7.61e-01 1.00e+00 6.87e-01 -6.30e-01 -3.14e-01 -4.66e-01 1.26e-01 
0.00e+00 0.00e+00 0.00e+00 0.00e+00 0.00e+00 0.00e+00 0.00e+00 0.00e+00 0.00e+00 0.00e+00 0.00e+00 0.00e+00 -8.75e-01 6.87e-01 1.00e+00 -9.95e-01 -7.40e-01 -6.16e-01 1.30e-01 
0.00e+00 0.00e+00 0.00e+00 0.00e+00 0.00e+00 0.00e+00 0.00e+00 0.00e+00 0.00e+00 0.00e+00 0.00e+00 0.00e+00 8.58e-01 -6.30e-01 -9.95e-01 1.00e+00 7.66e-01 6.28e-01 -1.23e-01 
0.00e+00 0.00e+00 0.00e+00 0.00e+00 0.00e+00 0.00e+00 0.00e+00 0.00e+00 0.00e+00 0.00e+00 0.00e+00 0.00e+00 7.60e-01 -3.14e-01 -7.40e-01 7.66e-01 1.00e+00 2.43e-01 -6.83e-02 
0.00e+00 0.00e+00 0.00e+00 0.00e+00 0.00e+00 0.00e+00 0.00e+00 0.00e+00 0.00e+00 0.00e+00 0.00e+00 0.00e+00 4.95e-01 -4.66e-01 -6.16e-01 6.28e-01 2.43e-01 1.00e+00 -7.71e-02 
-4.36e-01 2.87e-01 5.06e-01 -5.46e-01 4.22e-01 -5.20e-01 -9.68e-02 5.93e-01 4.62e-01 -4.63e-01 3.30e-01 -6.66e-01 -1.33e-01 1.26e-01 1.30e-01 -1.23e-01 -6.83e-02 -7.71e-02 1.00e+00 


------------ITERATION 36 -----------------

ERROR SUM: 798.461

1.26e-01 8.83e-01 7.00e+01 2.33e+02 1.37e+02 2.00e+03 1.38e-01 8.24e-01 2.08e+01 1.05e+02 1.69e+02 2.00e+03 1.09e-01 7.54e-01 1.25e+02 1.21e+02 1.43e+02 2.01e+03 8.52e+36 


-1.3187e-02 7.9957e-03 1.4095e-02 -1.5004e-02 1.0784e-02 -1.5274e-02 -4.5888e-04 1.4082e-02 9.9874e-03 -1.0033e-02 7.9720e-03 -1.5692e-02 -2.5989e-03 2.3870e-03 2.9912e-03 -2.0997e-03 -2.0178e-03 -2.7867e-03 2.5538e-02 


1.00e+00 -1.32e-01 -7.20e-01 6.21e-01 4.45e-02 3.60e-01 0.00e+00 0.00e+00 0.00e+00 0.00e+00 0.00e+00 0.00e+00 0.00e+00 0.00e+00 0.00e+00 0.00e+00 0.00e+00 0.00e+00 -4.36e-01 
-1.32e-01 1.00e+00 5.79e-01 -6.83e-01 7.05e-01 -5.98e-01 0.00e+00 0.00e+00 0.00e+00 0.00e+00 0.00e+00 0.00e+00 0.00e+00 0.00e+00 0.00e+00 0.00e+00 0.00e+00 0.00e+00 2.87e-01 
-7.20e-01 5.79e-01 1.00e+00 -9.79e-01 5.36e-01 -5.36e-01 0.00e+00 0.00e+00 0.00e+00 0.00e+00 0.00e+00 0.00e+00 0.00e+00 0.00e+00 0.00e+00 0.00e+00 0.00e+00 0.00e+00 5.06e-01 
6.21e-01 -6.83e-01 -9.79e-01 1.00e+00 -6.84e-01 6.40e-01 0.00e+00 0.00e+00 0.00e+00 0.00e+00 0.00e+00 0.00e+00 0.00e+00 0.00e+00 0.00e+00 0.00e+00 0.00e+00 0.00e+00 -5.46e-01 
4.45e-02 7.05e-01 5.36e-01 -6.84e-01 1.00e+00 -6.50e-01 0.00e+00 0.00e+00 0.00e+00 0.00e+00 0.00e+00 0.00e+00 0.00e+00 0.00e+00 0.00e+00 0.00e+00 0.00e+00 0.00e+00 4.22e-01 
3.60e-01 -5.98e-01 -5.36e-01 6.40e-01 -6.50e-01 1.00e+00 0.00e+00 0.00e+00 0.00e+00 0.00e+00 0.00e+00 0.00e+00 0.00e+00 0.00e+00 0.00e+00 0.00e+00 0.00e+00 0.00e+00 -5.20e-01 
0.00e+00 0.00e+00 0.00e+00 0.00e+00 0.00e+00 0.00e+00 1.00e+00 -3.12e-03 -6.27e-01 6.21e-01 -1.68e-01 7.71e-02 0.00e+00 0.00e+00 0.00e+00 0.00e+00 0.00e+00 0.00e+00 -9.68e-02 
0.00e+00 0.00e+00 0.00e+00 0.00e+00 0.00e+00 0.00e+00 -3.12e-03 1.00e+00 6.92e-01 -6.96e-01 3.23e-01 -8.85e-01 0.00e+00 0.00e+00 0.00e+00 0.00e+00 0.00e+00 0.00e+00 5.93e-01 
0.00e+00 0.00e+00 0.00e+00 0.00e+00 0.00e+00 0.00e+00 -6.27e-01 6.92e-01 1.00e+00 -1.00e+00 6.24e-01 -5.92e-01 0.00e+00 0.00e+00 0.00e+00 0.00e+00 0.00e+00 0.00e+00 4.62e-01 
0.00e+00 0.00e+00 0.00e+00 0.00e+00 0.00e+00 0.00e+00 6.21e-01 -6.96e-01 -1.00e+00 1.00e+00 -6.26e-01 5.93e-01 0.00e+00 0.00e+00 0.00e+00 0.00e+00 0.00e+00 0.00e+00 -4.63e-01 
0.00e+00 0.00e+00 0.00e+00 0.00e+00 0.00e+00 0.00e+00 -1.68e-01 3.23e-01 6.24e-01 -6.26e-01 1.00e+00 -3.18e-01 0.00e+00 0.00e+00 0.00e+00 0.00e+00 0.00e+00 0.00e+00 3.30e-01 
0.00e+00 0.00e+00 0.00e+00 0.00e+00 0.00e+00 0.00e+00 7.71e-02 -8.85e-01 -5.92e-01 5.93e-01 -3.18e-01 1.00e+00 0.00e+00 0.00e+00 0.00e+00 0.00e+00 0.00e+00 0.00e+00 -6.66e-01 
0.00e+00 0.00e+00 0.00e+00 0.00e+00 0.00e+00 0.00e+00 0.00e+00 0.00e+00 0.00e+00 0.00e+00 0.00e+00 0.00e+00 1.00e+00 -7.61e-01 -8.75e-01 8.58e-01 7.59e-01 4.95e-01 -1.33e-01 
0.00e+00 0.00e+00 0.00e+00 0.00e+00 0.00e+00 0.00e+00 0.00e+00 0.00e+00 0.00e+00 0.00e+00 0.00e+00 0.00e+00 -7.61e-01 1.00e+00 6.87e-01 -6.30e-01 -3.14e-01 -4.66e-01 1.26e-01 
0.00e+00 0.00e+00 0.00e+00 0.00e+00 0.00e+00 0.00e+00 0.00e+00 0.00e+00 0.00e+00 0.00e+00 0.00e+00 0.00e+00 -8.75e-01 6.87e-01 1.00e+00 -9.95e-01 -7.40e-01 -6.16e-01 1.30e-01 
0.00e+00 0.00e+00 0.00e+00 0.00e+00 0.00e+00 0.00e+00 0.00e+00 0.00e+00 0.00e+00 0.00e+00 0.00e+00 0.00e+00 8.58e-01 -6.30e-01 -9.95e-01 1.00e+00 7.65e-01 6.28e-01 -1.23e-01 
0.00e+00 0.00e+00 0.00e+00 0.00e+00 0.00e+00 0.00e+00 0.00e+00 0.00e+00 0.00e+00 0.00e+00 0.00e+00 0.00e+00 7.59e-01 -3.14e-01 -7.40e-01 7.65e-01 1.00e+00 2.43e-01 -6.83e-02 
0.00e+00 0.00e+00 0.00e+00 0.00e+00 0.00e+00 0.00e+00 0.00e+00 0.00e+00 0.00e+00 0.00e+00 0.00e+00 0.00e+00 4.95e-01 -4.66e-01 -6.16e-01 6.28e-01 2.43e-01 1.00e+00 -7.71e-02 
-4.36e-01 2.87e-01 5.06e-01 -5.46e-01 4.22e-01 -5.20e-01 -9.68e-02 5.93e-01 4.62e-01 -4.63e-01 3.30e-01 -6.66e-01 -1.33e-01 1.26e-01 1.30e-01 -1.23e-01 -6.83e-02 -7.71e-02 1.00e+00 


------------ITERATION 37 -----------------

ERROR SUM: 798.461

1.26e-01 8.83e-01 7.00e+01 2.33e+02 1.37e+02 2.00e+03 1.38e-01 8.24e-01 2.08e+01 1.05e+02 1.69e+02 2.00e+03 1.09e-01 7.54e-01 1.25e+02 1.21e+02 1.43e+02 2.01e+03 8.52e+36 


-1.0555e-02 6.3975e-03 1.1279e-02 -1.2006e-02 8.6276e-03 -1.2224e-02 -3.6654e-04 1.1264e-02 7.9889e-03 -8.0254e-03 6.3784e-03 -1.2552e-02 -2.0295e-03 1.8462e-03 2.3893e-03 -1.6201e-03 -1.6842e-03 -2.3016e-03 2.0427e-02 


1.00e+00 -1.32e-01 -7.20e-01 6.21e-01 4.45e-02 3.60e-01 0.00e+00 0.00e+00 0.00e+00 0.00e+00 0.00e+00 0.00e+00 0.00e+00 0.00e+00 0.00e+00 0.00e+00 0.00e+00 0.00e+00 -4.36e-01 
-1.32e-01 1.00e+00 5.79e-01 -6.83e-01 7.05e-01 -5.98e-01 0.00e+00 0.00e+00 0.00e+00 0.00e+00 0.00e+00 0.00e+00 0.00e+00 0.00e+00 0.00e+00 0.00e+00 0.00e+00 0.00e+00 2.87e-01 
-7.20e-01 5.79e-01 1.00e+00 -9.79e-01 5.36e-01 -5.36e-01 0.00e+00 0.00e+00 0.00e+00 0.00e+00 0.00e+00 0.00e+00 0.00e+00 0.00e+00 0.00e+00 0.00e+00 0.00e+00 0.00e+00 5.06e-01 
6.21e-01 -6.83e-01 -9.79e-01 1.00e+00 -6.84e-01 6.40e-01 0.00e+00 0.00e+00 0.00e+00 0.00e+00 0.00e+00 0.00e+00 0.00e+00 0.00e+00 0.00e+00 0.00e+00 0.00e+00 0.00e+00 -5.46e-01 
4.45e-02 7.05e-01 5.36e-01 -6.84e-01 1.00e+00 -6.50e-01 0.00e+00 0.00e+00 0.00e+00 0.00e+00 0.00e+00 0.00e+00 0.00e+00 0.00e+00 0.00e+00 0.00e+00 0.00e+00 0.00e+00 4.22e-01 
3.60e-01 -5.98e-01 -5.36e-01 6.40e-01 -6.50e-01 1.00e+00 0.00e+00 0.00e+00 0.00e+00 0.00e+00 0.00e+00 0.00e+00 0.00e+00 0.00e+00 0.00e+00 0.00e+00 0.00e+00 0.00e+00 -5.20e-01 
0.00e+00 0.00e+00 0.00e+00 0.00e+00 0.00e+00 0.00e+00 1.00e+00 -3.13e-03 -6.27e-01 6.21e-01 -1.68e-01 7.71e-02 0.00e+00 0.00e+00 0.00e+00 0.00e+00 0.00e+00 0.00e+00 -9.68e-02 
0.00e+00 0.00e+00 0.00e+00 0.00e+00 0.00e+00 0.00e+00 -3.13e-03 1.00e+00 6.92e-01 -6.96e-01 3.23e-01 -8.85e-01 0.00e+00 0.00e+00 0.00e+00 0.00e+00 0.00e+00 0.00e+00 5.93e-01 
0.00e+00 0.00e+00 0.00e+00 0.00e+00 0.00e+00 0.00e+00 -6.27e-01 6.92e-01 1.00e+00 -1.00e+00 6.24e-01 -5.92e-01 0.00e+00 0.00e+00 0.00e+00 0.00e+00 0.00e+00 0.00e+00 4.62e-01 
0.00e+00 0.00e+00 0.00e+00 0.00e+00 0.00e+00 0.00e+00 6.21e-01 -6.96e-01 -1.00e+00 1.00e+00 -6.26e-01 5.93e-01 0.00e+00 0.00e+00 0.00e+00 0.00e+00 0.00e+00 0.00e+00 -4.63e-01 
0.00e+00 0.00e+00 0.00e+00 0.00e+00 0.00e+00 0.00e+00 -1.68e-01 3.23e-01 6.24e-01 -6.26e-01 1.00e+00 -3.18e-01 0.00e+00 0.00e+00 0.00e+00 0.00e+00 0.00e+00 0.00e+00 3.30e-01 
0.00e+00 0.00e+00 0.00e+00 0.00e+00 0.00e+00 0.00e+00 7.71e-02 -8.85e-01 -5.92e-01 5.93e-01 -3.18e-01 1.00e+00 0.00e+00 0.00e+00 0.00e+00 0.00e+00 0.00e+00 0.00e+00 -6.66e-01 
0.00e+00 0.00e+00 0.00e+00 0.00e+00 0.00e+00 0.00e+00 0.00e+00 0.00e+00 0.00e+00 0.00e+00 0.00e+00 0.00e+00 1.00e+00 -7.61e-01 -8.75e-01 8.58e-01 7.59e-01 4.95e-01 -1.33e-01 
0.00e+00 0.00e+00 0.00e+00 0.00e+00 0.00e+00 0.00e+00 0.00e+00 0.00e+00 0.00e+00 0.00e+00 0.00e+00 0.00e+00 -7.61e-01 1.00e+00 6.87e-01 -6.30e-01 -3.14e-01 -4.66e-01 1.26e-01 
0.00e+00 0.00e+00 0.00e+00 0.00e+00 0.00e+00 0.00e+00 0.00e+00 0.00e+00 0.00e+00 0.00e+00 0.00e+00 0.00e+00 -8.75e-01 6.87e-01 1.00e+00 -9.95e-01 -7.40e-01 -6.16e-01 1.30e-01 
0.00e+00 0.00e+00 0.00e+00 0.00e+00 0.00e+00 0.00e+00 0.00e+00 0.00e+00 0.00e+00 0.00e+00 0.00e+00 0.00e+00 8.58e-01 -6.30e-01 -9.95e-01 1.00e+00 7.65e-01 6.28e-01 -1.23e-01 
0.00e+00 0.00e+00 0.00e+00 0.00e+00 0.00e+00 0.00e+00 0.00e+00 0.00e+00 0.00e+00 0.00e+00 0.00e+00 0.00e+00 7.59e-01 -3.14e-01 -7.40e-01 7.65e-01 1.00e+00 2.43e-01 -6.82e-02 
0.00e+00 0.00e+00 0.00e+00 0.00e+00 0.00e+00 0.00e+00 0.00e+00 0.00e+00 0.00e+00 0.00e+00 0.00e+00 0.00e+00 4.95e-01 -4.66e-01 -6.16e-01 6.28e-01 2.43e-01 1.00e+00 -7.71e-02 
-4.36e-01 2.87e-01 5.06e-01 -5.46e-01 4.22e-01 -5.20e-01 -9.68e-02 5.93e-01 4.62e-01 -4.63e-01 3.30e-01 -6.66e-01 -1.33e-01 1.26e-01 1.30e-01 -1.23e-01 -6.82e-02 -7.71e-02 1.00e+00 


------------ITERATION 38 -----------------

ERROR SUM: 798.461

1.26e-01 8.83e-01 7.00e+01 2.33e+02 1.37e+02 2.00e+03 1.38e-01 8.24e-01 2.08e+01 1.05e+02 1.69e+02 2.00e+03 1.09e-01 7.54e-01 1.25e+02 1.21e+02 1.43e+02 2.01e+03 8.52e+36 


-8.4483e-03 5.1188e-03 9.0261e-03 -9.6065e-03 6.9024e-03 -9.7827e-03 -2.9277e-04 9.0098e-03 6.3903e-03 -6.4195e-03 5.1035e-03 -1.0041e-02 -1.5798e-03 1.4210e-03 1.9080e-03 -1.2432e-03 -1.4094e-03 -1.9049e-03 1.6338e-02 


1.00e+00 -1.32e-01 -7.20e-01 6.21e-01 4.45e-02 3.60e-01 0.00e+00 0.00e+00 0.00e+00 0.00e+00 0.00e+00 0.00e+00 0.00e+00 0.00e+00 0.00e+00 0.00e+00 0.00e+00 0.00e+00 -4.36e-01 
-1.32e-01 1.00e+00 5.79e-01 -6.83e-01 7.05e-01 -5.98e-01 0.00e+00 0.00e+00 0.00e+00 0.00e+00 0.00e+00 0.00e+00 0.00e+00 0.00e+00 0.00e+00 0.00e+00 0.00e+00 0.00e+00 2.87e-01 
-7.20e-01 5.79e-01 1.00e+00 -9.79e-01 5.36e-01 -5.36e-01 0.00e+00 0.00e+00 0.00e+00 0.00e+00 0.00e+00 0.00e+00 0.00e+00 0.00e+00 0.00e+00 0.00e+00 0.00e+00 0.00e+00 5.06e-01 
6.21e-01 -6.83e-01 -9.79e-01 1.00e+00 -6.84e-01 6.40e-01 0.00e+00 0.00e+00 0.00e+00 0.00e+00 0.00e+00 0.00e+00 0.00e+00 0.00e+00 0.00e+00 0.00e+00 0.00e+00 0.00e+00 -5.46e-01 
4.45e-02 7.05e-01 5.36e-01 -6.84e-01 1.00e+00 -6.50e-01 0.00e+00 0.00e+00 0.00e+00 0.00e+00 0.00e+00 0.00e+00 0.00e+00 0.00e+00 0.00e+00 0.00e+00 0.00e+00 0.00e+00 4.22e-01 
3.60e-01 -5.98e-01 -5.36e-01 6.40e-01 -6.50e-01 1.00e+00 0.00e+00 0.00e+00 0.00e+00 0.00e+00 0.00e+00 0.00e+00 0.00e+00 0.00e+00 0.00e+00 0.00e+00 0.00e+00 0.00e+00 -5.20e-01 
0.00e+00 0.00e+00 0.00e+00 0.00e+00 0.00e+00 0.00e+00 1.00e+00 -3.13e-03 -6.27e-01 6.21e-01 -1.68e-01 7.71e-02 0.00e+00 0.00e+00 0.00e+00 0.00e+00 0.00e+00 0.00e+00 -9.68e-02 
0.00e+00 0.00e+00 0.00e+00 0.00e+00 0.00e+00 0.00e+00 -3.13e-03 1.00e+00 6.92e-01 -6.96e-01 3.23e-01 -8.85e-01 0.00e+00 0.00e+00 0.00e+00 0.00e+00 0.00e+00 0.00e+00 5.93e-01 
0.00e+00 0.00e+00 0.00e+00 0.00e+00 0.00e+00 0.00e+00 -6.27e-01 6.92e-01 1.00e+00 -1.00e+00 6.24e-01 -5.92e-01 0.00e+00 0.00e+00 0.00e+00 0.00e+00 0.00e+00 0.00e+00 4.62e-01 
0.00e+00 0.00e+00 0.00e+00 0.00e+00 0.00e+00 0.00e+00 6.21e-01 -6.96e-01 -1.00e+00 1.00e+00 -6.26e-01 5.93e-01 0.00e+00 0.00e+00 0.00e+00 0.00e+00 0.00e+00 0.00e+00 -4.63e-01 
0.00e+00 0.00e+00 0.00e+00 0.00e+00 0.00e+00 0.00e+00 -1.68e-01 3.23e-01 6.24e-01 -6.26e-01 1.00e+00 -3.18e-01 0.00e+00 0.00e+00 0.00e+00 0.00e+00 0.00e+00 0.00e+00 3.30e-01 
0.00e+00 0.00e+00 0.00e+00 0.00e+00 0.00e+00 0.00e+00 7.71e-02 -8.85e-01 -5.92e-01 5.93e-01 -3.18e-01 1.00e+00 0.00e+00 0.00e+00 0.00e+00 0.00e+00 0.00e+00 0.00e+00 -6.66e-01 
0.00e+00 0.00e+00 0.00e+00 0.00e+00 0.00e+00 0.00e+00 0.00e+00 0.00e+00 0.00e+00 0.00e+00 0.00e+00 0.00e+00 1.00e+00 -7.61e-01 -8.75e-01 8.58e-01 7.59e-01 4.95e-01 -1.33e-01 
0.00e+00 0.00e+00 0.00e+00 0.00e+00 0.00e+00 0.00e+00 0.00e+00 0.00e+00 0.00e+00 0.00e+00 0.00e+00 0.00e+00 -7.61e-01 1.00e+00 6.87e-01 -6.30e-01 -3.14e-01 -4.66e-01 1.26e-01 
0.00e+00 0.00e+00 0.00e+00 0.00e+00 0.00e+00 0.00e+00 0.00e+00 0.00e+00 0.00e+00 0.00e+00 0.00e+00 0.00e+00 -8.75e-01 6.87e-01 1.00e+00 -9.95e-01 -7.40e-01 -6.16e-01 1.30e-01 
0.00e+00 0.00e+00 0.00e+00 0.00e+00 0.00e+00 0.00e+00 0.00e+00 0.00e+00 0.00e+00 0.00e+00 0.00e+00 0.00e+00 8.58e-01 -6.30e-01 -9.95e-01 1.00e+00 7.65e-01 6.28e-01 -1.23e-01 
0.00e+00 0.00e+00 0.00e+00 0.00e+00 0.00e+00 0.00e+00 0.00e+00 0.00e+00 0.00e+00 0.00e+00 0.00e+00 0.00e+00 7.59e-01 -3.14e-01 -7.40e-01 7.65e-01 1.00e+00 2.43e-01 -6.82e-02 
0.00e+00 0.00e+00 0.00e+00 0.00e+00 0.00e+00 0.00e+00 0.00e+00 0.00e+00 0.00e+00 0.00e+00 0.00e+00 0.00e+00 4.95e-01 -4.66e-01 -6.16e-01 6.28e-01 2.43e-01 1.00e+00 -7.71e-02 
-4.36e-01 2.87e-01 5.06e-01 -5.46e-01 4.22e-01 -5.20e-01 -9.68e-02 5.93e-01 4.62e-01 -4.63e-01 3.30e-01 -6.66e-01 -1.33e-01 1.26e-01 1.30e-01 -1.23e-01 -6.82e-02 -7.71e-02 1.00e+00 


------------ITERATION 39 -----------------

ERROR SUM: 798.46

1.26e-01 8.83e-01 7.00e+01 2.33e+02 1.37e+02 2.00e+03 1.38e-01 8.24e-01 2.08e+01 1.05e+02 1.69e+02 2.00e+03 1.09e-01 7.54e-01 1.25e+02 1.21e+02 1.43e+02 2.01e+03 8.52e+36 


-6.7622e-03 4.0956e-03 7.2229e-03 -7.6868e-03 5.5221e-03 -7.8292e-03 -2.3384e-04 7.2069e-03 5.1115e-03 -5.1349e-03 4.0833e-03 -8.0325e-03 -1.2251e-03 1.0875e-03 1.5232e-03 -9.4788e-04 -1.1826e-03 -1.5799e-03 1.3067e-02 


1.00e+00 -1.32e-01 -7.20e-01 6.21e-01 4.45e-02 3.60e-01 0.00e+00 0.00e+00 0.00e+00 0.00e+00 0.00e+00 0.00e+00 0.00e+00 0.00e+00 0.00e+00 0.00e+00 0.00e+00 0.00e+00 -4.36e-01 
-1.32e-01 1.00e+00 5.79e-01 -6.83e-01 7.05e-01 -5.98e-01 0.00e+00 0.00e+00 0.00e+00 0.00e+00 0.00e+00 0.00e+00 0.00e+00 0.00e+00 0.00e+00 0.00e+00 0.00e+00 0.00e+00 2.87e-01 
-7.20e-01 5.79e-01 1.00e+00 -9.79e-01 5.36e-01 -5.36e-01 0.00e+00 0.00e+00 0.00e+00 0.00e+00 0.00e+00 0.00e+00 0.00e+00 0.00e+00 0.00e+00 0.00e+00 0.00e+00 0.00e+00 5.06e-01 
6.21e-01 -6.83e-01 -9.79e-01 1.00e+00 -6.84e-01 6.40e-01 0.00e+00 0.00e+00 0.00e+00 0.00e+00 0.00e+00 0.00e+00 0.00e+00 0.00e+00 0.00e+00 0.00e+00 0.00e+00 0.00e+00 -5.46e-01 
4.45e-02 7.05e-01 5.36e-01 -6.84e-01 1.00e+00 -6.50e-01 0.00e+00 0.00e+00 0.00e+00 0.00e+00 0.00e+00 0.00e+00 0.00e+00 0.00e+00 0.00e+00 0.00e+00 0.00e+00 0.00e+00 4.22e-01 
3.60e-01 -5.98e-01 -5.36e-01 6.40e-01 -6.50e-01 1.00e+00 0.00e+00 0.00e+00 0.00e+00 0.00e+00 0.00e+00 0.00e+00 0.00e+00 0.00e+00 0.00e+00 0.00e+00 0.00e+00 0.00e+00 -5.20e-01 
0.00e+00 0.00e+00 0.00e+00 0.00e+00 0.00e+00 0.00e+00 1.00e+00 -3.14e-03 -6.27e-01 6.21e-01 -1.68e-01 7.71e-02 0.00e+00 0.00e+00 0.00e+00 0.00e+00 0.00e+00 0.00e+00 -9.68e-02 
0.00e+00 0.00e+00 0.00e+00 0.00e+00 0.00e+00 0.00e+00 -3.14e-03 1.00e+00 6.92e-01 -6.96e-01 3.23e-01 -8.85e-01 0.00e+00 0.00e+00 0.00e+00 0.00e+00 0.00e+00 0.00e+00 5.93e-01 
0.00e+00 0.00e+00 0.00e+00 0.00e+00 0.00e+00 0.00e+00 -6.27e-01 6.92e-01 1.00e+00 -1.00e+00 6.24e-01 -5.92e-01 0.00e+00 0.00e+00 0.00e+00 0.00e+00 0.00e+00 0.00e+00 4.62e-01 
0.00e+00 0.00e+00 0.00e+00 0.00e+00 0.00e+00 0.00e+00 6.21e-01 -6.96e-01 -1.00e+00 1.00e+00 -6.26e-01 5.93e-01 0.00e+00 0.00e+00 0.00e+00 0.00e+00 0.00e+00 0.00e+00 -4.63e-01 
0.00e+00 0.00e+00 0.00e+00 0.00e+00 0.00e+00 0.00e+00 -1.68e-01 3.23e-01 6.24e-01 -6.26e-01 1.00e+00 -3.18e-01 0.00e+00 0.00e+00 0.00e+00 0.00e+00 0.00e+00 0.00e+00 3.30e-01 
0.00e+00 0.00e+00 0.00e+00 0.00e+00 0.00e+00 0.00e+00 7.71e-02 -8.85e-01 -5.92e-01 5.93e-01 -3.18e-01 1.00e+00 0.00e+00 0.00e+00 0.00e+00 0.00e+00 0.00e+00 0.00e+00 -6.66e-01 
0.00e+00 0.00e+00 0.00e+00 0.00e+00 0.00e+00 0.00e+00 0.00e+00 0.00e+00 0.00e+00 0.00e+00 0.00e+00 0.00e+00 1.00e+00 -7.61e-01 -8.75e-01 8.58e-01 7.59e-01 4.95e-01 -1.33e-01 
0.00e+00 0.00e+00 0.00e+00 0.00e+00 0.00e+00 0.00e+00 0.00e+00 0.00e+00 0.00e+00 0.00e+00 0.00e+00 0.00e+00 -7.61e-01 1.00e+00 6.87e-01 -6.30e-01 -3.14e-01 -4.66e-01 1.26e-01 
0.00e+00 0.00e+00 0.00e+00 0.00e+00 0.00e+00 0.00e+00 0.00e+00 0.00e+00 0.00e+00 0.00e+00 0.00e+00 0.00e+00 -8.75e-01 6.87e-01 1.00e+00 -9.95e-01 -7.39e-01 -6.16e-01 1.30e-01 
0.00e+00 0.00e+00 0.00e+00 0.00e+00 0.00e+00 0.00e+00 0.00e+00 0.00e+00 0.00e+00 0.00e+00 0.00e+00 0.00e+00 8.58e-01 -6.30e-01 -9.95e-01 1.00e+00 7.65e-01 6.28e-01 -1.23e-01 
0.00e+00 0.00e+00 0.00e+00 0.00e+00 0.00e+00 0.00e+00 0.00e+00 0.00e+00 0.00e+00 0.00e+00 0.00e+00 0.00e+00 7.59e-01 -3.14e-01 -7.39e-01 7.65e-01 1.00e+00 2.43e-01 -6.82e-02 
0.00e+00 0.00e+00 0.00e+00 0.00e+00 0.00e+00 0.00e+00 0.00e+00 0.00e+00 0.00e+00 0.00e+00 0.00e+00 0.00e+00 4.95e-01 -4.66e-01 -6.16e-01 6.28e-01 2.43e-01 1.00e+00 -7.71e-02 
-4.36e-01 2.87e-01 5.06e-01 -5.46e-01 4.22e-01 -5.20e-01 -9.68e-02 5.93e-01 4.62e-01 -4.63e-01 3.30e-01 -6.66e-01 -1.33e-01 1.26e-01 1.30e-01 -1.23e-01 -6.82e-02 -7.71e-02 1.00e+00 


------------ITERATION 40 -----------------

ERROR SUM: 798.46

1.26e-01 8.83e-01 7.00e+01 2.33e+02 1.37e+02 2.00e+03 1.38e-01 8.24e-01 2.08e+01 1.05e+02 1.69e+02 2.00e+03 1.09e-01 7.54e-01 1.25e+02 1.21e+02 1.43e+02 2.01e+03 8.52e+36 


-5.4126e-03 3.2770e-03 5.7799e-03 -6.1507e-03 4.4178e-03 -6.2658e-03 -1.8677e-04 5.7648e-03 4.0887e-03 -4.1074e-03 3.2671e-03 -6.4256e-03 -9.4577e-04 8.2647e-04 1.2156e-03 -7.1699e-04 -9.9498e-04 -1.3131e-03 1.0450e-02 


1.00e+00 -1.32e-01 -7.20e-01 6.21e-01 4.45e-02 3.60e-01 0.00e+00 0.00e+00 0.00e+00 0.00e+00 0.00e+00 0.00e+00 0.00e+00 0.00e+00 0.00e+00 0.00e+00 0.00e+00 0.00e+00 -4.36e-01 
-1.32e-01 1.00e+00 5.79e-01 -6.83e-01 7.05e-01 -5.98e-01 0.00e+00 0.00e+00 0.00e+00 0.00e+00 0.00e+00 0.00e+00 0.00e+00 0.00e+00 0.00e+00 0.00e+00 0.00e+00 0.00e+00 2.87e-01 
-7.20e-01 5.79e-01 1.00e+00 -9.79e-01 5.36e-01 -5.36e-01 0.00e+00 0.00e+00 0.00e+00 0.00e+00 0.00e+00 0.00e+00 0.00e+00 0.00e+00 0.00e+00 0.00e+00 0.00e+00 0.00e+00 5.06e-01 
6.21e-01 -6.83e-01 -9.79e-01 1.00e+00 -6.84e-01 6.40e-01 0.00e+00 0.00e+00 0.00e+00 0.00e+00 0.00e+00 0.00e+00 0.00e+00 0.00e+00 0.00e+00 0.00e+00 0.00e+00 0.00e+00 -5.46e-01 
4.45e-02 7.05e-01 5.36e-01 -6.84e-01 1.00e+00 -6.50e-01 0.00e+00 0.00e+00 0.00e+00 0.00e+00 0.00e+00 0.00e+00 0.00e+00 0.00e+00 0.00e+00 0.00e+00 0.00e+00 0.00e+00 4.22e-01 
3.60e-01 -5.98e-01 -5.36e-01 6.40e-01 -6.50e-01 1.00e+00 0.00e+00 0.00e+00 0.00e+00 0.00e+00 0.00e+00 0.00e+00 0.00e+00 0.00e+00 0.00e+00 0.00e+00 0.00e+00 0.00e+00 -5.20e-01 
0.00e+00 0.00e+00 0.00e+00 0.00e+00 0.00e+00 0.00e+00 1.00e+00 -3.14e-03 -6.27e-01 6.21e-01 -1.68e-01 7.71e-02 0.00e+00 0.00e+00 0.00e+00 0.00e+00 0.00e+00 0.00e+00 -9.68e-02 
0.00e+00 0.00e+00 0.00e+00 0.00e+00 0.00e+00 0.00e+00 -3.14e-03 1.00e+00 6.92e-01 -6.96e-01 3.23e-01 -8.85e-01 0.00e+00 0.00e+00 0.00e+00 0.00e+00 0.00e+00 0.00e+00 5.93e-01 
0.00e+00 0.00e+00 0.00e+00 0.00e+00 0.00e+00 0.00e+00 -6.27e-01 6.92e-01 1.00e+00 -1.00e+00 6.24e-01 -5.92e-01 0.00e+00 0.00e+00 0.00e+00 0.00e+00 0.00e+00 0.00e+00 4.62e-01 
0.00e+00 0.00e+00 0.00e+00 0.00e+00 0.00e+00 0.00e+00 6.21e-01 -6.96e-01 -1.00e+00 1.00e+00 -6.26e-01 5.93e-01 0.00e+00 0.00e+00 0.00e+00 0.00e+00 0.00e+00 0.00e+00 -4.63e-01 
0.00e+00 0.00e+00 0.00e+00 0.00e+00 0.00e+00 0.00e+00 -1.68e-01 3.23e-01 6.24e-01 -6.26e-01 1.00e+00 -3.18e-01 0.00e+00 0.00e+00 0.00e+00 0.00e+00 0.00e+00 0.00e+00 3.30e-01 
0.00e+00 0.00e+00 0.00e+00 0.00e+00 0.00e+00 0.00e+00 7.71e-02 -8.85e-01 -5.92e-01 5.93e-01 -3.18e-01 1.00e+00 0.00e+00 0.00e+00 0.00e+00 0.00e+00 0.00e+00 0.00e+00 -6.66e-01 
0.00e+00 0.00e+00 0.00e+00 0.00e+00 0.00e+00 0.00e+00 0.00e+00 0.00e+00 0.00e+00 0.00e+00 0.00e+00 0.00e+00 1.00e+00 -7.61e-01 -8.75e-01 8.58e-01 7.59e-01 4.95e-01 -1.33e-01 
0.00e+00 0.00e+00 0.00e+00 0.00e+00 0.00e+00 0.00e+00 0.00e+00 0.00e+00 0.00e+00 0.00e+00 0.00e+00 0.00e+00 -7.61e-01 1.00e+00 6.87e-01 -6.30e-01 -3.14e-01 -4.66e-01 1.26e-01 
0.00e+00 0.00e+00 0.00e+00 0.00e+00 0.00e+00 0.00e+00 0.00e+00 0.00e+00 0.00e+00 0.00e+00 0.00e+00 0.00e+00 -8.75e-01 6.87e-01 1.00e+00 -9.95e-01 -7.39e-01 -6.16e-01 1.30e-01 
0.00e+00 0.00e+00 0.00e+00 0.00e+00 0.00e+00 0.00e+00 0.00e+00 0.00e+00 0.00e+00 0.00e+00 0.00e+00 0.00e+00 8.58e-01 -6.30e-01 -9.95e-01 1.00e+00 7.65e-01 6.28e-01 -1.23e-01 
0.00e+00 0.00e+00 0.00e+00 0.00e+00 0.00e+00 0.00e+00 0.00e+00 0.00e+00 0.00e+00 0.00e+00 0.00e+00 0.00e+00 7.59e-01 -3.14e-01 -7.39e-01 7.65e-01 1.00e+00 2.43e-01 -6.82e-02 
0.00e+00 0.00e+00 0.00e+00 0.00e+00 0.00e+00 0.00e+00 0.00e+00 0.00e+00 0.00e+00 0.00e+00 0.00e+00 0.00e+00 4.95e-01 -4.66e-01 -6.16e-01 6.28e-01 2.43e-01 1.00e+00 -7.71e-02 
-4.36e-01 2.87e-01 5.06e-01 -5.46e-01 4.22e-01 -5.20e-01 -9.68e-02 5.93e-01 4.62e-01 -4.63e-01 3.30e-01 -6.66e-01 -1.33e-01 1.26e-01 1.30e-01 -1.23e-01 -6.82e-02 -7.71e-02 1.00e+00 


------------ITERATION 41 -----------------

ERROR SUM: 798.46

1.26e-01 8.83e-01 7.00e+01 2.33e+02 1.37e+02 2.00e+03 1.38e-01 8.24e-01 2.08e+01 1.05e+02 1.69e+02 2.00e+03 1.09e-01 7.54e-01 1.25e+02 1.21e+02 1.43e+02 2.01e+03 8.52e+36 


-4.3323e-03 2.6220e-03 4.6253e-03 -4.9216e-03 3.5344e-03 -5.0146e-03 -1.4917e-04 4.6112e-03 3.2705e-03 -3.2855e-03 2.6141e-03 -5.1402e-03 -7.2632e-04 6.2281e-04 9.6975e-04 -5.3707e-04 -8.3929e-04 -1.0938e-03 8.3573e-03 


1.00e+00 -1.32e-01 -7.20e-01 6.21e-01 4.45e-02 3.60e-01 0.00e+00 0.00e+00 0.00e+00 0.00e+00 0.00e+00 0.00e+00 0.00e+00 0.00e+00 0.00e+00 0.00e+00 0.00e+00 0.00e+00 -4.36e-01 
-1.32e-01 1.00e+00 5.79e-01 -6.83e-01 7.05e-01 -5.98e-01 0.00e+00 0.00e+00 0.00e+00 0.00e+00 0.00e+00 0.00e+00 0.00e+00 0.00e+00 0.00e+00 0.00e+00 0.00e+00 0.00e+00 2.87e-01 
-7.20e-01 5.79e-01 1.00e+00 -9.79e-01 5.36e-01 -5.36e-01 0.00e+00 0.00e+00 0.00e+00 0.00e+00 0.00e+00 0.00e+00 0.00e+00 0.00e+00 0.00e+00 0.00e+00 0.00e+00 0.00e+00 5.06e-01 
6.21e-01 -6.83e-01 -9.79e-01 1.00e+00 -6.84e-01 6.40e-01 0.00e+00 0.00e+00 0.00e+00 0.00e+00 0.00e+00 0.00e+00 0.00e+00 0.00e+00 0.00e+00 0.00e+00 0.00e+00 0.00e+00 -5.46e-01 
4.45e-02 7.05e-01 5.36e-01 -6.84e-01 1.00e+00 -6.50e-01 0.00e+00 0.00e+00 0.00e+00 0.00e+00 0.00e+00 0.00e+00 0.00e+00 0.00e+00 0.00e+00 0.00e+00 0.00e+00 0.00e+00 4.22e-01 
3.60e-01 -5.98e-01 -5.36e-01 6.40e-01 -6.50e-01 1.00e+00 0.00e+00 0.00e+00 0.00e+00 0.00e+00 0.00e+00 0.00e+00 0.00e+00 0.00e+00 0.00e+00 0.00e+00 0.00e+00 0.00e+00 -5.20e-01 
0.00e+00 0.00e+00 0.00e+00 0.00e+00 0.00e+00 0.00e+00 1.00e+00 -3.14e-03 -6.27e-01 6.21e-01 -1.68e-01 7.71e-02 0.00e+00 0.00e+00 0.00e+00 0.00e+00 0.00e+00 0.00e+00 -9.68e-02 
0.00e+00 0.00e+00 0.00e+00 0.00e+00 0.00e+00 0.00e+00 -3.14e-03 1.00e+00 6.92e-01 -6.96e-01 3.23e-01 -8.85e-01 0.00e+00 0.00e+00 0.00e+00 0.00e+00 0.00e+00 0.00e+00 5.93e-01 
0.00e+00 0.00e+00 0.00e+00 0.00e+00 0.00e+00 0.00e+00 -6.27e-01 6.92e-01 1.00e+00 -1.00e+00 6.24e-01 -5.92e-01 0.00e+00 0.00e+00 0.00e+00 0.00e+00 0.00e+00 0.00e+00 4.62e-01 
0.00e+00 0.00e+00 0.00e+00 0.00e+00 0.00e+00 0.00e+00 6.21e-01 -6.96e-01 -1.00e+00 1.00e+00 -6.26e-01 5.93e-01 0.00e+00 0.00e+00 0.00e+00 0.00e+00 0.00e+00 0.00e+00 -4.63e-01 
0.00e+00 0.00e+00 0.00e+00 0.00e+00 0.00e+00 0.00e+00 -1.68e-01 3.23e-01 6.24e-01 -6.26e-01 1.00e+00 -3.18e-01 0.00e+00 0.00e+00 0.00e+00 0.00e+00 0.00e+00 0.00e+00 3.30e-01 
0.00e+00 0.00e+00 0.00e+00 0.00e+00 0.00e+00 0.00e+00 7.71e-02 -8.85e-01 -5.92e-01 5.93e-01 -3.18e-01 1.00e+00 0.00e+00 0.00e+00 0.00e+00 0.00e+00 0.00e+00 0.00e+00 -6.66e-01 
0.00e+00 0.00e+00 0.00e+00 0.00e+00 0.00e+00 0.00e+00 0.00e+00 0.00e+00 0.00e+00 0.00e+00 0.00e+00 0.00e+00 1.00e+00 -7.61e-01 -8.75e-01 8.58e-01 7.59e-01 4.95e-01 -1.33e-01 
0.00e+00 0.00e+00 0.00e+00 0.00e+00 0.00e+00 0.00e+00 0.00e+00 0.00e+00 0.00e+00 0.00e+00 0.00e+00 0.00e+00 -7.61e-01 1.00e+00 6.87e-01 -6.30e-01 -3.14e-01 -4.66e-01 1.26e-01 
0.00e+00 0.00e+00 0.00e+00 0.00e+00 0.00e+00 0.00e+00 0.00e+00 0.00e+00 0.00e+00 0.00e+00 0.00e+00 0.00e+00 -8.75e-01 6.87e-01 1.00e+00 -9.95e-01 -7.39e-01 -6.16e-01 1.30e-01 
0.00e+00 0.00e+00 0.00e+00 0.00e+00 0.00e+00 0.00e+00 0.00e+00 0.00e+00 0.00e+00 0.00e+00 0.00e+00 0.00e+00 8.58e-01 -6.30e-01 -9.95e-01 1.00e+00 7.65e-01 6.28e-01 -1.23e-01 
0.00e+00 0.00e+00 0.00e+00 0.00e+00 0.00e+00 0.00e+00 0.00e+00 0.00e+00 0.00e+00 0.00e+00 0.00e+00 0.00e+00 7.59e-01 -3.14e-01 -7.39e-01 7.65e-01 1.00e+00 2.43e-01 -6.82e-02 
0.00e+00 0.00e+00 0.00e+00 0.00e+00 0.00e+00 0.00e+00 0.00e+00 0.00e+00 0.00e+00 0.00e+00 0.00e+00 0.00e+00 4.95e-01 -4.66e-01 -6.16e-01 6.28e-01 2.43e-01 1.00e+00 -7.71e-02 
-4.36e-01 2.87e-01 5.06e-01 -5.46e-01 4.22e-01 -5.20e-01 -9.68e-02 5.93e-01 4.62e-01 -4.63e-01 3.30e-01 -6.66e-01 -1.33e-01 1.26e-01 1.30e-01 -1.23e-01 -6.82e-02 -7.71e-02 1.00e+00 


------------ITERATION 42 -----------------

ERROR SUM: 798.46

1.26e-01 8.83e-01 7.00e+01 2.33e+02 1.37e+02 2.00e+03 1.38e-01 8.24e-01 2.08e+01 1.05e+02 1.69e+02 2.00e+03 1.09e-01 7.54e-01 1.25e+02 1.21e+02 1.43e+02 2.01e+03 8.52e+36 


-3.4677e-03 2.0979e-03 3.7013e-03 -3.9381e-03 2.8276e-03 -4.0133e-03 -1.1914e-04 3.6885e-03 2.6161e-03 -2.6280e-03 2.0916e-03 -4.1118e-03 -5.5428e-04 4.6442e-04 7.7332e-04 -3.9736e-04 -7.0979e-04 -9.1316e-04 6.6830e-03 


1.00e+00 -1.32e-01 -7.20e-01 6.21e-01 4.45e-02 3.60e-01 0.00e+00 0.00e+00 0.00e+00 0.00e+00 0.00e+00 0.00e+00 0.00e+00 0.00e+00 0.00e+00 0.00e+00 0.00e+00 0.00e+00 -4.36e-01 
-1.32e-01 1.00e+00 5.79e-01 -6.83e-01 7.05e-01 -5.98e-01 0.00e+00 0.00e+00 0.00e+00 0.00e+00 0.00e+00 0.00e+00 0.00e+00 0.00e+00 0.00e+00 0.00e+00 0.00e+00 0.00e+00 2.87e-01 
-7.20e-01 5.79e-01 1.00e+00 -9.79e-01 5.36e-01 -5.36e-01 0.00e+00 0.00e+00 0.00e+00 0.00e+00 0.00e+00 0.00e+00 0.00e+00 0.00e+00 0.00e+00 0.00e+00 0.00e+00 0.00e+00 5.06e-01 
6.21e-01 -6.83e-01 -9.79e-01 1.00e+00 -6.84e-01 6.40e-01 0.00e+00 0.00e+00 0.00e+00 0.00e+00 0.00e+00 0.00e+00 0.00e+00 0.00e+00 0.00e+00 0.00e+00 0.00e+00 0.00e+00 -5.46e-01 
4.45e-02 7.05e-01 5.36e-01 -6.84e-01 1.00e+00 -6.50e-01 0.00e+00 0.00e+00 0.00e+00 0.00e+00 0.00e+00 0.00e+00 0.00e+00 0.00e+00 0.00e+00 0.00e+00 0.00e+00 0.00e+00 4.22e-01 
3.60e-01 -5.98e-01 -5.36e-01 6.40e-01 -6.50e-01 1.00e+00 0.00e+00 0.00e+00 0.00e+00 0.00e+00 0.00e+00 0.00e+00 0.00e+00 0.00e+00 0.00e+00 0.00e+00 0.00e+00 0.00e+00 -5.20e-01 
0.00e+00 0.00e+00 0.00e+00 0.00e+00 0.00e+00 0.00e+00 1.00e+00 -3.14e-03 -6.27e-01 6.21e-01 -1.68e-01 7.71e-02 0.00e+00 0.00e+00 0.00e+00 0.00e+00 0.00e+00 0.00e+00 -9.68e-02 
0.00e+00 0.00e+00 0.00e+00 0.00e+00 0.00e+00 0.00e+00 -3.14e-03 1.00e+00 6.92e-01 -6.96e-01 3.23e-01 -8.85e-01 0.00e+00 0.00e+00 0.00e+00 0.00e+00 0.00e+00 0.00e+00 5.93e-01 
0.00e+00 0.00e+00 0.00e+00 0.00e+00 0.00e+00 0.00e+00 -6.27e-01 6.92e-01 1.00e+00 -1.00e+00 6.24e-01 -5.92e-01 0.00e+00 0.00e+00 0.00e+00 0.00e+00 0.00e+00 0.00e+00 4.62e-01 
0.00e+00 0.00e+00 0.00e+00 0.00e+00 0.00e+00 0.00e+00 6.21e-01 -6.96e-01 -1.00e+00 1.00e+00 -6.26e-01 5.93e-01 0.00e+00 0.00e+00 0.00e+00 0.00e+00 0.00e+00 0.00e+00 -4.63e-01 
0.00e+00 0.00e+00 0.00e+00 0.00e+00 0.00e+00 0.00e+00 -1.68e-01 3.23e-01 6.24e-01 -6.26e-01 1.00e+00 -3.18e-01 0.00e+00 0.00e+00 0.00e+00 0.00e+00 0.00e+00 0.00e+00 3.30e-01 
0.00e+00 0.00e+00 0.00e+00 0.00e+00 0.00e+00 0.00e+00 7.71e-02 -8.85e-01 -5.92e-01 5.93e-01 -3.18e-01 1.00e+00 0.00e+00 0.00e+00 0.00e+00 0.00e+00 0.00e+00 0.00e+00 -6.66e-01 
0.00e+00 0.00e+00 0.00e+00 0.00e+00 0.00e+00 0.00e+00 0.00e+00 0.00e+00 0.00e+00 0.00e+00 0.00e+00 0.00e+00 1.00e+00 -7.61e-01 -8.75e-01 8.58e-01 7.59e-01 4.95e-01 -1.33e-01 
0.00e+00 0.00e+00 0.00e+00 0.00e+00 0.00e+00 0.00e+00 0.00e+00 0.00e+00 0.00e+00 0.00e+00 0.00e+00 0.00e+00 -7.61e-01 1.00e+00 6.87e-01 -6.30e-01 -3.14e-01 -4.66e-01 1.26e-01 
0.00e+00 0.00e+00 0.00e+00 0.00e+00 0.00e+00 0.00e+00 0.00e+00 0.00e+00 0.00e+00 0.00e+00 0.00e+00 0.00e+00 -8.75e-01 6.87e-01 1.00e+00 -9.95e-01 -7.39e-01 -6.16e-01 1.30e-01 
0.00e+00 0.00e+00 0.00e+00 0.00e+00 0.00e+00 0.00e+00 0.00e+00 0.00e+00 0.00e+00 0.00e+00 0.00e+00 0.00e+00 8.58e-01 -6.30e-01 -9.95e-01 1.00e+00 7.65e-01 6.28e-01 -1.23e-01 
0.00e+00 0.00e+00 0.00e+00 0.00e+00 0.00e+00 0.00e+00 0.00e+00 0.00e+00 0.00e+00 0.00e+00 0.00e+00 0.00e+00 7.59e-01 -3.14e-01 -7.39e-01 7.65e-01 1.00e+00 2.43e-01 -6.82e-02 
0.00e+00 0.00e+00 0.00e+00 0.00e+00 0.00e+00 0.00e+00 0.00e+00 0.00e+00 0.00e+00 0.00e+00 0.00e+00 0.00e+00 4.95e-01 -4.66e-01 -6.16e-01 6.28e-01 2.43e-01 1.00e+00 -7.71e-02 
-4.36e-01 2.87e-01 5.06e-01 -5.46e-01 4.22e-01 -5.20e-01 -9.68e-02 5.93e-01 4.62e-01 -4.63e-01 3.30e-01 -6.66e-01 -1.33e-01 1.26e-01 1.30e-01 -1.23e-01 -6.82e-02 -7.71e-02 1.00e+00 


------------ITERATION 43 -----------------

ERROR SUM: 798.46

1.26e-01 8.83e-01 7.00e+01 2.33e+02 1.37e+02 2.00e+03 1.38e-01 8.24e-01 2.08e+01 1.05e+02 1.69e+02 2.00e+03 1.09e-01 7.54e-01 1.25e+02 1.21e+02 1.43e+02 2.01e+03 8.52e+36 


-2.7756e-03 1.6786e-03 2.9618e-03 -3.1512e-03 2.2621e-03 -3.2119e-03 -9.5155e-05 2.9504e-03 2.0926e-03 -2.1021e-03 1.6735e-03 -3.2892e-03 -4.1977e-04 3.4171e-04 6.1640e-04 -2.8934e-04 -6.0179e-04 -7.6408e-04 5.3438e-03 


1.00e+00 -1.32e-01 -7.20e-01 6.21e-01 4.45e-02 3.60e-01 0.00e+00 0.00e+00 0.00e+00 0.00e+00 0.00e+00 0.00e+00 0.00e+00 0.00e+00 0.00e+00 0.00e+00 0.00e+00 0.00e+00 -4.36e-01 
-1.32e-01 1.00e+00 5.79e-01 -6.83e-01 7.05e-01 -5.98e-01 0.00e+00 0.00e+00 0.00e+00 0.00e+00 0.00e+00 0.00e+00 0.00e+00 0.00e+00 0.00e+00 0.00e+00 0.00e+00 0.00e+00 2.87e-01 
-7.20e-01 5.79e-01 1.00e+00 -9.79e-01 5.36e-01 -5.36e-01 0.00e+00 0.00e+00 0.00e+00 0.00e+00 0.00e+00 0.00e+00 0.00e+00 0.00e+00 0.00e+00 0.00e+00 0.00e+00 0.00e+00 5.06e-01 
6.21e-01 -6.83e-01 -9.79e-01 1.00e+00 -6.84e-01 6.40e-01 0.00e+00 0.00e+00 0.00e+00 0.00e+00 0.00e+00 0.00e+00 0.00e+00 0.00e+00 0.00e+00 0.00e+00 0.00e+00 0.00e+00 -5.46e-01 
4.45e-02 7.05e-01 5.36e-01 -6.84e-01 1.00e+00 -6.50e-01 0.00e+00 0.00e+00 0.00e+00 0.00e+00 0.00e+00 0.00e+00 0.00e+00 0.00e+00 0.00e+00 0.00e+00 0.00e+00 0.00e+00 4.22e-01 
3.60e-01 -5.98e-01 -5.36e-01 6.40e-01 -6.50e-01 1.00e+00 0.00e+00 0.00e+00 0.00e+00 0.00e+00 0.00e+00 0.00e+00 0.00e+00 0.00e+00 0.00e+00 0.00e+00 0.00e+00 0.00e+00 -5.20e-01 
0.00e+00 0.00e+00 0.00e+00 0.00e+00 0.00e+00 0.00e+00 1.00e+00 -3.14e-03 -6.27e-01 6.21e-01 -1.68e-01 7.71e-02 0.00e+00 0.00e+00 0.00e+00 0.00e+00 0.00e+00 0.00e+00 -9.68e-02 
0.00e+00 0.00e+00 0.00e+00 0.00e+00 0.00e+00 0.00e+00 -3.14e-03 1.00e+00 6.92e-01 -6.96e-01 3.23e-01 -8.85e-01 0.00e+00 0.00e+00 0.00e+00 0.00e+00 0.00e+00 0.00e+00 5.93e-01 
0.00e+00 0.00e+00 0.00e+00 0.00e+00 0.00e+00 0.00e+00 -6.27e-01 6.92e-01 1.00e+00 -1.00e+00 6.24e-01 -5.92e-01 0.00e+00 0.00e+00 0.00e+00 0.00e+00 0.00e+00 0.00e+00 4.62e-01 
0.00e+00 0.00e+00 0.00e+00 0.00e+00 0.00e+00 0.00e+00 6.21e-01 -6.96e-01 -1.00e+00 1.00e+00 -6.26e-01 5.93e-01 0.00e+00 0.00e+00 0.00e+00 0.00e+00 0.00e+00 0.00e+00 -4.63e-01 
0.00e+00 0.00e+00 0.00e+00 0.00e+00 0.00e+00 0.00e+00 -1.68e-01 3.23e-01 6.24e-01 -6.26e-01 1.00e+00 -3.18e-01 0.00e+00 0.00e+00 0.00e+00 0.00e+00 0.00e+00 0.00e+00 3.30e-01 
0.00e+00 0.00e+00 0.00e+00 0.00e+00 0.00e+00 0.00e+00 7.71e-02 -8.85e-01 -5.92e-01 5.93e-01 -3.18e-01 1.00e+00 0.00e+00 0.00e+00 0.00e+00 0.00e+00 0.00e+00 0.00e+00 -6.66e-01 
0.00e+00 0.00e+00 0.00e+00 0.00e+00 0.00e+00 0.00e+00 0.00e+00 0.00e+00 0.00e+00 0.00e+00 0.00e+00 0.00e+00 1.00e+00 -7.61e-01 -8.75e-01 8.58e-01 7.59e-01 4.95e-01 -1.33e-01 
0.00e+00 0.00e+00 0.00e+00 0.00e+00 0.00e+00 0.00e+00 0.00e+00 0.00e+00 0.00e+00 0.00e+00 0.00e+00 0.00e+00 -7.61e-01 1.00e+00 6.87e-01 -6.30e-01 -3.13e-01 -4.66e-01 1.26e-01 
0.00e+00 0.00e+00 0.00e+00 0.00e+00 0.00e+00 0.00e+00 0.00e+00 0.00e+00 0.00e+00 0.00e+00 0.00e+00 0.00e+00 -8.75e-01 6.87e-01 1.00e+00 -9.95e-01 -7.39e-01 -6.16e-01 1.30e-01 
0.00e+00 0.00e+00 0.00e+00 0.00e+00 0.00e+00 0.00e+00 0.00e+00 0.00e+00 0.00e+00 0.00e+00 0.00e+00 0.00e+00 8.58e-01 -6.30e-01 -9.95e-01 1.00e+00 7.65e-01 6.28e-01 -1.23e-01 
0.00e+00 0.00e+00 0.00e+00 0.00e+00 0.00e+00 0.00e+00 0.00e+00 0.00e+00 0.00e+00 0.00e+00 0.00e+00 0.00e+00 7.59e-01 -3.13e-01 -7.39e-01 7.65e-01 1.00e+00 2.43e-01 -6.81e-02 
0.00e+00 0.00e+00 0.00e+00 0.00e+00 0.00e+00 0.00e+00 0.00e+00 0.00e+00 0.00e+00 0.00e+00 0.00e+00 0.00e+00 4.95e-01 -4.66e-01 -6.16e-01 6.28e-01 2.43e-01 1.00e+00 -7.71e-02 
-4.36e-01 2.87e-01 5.06e-01 -5.46e-01 4.22e-01 -5.20e-01 -9.68e-02 5.93e-01 4.62e-01 -4.63e-01 3.30e-01 -6.66e-01 -1.33e-01 1.26e-01 1.30e-01 -1.23e-01 -6.81e-02 -7.71e-02 1.00e+00 


------------ITERATION 44 -----------------

ERROR SUM: 798.46

1.26e-01 8.83e-01 7.00e+01 2.33e+02 1.37e+02 2.00e+03 1.38e-01 8.24e-01 2.08e+01 1.05e+02 1.69e+02 2.00e+03 1.09e-01 7.54e-01 1.25e+02 1.21e+02 1.43e+02 2.01e+03 8.52e+36 


-2.2217e-03 1.3431e-03 2.3702e-03 -2.5215e-03 1.8098e-03 -2.5706e-03 -7.5996e-05 2.3600e-03 1.6738e-03 -1.6815e-03 1.3390e-03 -2.6312e-03 -3.1491e-04 2.4707e-04 4.9106e-04 -2.0625e-04 -5.1148e-04 -6.4081e-04 4.2727e-03 


1.00e+00 -1.32e-01 -7.20e-01 6.21e-01 4.45e-02 3.60e-01 0.00e+00 0.00e+00 0.00e+00 0.00e+00 0.00e+00 0.00e+00 0.00e+00 0.00e+00 0.00e+00 0.00e+00 0.00e+00 0.00e+00 -4.36e-01 
-1.32e-01 1.00e+00 5.79e-01 -6.83e-01 7.05e-01 -5.98e-01 0.00e+00 0.00e+00 0.00e+00 0.00e+00 0.00e+00 0.00e+00 0.00e+00 0.00e+00 0.00e+00 0.00e+00 0.00e+00 0.00e+00 2.87e-01 
-7.20e-01 5.79e-01 1.00e+00 -9.79e-01 5.36e-01 -5.36e-01 0.00e+00 0.00e+00 0.00e+00 0.00e+00 0.00e+00 0.00e+00 0.00e+00 0.00e+00 0.00e+00 0.00e+00 0.00e+00 0.00e+00 5.06e-01 
6.21e-01 -6.83e-01 -9.79e-01 1.00e+00 -6.84e-01 6.40e-01 0.00e+00 0.00e+00 0.00e+00 0.00e+00 0.00e+00 0.00e+00 0.00e+00 0.00e+00 0.00e+00 0.00e+00 0.00e+00 0.00e+00 -5.46e-01 
4.45e-02 7.05e-01 5.36e-01 -6.84e-01 1.00e+00 -6.50e-01 0.00e+00 0.00e+00 0.00e+00 0.00e+00 0.00e+00 0.00e+00 0.00e+00 0.00e+00 0.00e+00 0.00e+00 0.00e+00 0.00e+00 4.22e-01 
3.60e-01 -5.98e-01 -5.36e-01 6.40e-01 -6.50e-01 1.00e+00 0.00e+00 0.00e+00 0.00e+00 0.00e+00 0.00e+00 0.00e+00 0.00e+00 0.00e+00 0.00e+00 0.00e+00 0.00e+00 0.00e+00 -5.20e-01 
0.00e+00 0.00e+00 0.00e+00 0.00e+00 0.00e+00 0.00e+00 1.00e+00 -3.14e-03 -6.27e-01 6.21e-01 -1.68e-01 7.71e-02 0.00e+00 0.00e+00 0.00e+00 0.00e+00 0.00e+00 0.00e+00 -9.68e-02 
0.00e+00 0.00e+00 0.00e+00 0.00e+00 0.00e+00 0.00e+00 -3.14e-03 1.00e+00 6.92e-01 -6.96e-01 3.23e-01 -8.85e-01 0.00e+00 0.00e+00 0.00e+00 0.00e+00 0.00e+00 0.00e+00 5.93e-01 
0.00e+00 0.00e+00 0.00e+00 0.00e+00 0.00e+00 0.00e+00 -6.27e-01 6.92e-01 1.00e+00 -1.00e+00 6.24e-01 -5.92e-01 0.00e+00 0.00e+00 0.00e+00 0.00e+00 0.00e+00 0.00e+00 4.62e-01 
0.00e+00 0.00e+00 0.00e+00 0.00e+00 0.00e+00 0.00e+00 6.21e-01 -6.96e-01 -1.00e+00 1.00e+00 -6.26e-01 5.93e-01 0.00e+00 0.00e+00 0.00e+00 0.00e+00 0.00e+00 0.00e+00 -4.63e-01 
0.00e+00 0.00e+00 0.00e+00 0.00e+00 0.00e+00 0.00e+00 -1.68e-01 3.23e-01 6.24e-01 -6.26e-01 1.00e+00 -3.18e-01 0.00e+00 0.00e+00 0.00e+00 0.00e+00 0.00e+00 0.00e+00 3.30e-01 
0.00e+00 0.00e+00 0.00e+00 0.00e+00 0.00e+00 0.00e+00 7.71e-02 -8.85e-01 -5.92e-01 5.93e-01 -3.18e-01 1.00e+00 0.00e+00 0.00e+00 0.00e+00 0.00e+00 0.00e+00 0.00e+00 -6.66e-01 
0.00e+00 0.00e+00 0.00e+00 0.00e+00 0.00e+00 0.00e+00 0.00e+00 0.00e+00 0.00e+00 0.00e+00 0.00e+00 0.00e+00 1.00e+00 -7.61e-01 -8.75e-01 8.58e-01 7.59e-01 4.95e-01 -1.33e-01 
0.00e+00 0.00e+00 0.00e+00 0.00e+00 0.00e+00 0.00e+00 0.00e+00 0.00e+00 0.00e+00 0.00e+00 0.00e+00 0.00e+00 -7.61e-01 1.00e+00 6.87e-01 -6.30e-01 -3.13e-01 -4.66e-01 1.26e-01 
0.00e+00 0.00e+00 0.00e+00 0.00e+00 0.00e+00 0.00e+00 0.00e+00 0.00e+00 0.00e+00 0.00e+00 0.00e+00 0.00e+00 -8.75e-01 6.87e-01 1.00e+00 -9.95e-01 -7.39e-01 -6.16e-01 1.30e-01 
0.00e+00 0.00e+00 0.00e+00 0.00e+00 0.00e+00 0.00e+00 0.00e+00 0.00e+00 0.00e+00 0.00e+00 0.00e+00 0.00e+00 8.58e-01 -6.30e-01 -9.95e-01 1.00e+00 7.65e-01 6.28e-01 -1.23e-01 
0.00e+00 0.00e+00 0.00e+00 0.00e+00 0.00e+00 0.00e+00 0.00e+00 0.00e+00 0.00e+00 0.00e+00 0.00e+00 0.00e+00 7.59e-01 -3.13e-01 -7.39e-01 7.65e-01 1.00e+00 2.43e-01 -6.81e-02 
0.00e+00 0.00e+00 0.00e+00 0.00e+00 0.00e+00 0.00e+00 0.00e+00 0.00e+00 0.00e+00 0.00e+00 0.00e+00 0.00e+00 4.95e-01 -4.66e-01 -6.16e-01 6.28e-01 2.43e-01 1.00e+00 -7.71e-02 
-4.36e-01 2.87e-01 5.06e-01 -5.46e-01 4.22e-01 -5.20e-01 -9.68e-02 5.93e-01 4.62e-01 -4.63e-01 3.30e-01 -6.66e-01 -1.33e-01 1.26e-01 1.30e-01 -1.23e-01 -6.81e-02 -7.71e-02 1.00e+00 


------------ITERATION 45 -----------------

ERROR SUM: 798.46

1.26e-01 8.83e-01 7.00e+01 2.33e+02 1.37e+02 2.00e+03 1.38e-01 8.24e-01 2.08e+01 1.05e+02 1.69e+02 2.00e+03 1.09e-01 7.54e-01 1.25e+02 1.21e+02 1.43e+02 2.01e+03 8.52e+36 


-1.7783e-03 1.0747e-03 1.8967e-03 -2.0176e-03 1.4479e-03 -2.0573e-03 -6.0694e-05 1.8877e-03 1.3389e-03 -1.3450e-03 1.0714e-03 -2.1048e-03 -2.3347e-04 1.7447e-04 3.9099e-04 -1.4271e-04 -4.3576e-04 -5.3866e-04 3.4160e-03 


1.00e+00 -1.32e-01 -7.20e-01 6.21e-01 4.45e-02 3.60e-01 0.00e+00 0.00e+00 0.00e+00 0.00e+00 0.00e+00 0.00e+00 0.00e+00 0.00e+00 0.00e+00 0.00e+00 0.00e+00 0.00e+00 -4.36e-01 
-1.32e-01 1.00e+00 5.79e-01 -6.83e-01 7.05e-01 -5.98e-01 0.00e+00 0.00e+00 0.00e+00 0.00e+00 0.00e+00 0.00e+00 0.00e+00 0.00e+00 0.00e+00 0.00e+00 0.00e+00 0.00e+00 2.87e-01 
-7.20e-01 5.79e-01 1.00e+00 -9.79e-01 5.36e-01 -5.36e-01 0.00e+00 0.00e+00 0.00e+00 0.00e+00 0.00e+00 0.00e+00 0.00e+00 0.00e+00 0.00e+00 0.00e+00 0.00e+00 0.00e+00 5.06e-01 
6.21e-01 -6.83e-01 -9.79e-01 1.00e+00 -6.84e-01 6.40e-01 0.00e+00 0.00e+00 0.00e+00 0.00e+00 0.00e+00 0.00e+00 0.00e+00 0.00e+00 0.00e+00 0.00e+00 0.00e+00 0.00e+00 -5.46e-01 
4.45e-02 7.05e-01 5.36e-01 -6.84e-01 1.00e+00 -6.50e-01 0.00e+00 0.00e+00 0.00e+00 0.00e+00 0.00e+00 0.00e+00 0.00e+00 0.00e+00 0.00e+00 0.00e+00 0.00e+00 0.00e+00 4.22e-01 
3.60e-01 -5.98e-01 -5.36e-01 6.40e-01 -6.50e-01 1.00e+00 0.00e+00 0.00e+00 0.00e+00 0.00e+00 0.00e+00 0.00e+00 0.00e+00 0.00e+00 0.00e+00 0.00e+00 0.00e+00 0.00e+00 -5.20e-01 
0.00e+00 0.00e+00 0.00e+00 0.00e+00 0.00e+00 0.00e+00 1.00e+00 -3.15e-03 -6.27e-01 6.21e-01 -1.68e-01 7.71e-02 0.00e+00 0.00e+00 0.00e+00 0.00e+00 0.00e+00 0.00e+00 -9.68e-02 
0.00e+00 0.00e+00 0.00e+00 0.00e+00 0.00e+00 0.00e+00 -3.15e-03 1.00e+00 6.92e-01 -6.96e-01 3.23e-01 -8.85e-01 0.00e+00 0.00e+00 0.00e+00 0.00e+00 0.00e+00 0.00e+00 5.93e-01 
0.00e+00 0.00e+00 0.00e+00 0.00e+00 0.00e+00 0.00e+00 -6.27e-01 6.92e-01 1.00e+00 -1.00e+00 6.24e-01 -5.92e-01 0.00e+00 0.00e+00 0.00e+00 0.00e+00 0.00e+00 0.00e+00 4.62e-01 
0.00e+00 0.00e+00 0.00e+00 0.00e+00 0.00e+00 0.00e+00 6.21e-01 -6.96e-01 -1.00e+00 1.00e+00 -6.26e-01 5.93e-01 0.00e+00 0.00e+00 0.00e+00 0.00e+00 0.00e+00 0.00e+00 -4.63e-01 
0.00e+00 0.00e+00 0.00e+00 0.00e+00 0.00e+00 0.00e+00 -1.68e-01 3.23e-01 6.24e-01 -6.26e-01 1.00e+00 -3.18e-01 0.00e+00 0.00e+00 0.00e+00 0.00e+00 0.00e+00 0.00e+00 3.30e-01 
0.00e+00 0.00e+00 0.00e+00 0.00e+00 0.00e+00 0.00e+00 7.71e-02 -8.85e-01 -5.92e-01 5.93e-01 -3.18e-01 1.00e+00 0.00e+00 0.00e+00 0.00e+00 0.00e+00 0.00e+00 0.00e+00 -6.66e-01 
0.00e+00 0.00e+00 0.00e+00 0.00e+00 0.00e+00 0.00e+00 0.00e+00 0.00e+00 0.00e+00 0.00e+00 0.00e+00 0.00e+00 1.00e+00 -7.61e-01 -8.75e-01 8.58e-01 7.59e-01 4.95e-01 -1.33e-01 
0.00e+00 0.00e+00 0.00e+00 0.00e+00 0.00e+00 0.00e+00 0.00e+00 0.00e+00 0.00e+00 0.00e+00 0.00e+00 0.00e+00 -7.61e-01 1.00e+00 6.87e-01 -6.30e-01 -3.13e-01 -4.66e-01 1.26e-01 
0.00e+00 0.00e+00 0.00e+00 0.00e+00 0.00e+00 0.00e+00 0.00e+00 0.00e+00 0.00e+00 0.00e+00 0.00e+00 0.00e+00 -8.75e-01 6.87e-01 1.00e+00 -9.95e-01 -7.39e-01 -6.16e-01 1.30e-01 
0.00e+00 0.00e+00 0.00e+00 0.00e+00 0.00e+00 0.00e+00 0.00e+00 0.00e+00 0.00e+00 0.00e+00 0.00e+00 0.00e+00 8.58e-01 -6.30e-01 -9.95e-01 1.00e+00 7.65e-01 6.28e-01 -1.23e-01 
0.00e+00 0.00e+00 0.00e+00 0.00e+00 0.00e+00 0.00e+00 0.00e+00 0.00e+00 0.00e+00 0.00e+00 0.00e+00 0.00e+00 7.59e-01 -3.13e-01 -7.39e-01 7.65e-01 1.00e+00 2.43e-01 -6.81e-02 
0.00e+00 0.00e+00 0.00e+00 0.00e+00 0.00e+00 0.00e+00 0.00e+00 0.00e+00 0.00e+00 0.00e+00 0.00e+00 0.00e+00 4.95e-01 -4.66e-01 -6.16e-01 6.28e-01 2.43e-01 1.00e+00 -7.71e-02 
-4.36e-01 2.87e-01 5.06e-01 -5.46e-01 4.22e-01 -5.20e-01 -9.68e-02 5.93e-01 4.62e-01 -4.63e-01 3.30e-01 -6.66e-01 -1.33e-01 1.26e-01 1.30e-01 -1.23e-01 -6.81e-02 -7.71e-02 1.00e+00 


------------ITERATION 46 -----------------

ERROR SUM: 798.46

1.26e-01 8.83e-01 7.00e+01 2.33e+02 1.37e+02 2.00e+03 1.38e-01 8.24e-01 2.08e+01 1.05e+02 1.69e+02 2.00e+03 1.09e-01 7.54e-01 1.25e+02 1.21e+02 1.43e+02 2.01e+03 8.52e+36 


-1.4234e-03 8.5987e-04 1.5178e-03 -1.6144e-03 1.1583e-03 -1.6465e-03 -4.8473e-05 1.5099e-03 1.0709e-03 -1.0759e-03 8.5726e-04 -1.6837e-03 -1.7047e-04 1.1913e-04 3.1112e-04 -9.4477e-05 -3.7211e-04 -4.5383e-04 2.7308e-03 


1.00e+00 -1.32e-01 -7.20e-01 6.21e-01 4.45e-02 3.60e-01 0.00e+00 0.00e+00 0.00e+00 0.00e+00 0.00e+00 0.00e+00 0.00e+00 0.00e+00 0.00e+00 0.00e+00 0.00e+00 0.00e+00 -4.36e-01 
-1.32e-01 1.00e+00 5.79e-01 -6.83e-01 7.05e-01 -5.98e-01 0.00e+00 0.00e+00 0.00e+00 0.00e+00 0.00e+00 0.00e+00 0.00e+00 0.00e+00 0.00e+00 0.00e+00 0.00e+00 0.00e+00 2.87e-01 
-7.20e-01 5.79e-01 1.00e+00 -9.79e-01 5.36e-01 -5.36e-01 0.00e+00 0.00e+00 0.00e+00 0.00e+00 0.00e+00 0.00e+00 0.00e+00 0.00e+00 0.00e+00 0.00e+00 0.00e+00 0.00e+00 5.06e-01 
6.21e-01 -6.83e-01 -9.79e-01 1.00e+00 -6.84e-01 6.40e-01 0.00e+00 0.00e+00 0.00e+00 0.00e+00 0.00e+00 0.00e+00 0.00e+00 0.00e+00 0.00e+00 0.00e+00 0.00e+00 0.00e+00 -5.46e-01 
4.45e-02 7.05e-01 5.36e-01 -6.84e-01 1.00e+00 -6.50e-01 0.00e+00 0.00e+00 0.00e+00 0.00e+00 0.00e+00 0.00e+00 0.00e+00 0.00e+00 0.00e+00 0.00e+00 0.00e+00 0.00e+00 4.22e-01 
3.60e-01 -5.98e-01 -5.36e-01 6.40e-01 -6.50e-01 1.00e+00 0.00e+00 0.00e+00 0.00e+00 0.00e+00 0.00e+00 0.00e+00 0.00e+00 0.00e+00 0.00e+00 0.00e+00 0.00e+00 0.00e+00 -5.20e-01 
0.00e+00 0.00e+00 0.00e+00 0.00e+00 0.00e+00 0.00e+00 1.00e+00 -3.15e-03 -6.27e-01 6.21e-01 -1.68e-01 7.71e-02 0.00e+00 0.00e+00 0.00e+00 0.00e+00 0.00e+00 0.00e+00 -9.68e-02 
0.00e+00 0.00e+00 0.00e+00 0.00e+00 0.00e+00 0.00e+00 -3.15e-03 1.00e+00 6.92e-01 -6.96e-01 3.23e-01 -8.85e-01 0.00e+00 0.00e+00 0.00e+00 0.00e+00 0.00e+00 0.00e+00 5.93e-01 
0.00e+00 0.00e+00 0.00e+00 0.00e+00 0.00e+00 0.00e+00 -6.27e-01 6.92e-01 1.00e+00 -1.00e+00 6.24e-01 -5.92e-01 0.00e+00 0.00e+00 0.00e+00 0.00e+00 0.00e+00 0.00e+00 4.62e-01 
0.00e+00 0.00e+00 0.00e+00 0.00e+00 0.00e+00 0.00e+00 6.21e-01 -6.96e-01 -1.00e+00 1.00e+00 -6.26e-01 5.93e-01 0.00e+00 0.00e+00 0.00e+00 0.00e+00 0.00e+00 0.00e+00 -4.63e-01 
0.00e+00 0.00e+00 0.00e+00 0.00e+00 0.00e+00 0.00e+00 -1.68e-01 3.23e-01 6.24e-01 -6.26e-01 1.00e+00 -3.18e-01 0.00e+00 0.00e+00 0.00e+00 0.00e+00 0.00e+00 0.00e+00 3.30e-01 
0.00e+00 0.00e+00 0.00e+00 0.00e+00 0.00e+00 0.00e+00 7.71e-02 -8.85e-01 -5.92e-01 5.93e-01 -3.18e-01 1.00e+00 0.00e+00 0.00e+00 0.00e+00 0.00e+00 0.00e+00 0.00e+00 -6.66e-01 
0.00e+00 0.00e+00 0.00e+00 0.00e+00 0.00e+00 0.00e+00 0.00e+00 0.00e+00 0.00e+00 0.00e+00 0.00e+00 0.00e+00 1.00e+00 -7.61e-01 -8.75e-01 8.58e-01 7.59e-01 4.95e-01 -1.33e-01 
0.00e+00 0.00e+00 0.00e+00 0.00e+00 0.00e+00 0.00e+00 0.00e+00 0.00e+00 0.00e+00 0.00e+00 0.00e+00 0.00e+00 -7.61e-01 1.00e+00 6.87e-01 -6.30e-01 -3.13e-01 -4.66e-01 1.26e-01 
0.00e+00 0.00e+00 0.00e+00 0.00e+00 0.00e+00 0.00e+00 0.00e+00 0.00e+00 0.00e+00 0.00e+00 0.00e+00 0.00e+00 -8.75e-01 6.87e-01 1.00e+00 -9.95e-01 -7.39e-01 -6.16e-01 1.30e-01 
0.00e+00 0.00e+00 0.00e+00 0.00e+00 0.00e+00 0.00e+00 0.00e+00 0.00e+00 0.00e+00 0.00e+00 0.00e+00 0.00e+00 8.58e-01 -6.30e-01 -9.95e-01 1.00e+00 7.65e-01 6.28e-01 -1.23e-01 
0.00e+00 0.00e+00 0.00e+00 0.00e+00 0.00e+00 0.00e+00 0.00e+00 0.00e+00 0.00e+00 0.00e+00 0.00e+00 0.00e+00 7.59e-01 -3.13e-01 -7.39e-01 7.65e-01 1.00e+00 2.43e-01 -6.81e-02 
0.00e+00 0.00e+00 0.00e+00 0.00e+00 0.00e+00 0.00e+00 0.00e+00 0.00e+00 0.00e+00 0.00e+00 0.00e+00 0.00e+00 4.95e-01 -4.66e-01 -6.16e-01 6.28e-01 2.43e-01 1.00e+00 -7.71e-02 
-4.36e-01 2.87e-01 5.06e-01 -5.46e-01 4.22e-01 -5.20e-01 -9.68e-02 5.93e-01 4.62e-01 -4.63e-01 3.30e-01 -6.66e-01 -1.33e-01 1.26e-01 1.30e-01 -1.23e-01 -6.81e-02 -7.71e-02 1.00e+00 


------------ITERATION 47 -----------------

ERROR SUM: 798.46

1.26e-01 8.83e-01 7.00e+01 2.33e+02 1.37e+02 2.00e+03 1.38e-01 8.24e-01 2.08e+01 1.05e+02 1.69e+02 2.00e+03 1.09e-01 7.54e-01 1.25e+02 1.21e+02 1.43e+02 2.01e+03 8.52e+36 


-1.1393e-03 6.8802e-04 1.2146e-03 -1.2918e-03 9.2669e-04 -1.3177e-03 -3.8712e-05 1.2078e-03 8.5664e-04 -8.6057e-04 6.8593e-04 -1.3469e-03 -1.2197e-04 7.7277e-05 2.4738e-04 -5.8186e-05 -3.1847e-04 -3.8324e-04 2.1829e-03 


1.00e+00 -1.32e-01 -7.20e-01 6.21e-01 4.45e-02 3.60e-01 0.00e+00 0.00e+00 0.00e+00 0.00e+00 0.00e+00 0.00e+00 0.00e+00 0.00e+00 0.00e+00 0.00e+00 0.00e+00 0.00e+00 -4.36e-01 
-1.32e-01 1.00e+00 5.79e-01 -6.83e-01 7.05e-01 -5.98e-01 0.00e+00 0.00e+00 0.00e+00 0.00e+00 0.00e+00 0.00e+00 0.00e+00 0.00e+00 0.00e+00 0.00e+00 0.00e+00 0.00e+00 2.87e-01 
-7.20e-01 5.79e-01 1.00e+00 -9.79e-01 5.36e-01 -5.36e-01 0.00e+00 0.00e+00 0.00e+00 0.00e+00 0.00e+00 0.00e+00 0.00e+00 0.00e+00 0.00e+00 0.00e+00 0.00e+00 0.00e+00 5.06e-01 
6.21e-01 -6.83e-01 -9.79e-01 1.00e+00 -6.84e-01 6.40e-01 0.00e+00 0.00e+00 0.00e+00 0.00e+00 0.00e+00 0.00e+00 0.00e+00 0.00e+00 0.00e+00 0.00e+00 0.00e+00 0.00e+00 -5.46e-01 
4.45e-02 7.05e-01 5.36e-01 -6.84e-01 1.00e+00 -6.50e-01 0.00e+00 0.00e+00 0.00e+00 0.00e+00 0.00e+00 0.00e+00 0.00e+00 0.00e+00 0.00e+00 0.00e+00 0.00e+00 0.00e+00 4.22e-01 
3.60e-01 -5.98e-01 -5.36e-01 6.40e-01 -6.50e-01 1.00e+00 0.00e+00 0.00e+00 0.00e+00 0.00e+00 0.00e+00 0.00e+00 0.00e+00 0.00e+00 0.00e+00 0.00e+00 0.00e+00 0.00e+00 -5.20e-01 
0.00e+00 0.00e+00 0.00e+00 0.00e+00 0.00e+00 0.00e+00 1.00e+00 -3.15e-03 -6.27e-01 6.21e-01 -1.68e-01 7.71e-02 0.00e+00 0.00e+00 0.00e+00 0.00e+00 0.00e+00 0.00e+00 -9.68e-02 
0.00e+00 0.00e+00 0.00e+00 0.00e+00 0.00e+00 0.00e+00 -3.15e-03 1.00e+00 6.92e-01 -6.96e-01 3.23e-01 -8.85e-01 0.00e+00 0.00e+00 0.00e+00 0.00e+00 0.00e+00 0.00e+00 5.93e-01 
0.00e+00 0.00e+00 0.00e+00 0.00e+00 0.00e+00 0.00e+00 -6.27e-01 6.92e-01 1.00e+00 -1.00e+00 6.24e-01 -5.92e-01 0.00e+00 0.00e+00 0.00e+00 0.00e+00 0.00e+00 0.00e+00 4.62e-01 
0.00e+00 0.00e+00 0.00e+00 0.00e+00 0.00e+00 0.00e+00 6.21e-01 -6.96e-01 -1.00e+00 1.00e+00 -6.26e-01 5.93e-01 0.00e+00 0.00e+00 0.00e+00 0.00e+00 0.00e+00 0.00e+00 -4.63e-01 
0.00e+00 0.00e+00 0.00e+00 0.00e+00 0.00e+00 0.00e+00 -1.68e-01 3.23e-01 6.24e-01 -6.26e-01 1.00e+00 -3.18e-01 0.00e+00 0.00e+00 0.00e+00 0.00e+00 0.00e+00 0.00e+00 3.30e-01 
0.00e+00 0.00e+00 0.00e+00 0.00e+00 0.00e+00 0.00e+00 7.71e-02 -8.85e-01 -5.92e-01 5.93e-01 -3.18e-01 1.00e+00 0.00e+00 0.00e+00 0.00e+00 0.00e+00 0.00e+00 0.00e+00 -6.66e-01 
0.00e+00 0.00e+00 0.00e+00 0.00e+00 0.00e+00 0.00e+00 0.00e+00 0.00e+00 0.00e+00 0.00e+00 0.00e+00 0.00e+00 1.00e+00 -7.61e-01 -8.75e-01 8.58e-01 7.59e-01 4.95e-01 -1.33e-01 
0.00e+00 0.00e+00 0.00e+00 0.00e+00 0.00e+00 0.00e+00 0.00e+00 0.00e+00 0.00e+00 0.00e+00 0.00e+00 0.00e+00 -7.61e-01 1.00e+00 6.87e-01 -6.30e-01 -3.13e-01 -4.66e-01 1.26e-01 
0.00e+00 0.00e+00 0.00e+00 0.00e+00 0.00e+00 0.00e+00 0.00e+00 0.00e+00 0.00e+00 0.00e+00 0.00e+00 0.00e+00 -8.75e-01 6.87e-01 1.00e+00 -9.95e-01 -7.39e-01 -6.16e-01 1.30e-01 
0.00e+00 0.00e+00 0.00e+00 0.00e+00 0.00e+00 0.00e+00 0.00e+00 0.00e+00 0.00e+00 0.00e+00 0.00e+00 0.00e+00 8.58e-01 -6.30e-01 -9.95e-01 1.00e+00 7.65e-01 6.28e-01 -1.23e-01 
0.00e+00 0.00e+00 0.00e+00 0.00e+00 0.00e+00 0.00e+00 0.00e+00 0.00e+00 0.00e+00 0.00e+00 0.00e+00 0.00e+00 7.59e-01 -3.13e-01 -7.39e-01 7.65e-01 1.00e+00 2.43e-01 -6.81e-02 
0.00e+00 0.00e+00 0.00e+00 0.00e+00 0.00e+00 0.00e+00 0.00e+00 0.00e+00 0.00e+00 0.00e+00 0.00e+00 0.00e+00 4.95e-01 -4.66e-01 -6.16e-01 6.28e-01 2.43e-01 1.00e+00 -7.71e-02 
-4.36e-01 2.87e-01 5.06e-01 -5.46e-01 4.22e-01 -5.20e-01 -9.68e-02 5.93e-01 4.62e-01 -4.63e-01 3.30e-01 -6.66e-01 -1.33e-01 1.26e-01 1.30e-01 -1.23e-01 -6.81e-02 -7.71e-02 1.00e+00 


------------ITERATION 48 -----------------

ERROR SUM: 798.46

1.26e-01 8.83e-01 7.00e+01 2.33e+02 1.37e+02 2.00e+03 1.38e-01 8.24e-01 2.08e+01 1.05e+02 1.69e+02 2.00e+03 1.09e-01 7.54e-01 1.25e+02 1.21e+02 1.43e+02 2.01e+03 8.52e+36 


-9.1193e-04 5.5051e-04 9.7193e-04 -1.0337e-03 7.4138e-04 -1.0546e-03 -3.0916e-05 9.6609e-04 6.8521e-04 -6.8836e-04 5.4884e-04 -1.0774e-03 -8.4857e-05 4.5930e-05 1.9655e-04 -3.1185e-05 -2.7314e-04 -3.2436e-04 1.7447e-03 


1.00e+00 -1.32e-01 -7.20e-01 6.21e-01 4.45e-02 3.60e-01 0.00e+00 0.00e+00 0.00e+00 0.00e+00 0.00e+00 0.00e+00 0.00e+00 0.00e+00 0.00e+00 0.00e+00 0.00e+00 0.00e+00 -4.36e-01 
-1.32e-01 1.00e+00 5.79e-01 -6.83e-01 7.05e-01 -5.98e-01 0.00e+00 0.00e+00 0.00e+00 0.00e+00 0.00e+00 0.00e+00 0.00e+00 0.00e+00 0.00e+00 0.00e+00 0.00e+00 0.00e+00 2.87e-01 
-7.20e-01 5.79e-01 1.00e+00 -9.79e-01 5.36e-01 -5.36e-01 0.00e+00 0.00e+00 0.00e+00 0.00e+00 0.00e+00 0.00e+00 0.00e+00 0.00e+00 0.00e+00 0.00e+00 0.00e+00 0.00e+00 5.06e-01 
6.21e-01 -6.83e-01 -9.79e-01 1.00e+00 -6.84e-01 6.40e-01 0.00e+00 0.00e+00 0.00e+00 0.00e+00 0.00e+00 0.00e+00 0.00e+00 0.00e+00 0.00e+00 0.00e+00 0.00e+00 0.00e+00 -5.46e-01 
4.45e-02 7.05e-01 5.36e-01 -6.84e-01 1.00e+00 -6.50e-01 0.00e+00 0.00e+00 0.00e+00 0.00e+00 0.00e+00 0.00e+00 0.00e+00 0.00e+00 0.00e+00 0.00e+00 0.00e+00 0.00e+00 4.22e-01 
3.60e-01 -5.98e-01 -5.36e-01 6.40e-01 -6.50e-01 1.00e+00 0.00e+00 0.00e+00 0.00e+00 0.00e+00 0.00e+00 0.00e+00 0.00e+00 0.00e+00 0.00e+00 0.00e+00 0.00e+00 0.00e+00 -5.20e-01 
0.00e+00 0.00e+00 0.00e+00 0.00e+00 0.00e+00 0.00e+00 1.00e+00 -3.15e-03 -6.27e-01 6.21e-01 -1.68e-01 7.71e-02 0.00e+00 0.00e+00 0.00e+00 0.00e+00 0.00e+00 0.00e+00 -9.68e-02 
0.00e+00 0.00e+00 0.00e+00 0.00e+00 0.00e+00 0.00e+00 -3.15e-03 1.00e+00 6.92e-01 -6.96e-01 3.23e-01 -8.85e-01 0.00e+00 0.00e+00 0.00e+00 0.00e+00 0.00e+00 0.00e+00 5.93e-01 
0.00e+00 0.00e+00 0.00e+00 0.00e+00 0.00e+00 0.00e+00 -6.27e-01 6.92e-01 1.00e+00 -1.00e+00 6.24e-01 -5.92e-01 0.00e+00 0.00e+00 0.00e+00 0.00e+00 0.00e+00 0.00e+00 4.62e-01 
0.00e+00 0.00e+00 0.00e+00 0.00e+00 0.00e+00 0.00e+00 6.21e-01 -6.96e-01 -1.00e+00 1.00e+00 -6.26e-01 5.93e-01 0.00e+00 0.00e+00 0.00e+00 0.00e+00 0.00e+00 0.00e+00 -4.63e-01 
0.00e+00 0.00e+00 0.00e+00 0.00e+00 0.00e+00 0.00e+00 -1.68e-01 3.23e-01 6.24e-01 -6.26e-01 1.00e+00 -3.18e-01 0.00e+00 0.00e+00 0.00e+00 0.00e+00 0.00e+00 0.00e+00 3.30e-01 
0.00e+00 0.00e+00 0.00e+00 0.00e+00 0.00e+00 0.00e+00 7.71e-02 -8.85e-01 -5.92e-01 5.93e-01 -3.18e-01 1.00e+00 0.00e+00 0.00e+00 0.00e+00 0.00e+00 0.00e+00 0.00e+00 -6.66e-01 
0.00e+00 0.00e+00 0.00e+00 0.00e+00 0.00e+00 0.00e+00 0.00e+00 0.00e+00 0.00e+00 0.00e+00 0.00e+00 0.00e+00 1.00e+00 -7.61e-01 -8.75e-01 8.58e-01 7.59e-01 4.95e-01 -1.33e-01 
0.00e+00 0.00e+00 0.00e+00 0.00e+00 0.00e+00 0.00e+00 0.00e+00 0.00e+00 0.00e+00 0.00e+00 0.00e+00 0.00e+00 -7.61e-01 1.00e+00 6.87e-01 -6.30e-01 -3.13e-01 -4.66e-01 1.26e-01 
0.00e+00 0.00e+00 0.00e+00 0.00e+00 0.00e+00 0.00e+00 0.00e+00 0.00e+00 0.00e+00 0.00e+00 0.00e+00 0.00e+00 -8.75e-01 6.87e-01 1.00e+00 -9.95e-01 -7.39e-01 -6.16e-01 1.30e-01 
0.00e+00 0.00e+00 0.00e+00 0.00e+00 0.00e+00 0.00e+00 0.00e+00 0.00e+00 0.00e+00 0.00e+00 0.00e+00 0.00e+00 8.58e-01 -6.30e-01 -9.95e-01 1.00e+00 7.65e-01 6.28e-01 -1.23e-01 
0.00e+00 0.00e+00 0.00e+00 0.00e+00 0.00e+00 0.00e+00 0.00e+00 0.00e+00 0.00e+00 0.00e+00 0.00e+00 0.00e+00 7.59e-01 -3.13e-01 -7.39e-01 7.65e-01 1.00e+00 2.43e-01 -6.81e-02 
0.00e+00 0.00e+00 0.00e+00 0.00e+00 0.00e+00 0.00e+00 0.00e+00 0.00e+00 0.00e+00 0.00e+00 0.00e+00 0.00e+00 4.95e-01 -4.66e-01 -6.16e-01 6.28e-01 2.43e-01 1.00e+00 -7.71e-02 
-4.36e-01 2.87e-01 5.06e-01 -5.46e-01 4.22e-01 -5.20e-01 -9.68e-02 5.93e-01 4.62e-01 -4.63e-01 3.30e-01 -6.66e-01 -1.33e-01 1.26e-01 1.30e-01 -1.23e-01 -6.81e-02 -7.71e-02 1.00e+00 


------------ITERATION 49 -----------------

ERROR SUM: 798.46

1.26e-01 8.83e-01 7.00e+01 2.33e+02 1.37e+02 2.00e+03 1.38e-01 8.24e-01 2.08e+01 1.05e+02 1.69e+02 2.00e+03 1.09e-01 7.54e-01 1.25e+02 1.21e+02 1.43e+02 2.01e+03 8.52e+36 


-7.2994e-04 4.4049e-04 7.7777e-04 -8.2711e-04 5.9312e-04 -8.4406e-04 -2.4690e-05 7.7275e-04 5.4809e-04 -5.5061e-04 4.3915e-04 -8.6187e-04 -5.6656e-05 2.2733e-05 1.5602e-04 -1.1379e-05 -2.3474e-04 -2.7514e-04 1.3943e-03 


1.00e+00 -1.32e-01 -7.20e-01 6.21e-01 4.45e-02 3.60e-01 0.00e+00 0.00e+00 0.00e+00 0.00e+00 0.00e+00 0.00e+00 0.00e+00 0.00e+00 0.00e+00 0.00e+00 0.00e+00 0.00e+00 -4.36e-01 
-1.32e-01 1.00e+00 5.79e-01 -6.83e-01 7.05e-01 -5.98e-01 0.00e+00 0.00e+00 0.00e+00 0.00e+00 0.00e+00 0.00e+00 0.00e+00 0.00e+00 0.00e+00 0.00e+00 0.00e+00 0.00e+00 2.87e-01 
-7.20e-01 5.79e-01 1.00e+00 -9.79e-01 5.36e-01 -5.36e-01 0.00e+00 0.00e+00 0.00e+00 0.00e+00 0.00e+00 0.00e+00 0.00e+00 0.00e+00 0.00e+00 0.00e+00 0.00e+00 0.00e+00 5.06e-01 
6.21e-01 -6.83e-01 -9.79e-01 1.00e+00 -6.84e-01 6.40e-01 0.00e+00 0.00e+00 0.00e+00 0.00e+00 0.00e+00 0.00e+00 0.00e+00 0.00e+00 0.00e+00 0.00e+00 0.00e+00 0.00e+00 -5.46e-01 
4.45e-02 7.05e-01 5.36e-01 -6.84e-01 1.00e+00 -6.50e-01 0.00e+00 0.00e+00 0.00e+00 0.00e+00 0.00e+00 0.00e+00 0.00e+00 0.00e+00 0.00e+00 0.00e+00 0.00e+00 0.00e+00 4.22e-01 
3.60e-01 -5.98e-01 -5.36e-01 6.40e-01 -6.50e-01 1.00e+00 0.00e+00 0.00e+00 0.00e+00 0.00e+00 0.00e+00 0.00e+00 0.00e+00 0.00e+00 0.00e+00 0.00e+00 0.00e+00 0.00e+00 -5.20e-01 
0.00e+00 0.00e+00 0.00e+00 0.00e+00 0.00e+00 0.00e+00 1.00e+00 -3.15e-03 -6.27e-01 6.21e-01 -1.68e-01 7.71e-02 0.00e+00 0.00e+00 0.00e+00 0.00e+00 0.00e+00 0.00e+00 -9.68e-02 
0.00e+00 0.00e+00 0.00e+00 0.00e+00 0.00e+00 0.00e+00 -3.15e-03 1.00e+00 6.92e-01 -6.96e-01 3.23e-01 -8.85e-01 0.00e+00 0.00e+00 0.00e+00 0.00e+00 0.00e+00 0.00e+00 5.93e-01 
0.00e+00 0.00e+00 0.00e+00 0.00e+00 0.00e+00 0.00e+00 -6.27e-01 6.92e-01 1.00e+00 -1.00e+00 6.24e-01 -5.92e-01 0.00e+00 0.00e+00 0.00e+00 0.00e+00 0.00e+00 0.00e+00 4.62e-01 
0.00e+00 0.00e+00 0.00e+00 0.00e+00 0.00e+00 0.00e+00 6.21e-01 -6.96e-01 -1.00e+00 1.00e+00 -6.26e-01 5.93e-01 0.00e+00 0.00e+00 0.00e+00 0.00e+00 0.00e+00 0.00e+00 -4.63e-01 
0.00e+00 0.00e+00 0.00e+00 0.00e+00 0.00e+00 0.00e+00 -1.68e-01 3.23e-01 6.24e-01 -6.26e-01 1.00e+00 -3.18e-01 0.00e+00 0.00e+00 0.00e+00 0.00e+00 0.00e+00 0.00e+00 3.30e-01 
0.00e+00 0.00e+00 0.00e+00 0.00e+00 0.00e+00 0.00e+00 7.71e-02 -8.85e-01 -5.92e-01 5.93e-01 -3.18e-01 1.00e+00 0.00e+00 0.00e+00 0.00e+00 0.00e+00 0.00e+00 0.00e+00 -6.66e-01 
0.00e+00 0.00e+00 0.00e+00 0.00e+00 0.00e+00 0.00e+00 0.00e+00 0.00e+00 0.00e+00 0.00e+00 0.00e+00 0.00e+00 1.00e+00 -7.61e-01 -8.75e-01 8.58e-01 7.59e-01 4.95e-01 -1.33e-01 
0.00e+00 0.00e+00 0.00e+00 0.00e+00 0.00e+00 0.00e+00 0.00e+00 0.00e+00 0.00e+00 0.00e+00 0.00e+00 0.00e+00 -7.61e-01 1.00e+00 6.87e-01 -6.30e-01 -3.13e-01 -4.66e-01 1.26e-01 
0.00e+00 0.00e+00 0.00e+00 0.00e+00 0.00e+00 0.00e+00 0.00e+00 0.00e+00 0.00e+00 0.00e+00 0.00e+00 0.00e+00 -8.75e-01 6.87e-01 1.00e+00 -9.95e-01 -7.39e-01 -6.16e-01 1.30e-01 
0.00e+00 0.00e+00 0.00e+00 0.00e+00 0.00e+00 0.00e+00 0.00e+00 0.00e+00 0.00e+00 0.00e+00 0.00e+00 0.00e+00 8.58e-01 -6.30e-01 -9.95e-01 1.00e+00 7.65e-01 6.28e-01 -1.23e-01 
0.00e+00 0.00e+00 0.00e+00 0.00e+00 0.00e+00 0.00e+00 0.00e+00 0.00e+00 0.00e+00 0.00e+00 0.00e+00 0.00e+00 7.59e-01 -3.13e-01 -7.39e-01 7.65e-01 1.00e+00 2.43e-01 -6.81e-02 
0.00e+00 0.00e+00 0.00e+00 0.00e+00 0.00e+00 0.00e+00 0.00e+00 0.00e+00 0.00e+00 0.00e+00 0.00e+00 0.00e+00 4.95e-01 -4.66e-01 -6.16e-01 6.28e-01 2.43e-01 1.00e+00 -7.71e-02 
-4.36e-01 2.87e-01 5.06e-01 -5.46e-01 4.22e-01 -5.20e-01 -9.68e-02 5.93e-01 4.62e-01 -4.63e-01 3.30e-01 -6.66e-01 -1.33e-01 1.26e-01 1.30e-01 -1.23e-01 -6.81e-02 -7.71e-02 1.00e+00 


------------ITERATION 50 -----------------

ERROR SUM: 798.46

1.26e-01 8.83e-01 7.00e+01 2.33e+02 1.37e+02 2.00e+03 1.38e-01 8.24e-01 2.08e+01 1.05e+02 1.69e+02 2.00e+03 1.09e-01 7.54e-01 1.25e+02 1.21e+02 1.43e+02 2.01e+03 8.52e+36 


-5.8426e-04 3.5246e-04 6.2240e-04 -6.6183e-04 4.7451e-04 -6.7554e-04 -1.9718e-05 6.1811e-04 4.3841e-04 -4.4043e-04 3.5138e-04 -6.8944e-04 -3.5410e-05 5.8332e-06 1.2372e-04 2.8789e-06 -2.0213e-04 -2.3390e-04 1.1141e-03 


1.00e+00 -1.32e-01 -7.20e-01 6.21e-01 4.45e-02 3.60e-01 0.00e+00 0.00e+00 0.00e+00 0.00e+00 0.00e+00 0.00e+00 0.00e+00 0.00e+00 0.00e+00 0.00e+00 0.00e+00 0.00e+00 -4.36e-01 
-1.32e-01 1.00e+00 5.79e-01 -6.83e-01 7.05e-01 -5.98e-01 0.00e+00 0.00e+00 0.00e+00 0.00e+00 0.00e+00 0.00e+00 0.00e+00 0.00e+00 0.00e+00 0.00e+00 0.00e+00 0.00e+00 2.87e-01 
-7.20e-01 5.79e-01 1.00e+00 -9.79e-01 5.36e-01 -5.36e-01 0.00e+00 0.00e+00 0.00e+00 0.00e+00 0.00e+00 0.00e+00 0.00e+00 0.00e+00 0.00e+00 0.00e+00 0.00e+00 0.00e+00 5.06e-01 
6.21e-01 -6.83e-01 -9.79e-01 1.00e+00 -6.84e-01 6.40e-01 0.00e+00 0.00e+00 0.00e+00 0.00e+00 0.00e+00 0.00e+00 0.00e+00 0.00e+00 0.00e+00 0.00e+00 0.00e+00 0.00e+00 -5.46e-01 
4.45e-02 7.05e-01 5.36e-01 -6.84e-01 1.00e+00 -6.50e-01 0.00e+00 0.00e+00 0.00e+00 0.00e+00 0.00e+00 0.00e+00 0.00e+00 0.00e+00 0.00e+00 0.00e+00 0.00e+00 0.00e+00 4.22e-01 
3.60e-01 -5.98e-01 -5.36e-01 6.40e-01 -6.50e-01 1.00e+00 0.00e+00 0.00e+00 0.00e+00 0.00e+00 0.00e+00 0.00e+00 0.00e+00 0.00e+00 0.00e+00 0.00e+00 0.00e+00 0.00e+00 -5.20e-01 
0.00e+00 0.00e+00 0.00e+00 0.00e+00 0.00e+00 0.00e+00 1.00e+00 -3.15e-03 -6.27e-01 6.21e-01 -1.68e-01 7.71e-02 0.00e+00 0.00e+00 0.00e+00 0.00e+00 0.00e+00 0.00e+00 -9.68e-02 
0.00e+00 0.00e+00 0.00e+00 0.00e+00 0.00e+00 0.00e+00 -3.15e-03 1.00e+00 6.92e-01 -6.96e-01 3.23e-01 -8.85e-01 0.00e+00 0.00e+00 0.00e+00 0.00e+00 0.00e+00 0.00e+00 5.93e-01 
0.00e+00 0.00e+00 0.00e+00 0.00e+00 0.00e+00 0.00e+00 -6.27e-01 6.92e-01 1.00e+00 -1.00e+00 6.24e-01 -5.92e-01 0.00e+00 0.00e+00 0.00e+00 0.00e+00 0.00e+00 0.00e+00 4.62e-01 
0.00e+00 0.00e+00 0.00e+00 0.00e+00 0.00e+00 0.00e+00 6.21e-01 -6.96e-01 -1.00e+00 1.00e+00 -6.26e-01 5.93e-01 0.00e+00 0.00e+00 0.00e+00 0.00e+00 0.00e+00 0.00e+00 -4.63e-01 
0.00e+00 0.00e+00 0.00e+00 0.00e+00 0.00e+00 0.00e+00 -1.68e-01 3.23e-01 6.24e-01 -6.26e-01 1.00e+00 -3.18e-01 0.00e+00 0.00e+00 0.00e+00 0.00e+00 0.00e+00 0.00e+00 3.30e-01 
0.00e+00 0.00e+00 0.00e+00 0.00e+00 0.00e+00 0.00e+00 7.71e-02 -8.85e-01 -5.92e-01 5.93e-01 -3.18e-01 1.00e+00 0.00e+00 0.00e+00 0.00e+00 0.00e+00 0.00e+00 0.00e+00 -6.66e-01 
0.00e+00 0.00e+00 0.00e+00 0.00e+00 0.00e+00 0.00e+00 0.00e+00 0.00e+00 0.00e+00 0.00e+00 0.00e+00 0.00e+00 1.00e+00 -7.61e-01 -8.75e-01 8.58e-01 7.59e-01 4.95e-01 -1.33e-01 
0.00e+00 0.00e+00 0.00e+00 0.00e+00 0.00e+00 0.00e+00 0.00e+00 0.00e+00 0.00e+00 0.00e+00 0.00e+00 0.00e+00 -7.61e-01 1.00e+00 6.87e-01 -6.30e-01 -3.13e-01 -4.66e-01 1.26e-01 
0.00e+00 0.00e+00 0.00e+00 0.00e+00 0.00e+00 0.00e+00 0.00e+00 0.00e+00 0.00e+00 0.00e+00 0.00e+00 0.00e+00 -8.75e-01 6.87e-01 1.00e+00 -9.95e-01 -7.39e-01 -6.16e-01 1.30e-01 
0.00e+00 0.00e+00 0.00e+00 0.00e+00 0.00e+00 0.00e+00 0.00e+00 0.00e+00 0.00e+00 0.00e+00 0.00e+00 0.00e+00 8.58e-01 -6.30e-01 -9.95e-01 1.00e+00 7.65e-01 6.28e-01 -1.23e-01 
0.00e+00 0.00e+00 0.00e+00 0.00e+00 0.00e+00 0.00e+00 0.00e+00 0.00e+00 0.00e+00 0.00e+00 0.00e+00 0.00e+00 7.59e-01 -3.13e-01 -7.39e-01 7.65e-01 1.00e+00 2.43e-01 -6.81e-02 
0.00e+00 0.00e+00 0.00e+00 0.00e+00 0.00e+00 0.00e+00 0.00e+00 0.00e+00 0.00e+00 0.00e+00 0.00e+00 0.00e+00 4.95e-01 -4.66e-01 -6.16e-01 6.28e-01 2.43e-01 1.00e+00 -7.71e-02 
-4.36e-01 2.87e-01 5.06e-01 -5.46e-01 4.22e-01 -5.20e-01 -9.68e-02 5.93e-01 4.62e-01 -4.63e-01 3.30e-01 -6.66e-01 -1.33e-01 1.26e-01 1.30e-01 -1.23e-01 -6.81e-02 -7.71e-02 1.00e+00 


------------ITERATION 51 -----------------

ERROR SUM: 798.46

1.26e-01 8.83e-01 7.00e+01 2.33e+02 1.37e+02 2.00e+03 1.38e-01 8.24e-01 2.08e+01 1.05e+02 1.69e+02 2.00e+03 1.09e-01 7.54e-01 1.25e+02 1.21e+02 1.43e+02 2.01e+03 8.52e+36 


-4.6766e-04 2.8202e-04 4.9807e-04 -5.2958e-04 3.7962e-04 -5.4066e-04 -1.5747e-05 4.9441e-04 3.5068e-04 -3.5229e-04 2.8116e-04 -5.5150e-04 -1.9576e-05 -6.2244e-06 9.8002e-05 1.2883e-05 -1.7437e-04 -1.9927e-04 8.9012e-04 


1.00e+00 -1.32e-01 -7.20e-01 6.21e-01 4.45e-02 3.60e-01 0.00e+00 0.00e+00 0.00e+00 0.00e+00 0.00e+00 0.00e+00 0.00e+00 0.00e+00 0.00e+00 0.00e+00 0.00e+00 0.00e+00 -4.36e-01 
-1.32e-01 1.00e+00 5.79e-01 -6.83e-01 7.05e-01 -5.98e-01 0.00e+00 0.00e+00 0.00e+00 0.00e+00 0.00e+00 0.00e+00 0.00e+00 0.00e+00 0.00e+00 0.00e+00 0.00e+00 0.00e+00 2.87e-01 
-7.20e-01 5.79e-01 1.00e+00 -9.79e-01 5.36e-01 -5.36e-01 0.00e+00 0.00e+00 0.00e+00 0.00e+00 0.00e+00 0.00e+00 0.00e+00 0.00e+00 0.00e+00 0.00e+00 0.00e+00 0.00e+00 5.06e-01 
6.21e-01 -6.83e-01 -9.79e-01 1.00e+00 -6.84e-01 6.40e-01 0.00e+00 0.00e+00 0.00e+00 0.00e+00 0.00e+00 0.00e+00 0.00e+00 0.00e+00 0.00e+00 0.00e+00 0.00e+00 0.00e+00 -5.46e-01 
4.45e-02 7.05e-01 5.36e-01 -6.84e-01 1.00e+00 -6.50e-01 0.00e+00 0.00e+00 0.00e+00 0.00e+00 0.00e+00 0.00e+00 0.00e+00 0.00e+00 0.00e+00 0.00e+00 0.00e+00 0.00e+00 4.22e-01 
3.60e-01 -5.98e-01 -5.36e-01 6.40e-01 -6.50e-01 1.00e+00 0.00e+00 0.00e+00 0.00e+00 0.00e+00 0.00e+00 0.00e+00 0.00e+00 0.00e+00 0.00e+00 0.00e+00 0.00e+00 0.00e+00 -5.20e-01 
0.00e+00 0.00e+00 0.00e+00 0.00e+00 0.00e+00 0.00e+00 1.00e+00 -3.15e-03 -6.27e-01 6.21e-01 -1.68e-01 7.71e-02 0.00e+00 0.00e+00 0.00e+00 0.00e+00 0.00e+00 0.00e+00 -9.68e-02 
0.00e+00 0.00e+00 0.00e+00 0.00e+00 0.00e+00 0.00e+00 -3.15e-03 1.00e+00 6.92e-01 -6.96e-01 3.23e-01 -8.85e-01 0.00e+00 0.00e+00 0.00e+00 0.00e+00 0.00e+00 0.00e+00 5.93e-01 
0.00e+00 0.00e+00 0.00e+00 0.00e+00 0.00e+00 0.00e+00 -6.27e-01 6.92e-01 1.00e+00 -1.00e+00 6.24e-01 -5.92e-01 0.00e+00 0.00e+00 0.00e+00 0.00e+00 0.00e+00 0.00e+00 4.62e-01 
0.00e+00 0.00e+00 0.00e+00 0.00e+00 0.00e+00 0.00e+00 6.21e-01 -6.96e-01 -1.00e+00 1.00e+00 -6.26e-01 5.93e-01 0.00e+00 0.00e+00 0.00e+00 0.00e+00 0.00e+00 0.00e+00 -4.63e-01 
0.00e+00 0.00e+00 0.00e+00 0.00e+00 0.00e+00 0.00e+00 -1.68e-01 3.23e-01 6.24e-01 -6.26e-01 1.00e+00 -3.18e-01 0.00e+00 0.00e+00 0.00e+00 0.00e+00 0.00e+00 0.00e+00 3.30e-01 
0.00e+00 0.00e+00 0.00e+00 0.00e+00 0.00e+00 0.00e+00 7.71e-02 -8.85e-01 -5.92e-01 5.93e-01 -3.18e-01 1.00e+00 0.00e+00 0.00e+00 0.00e+00 0.00e+00 0.00e+00 0.00e+00 -6.66e-01 
0.00e+00 0.00e+00 0.00e+00 0.00e+00 0.00e+00 0.00e+00 0.00e+00 0.00e+00 0.00e+00 0.00e+00 0.00e+00 0.00e+00 1.00e+00 -7.61e-01 -8.75e-01 8.58e-01 7.59e-01 4.95e-01 -1.33e-01 
0.00e+00 0.00e+00 0.00e+00 0.00e+00 0.00e+00 0.00e+00 0.00e+00 0.00e+00 0.00e+00 0.00e+00 0.00e+00 0.00e+00 -7.61e-01 1.00e+00 6.87e-01 -6.30e-01 -3.13e-01 -4.66e-01 1.26e-01 
0.00e+00 0.00e+00 0.00e+00 0.00e+00 0.00e+00 0.00e+00 0.00e+00 0.00e+00 0.00e+00 0.00e+00 0.00e+00 0.00e+00 -8.75e-01 6.87e-01 1.00e+00 -9.95e-01 -7.39e-01 -6.16e-01 1.30e-01 
0.00e+00 0.00e+00 0.00e+00 0.00e+00 0.00e+00 0.00e+00 0.00e+00 0.00e+00 0.00e+00 0.00e+00 0.00e+00 0.00e+00 8.58e-01 -6.30e-01 -9.95e-01 1.00e+00 7.65e-01 6.28e-01 -1.23e-01 
0.00e+00 0.00e+00 0.00e+00 0.00e+00 0.00e+00 0.00e+00 0.00e+00 0.00e+00 0.00e+00 0.00e+00 0.00e+00 0.00e+00 7.59e-01 -3.13e-01 -7.39e-01 7.65e-01 1.00e+00 2.43e-01 -6.81e-02 
0.00e+00 0.00e+00 0.00e+00 0.00e+00 0.00e+00 0.00e+00 0.00e+00 0.00e+00 0.00e+00 0.00e+00 0.00e+00 0.00e+00 4.95e-01 -4.66e-01 -6.16e-01 6.28e-01 2.43e-01 1.00e+00 -7.71e-02 
-4.36e-01 2.87e-01 5.06e-01 -5.46e-01 4.22e-01 -5.20e-01 -9.68e-02 5.93e-01 4.62e-01 -4.63e-01 3.30e-01 -6.66e-01 -1.33e-01 1.26e-01 1.30e-01 -1.23e-01 -6.81e-02 -7.71e-02 1.00e+00 


------------ITERATION 52 -----------------

ERROR SUM: 798.46

1.26e-01 8.83e-01 7.00e+01 2.33e+02 1.37e+02 2.00e+03 1.38e-01 8.24e-01 2.08e+01 1.05e+02 1.69e+02 2.00e+03 1.09e-01 7.54e-01 1.25e+02 1.21e+02 1.43e+02 2.01e+03 8.52e+36 


-3.7433e-04 2.2566e-04 3.9857e-04 -4.2376e-04 3.0370e-04 -4.3272e-04 -1.2575e-05 3.9547e-04 2.8050e-04 -2.8179e-04 2.2497e-04 -4.4116e-04 -7.9343e-06 -1.4581e-05 7.7528e-05 1.9647e-05 -1.5068e-04 -1.7012e-04 7.1104e-04 


1.00e+00 -1.32e-01 -7.20e-01 6.21e-01 4.45e-02 3.60e-01 0.00e+00 0.00e+00 0.00e+00 0.00e+00 0.00e+00 0.00e+00 0.00e+00 0.00e+00 0.00e+00 0.00e+00 0.00e+00 0.00e+00 -4.36e-01 
-1.32e-01 1.00e+00 5.79e-01 -6.83e-01 7.05e-01 -5.98e-01 0.00e+00 0.00e+00 0.00e+00 0.00e+00 0.00e+00 0.00e+00 0.00e+00 0.00e+00 0.00e+00 0.00e+00 0.00e+00 0.00e+00 2.87e-01 
-7.20e-01 5.79e-01 1.00e+00 -9.79e-01 5.36e-01 -5.36e-01 0.00e+00 0.00e+00 0.00e+00 0.00e+00 0.00e+00 0.00e+00 0.00e+00 0.00e+00 0.00e+00 0.00e+00 0.00e+00 0.00e+00 5.06e-01 
6.21e-01 -6.83e-01 -9.79e-01 1.00e+00 -6.84e-01 6.40e-01 0.00e+00 0.00e+00 0.00e+00 0.00e+00 0.00e+00 0.00e+00 0.00e+00 0.00e+00 0.00e+00 0.00e+00 0.00e+00 0.00e+00 -5.46e-01 
4.45e-02 7.05e-01 5.36e-01 -6.84e-01 1.00e+00 -6.50e-01 0.00e+00 0.00e+00 0.00e+00 0.00e+00 0.00e+00 0.00e+00 0.00e+00 0.00e+00 0.00e+00 0.00e+00 0.00e+00 0.00e+00 4.22e-01 
3.60e-01 -5.98e-01 -5.36e-01 6.40e-01 -6.50e-01 1.00e+00 0.00e+00 0.00e+00 0.00e+00 0.00e+00 0.00e+00 0.00e+00 0.00e+00 0.00e+00 0.00e+00 0.00e+00 0.00e+00 0.00e+00 -5.20e-01 
0.00e+00 0.00e+00 0.00e+00 0.00e+00 0.00e+00 0.00e+00 1.00e+00 -3.15e-03 -6.27e-01 6.21e-01 -1.68e-01 7.71e-02 0.00e+00 0.00e+00 0.00e+00 0.00e+00 0.00e+00 0.00e+00 -9.68e-02 
0.00e+00 0.00e+00 0.00e+00 0.00e+00 0.00e+00 0.00e+00 -3.15e-03 1.00e+00 6.92e-01 -6.96e-01 3.23e-01 -8.85e-01 0.00e+00 0.00e+00 0.00e+00 0.00e+00 0.00e+00 0.00e+00 5.93e-01 
0.00e+00 0.00e+00 0.00e+00 0.00e+00 0.00e+00 0.00e+00 -6.27e-01 6.92e-01 1.00e+00 -1.00e+00 6.24e-01 -5.92e-01 0.00e+00 0.00e+00 0.00e+00 0.00e+00 0.00e+00 0.00e+00 4.62e-01 
0.00e+00 0.00e+00 0.00e+00 0.00e+00 0.00e+00 0.00e+00 6.21e-01 -6.96e-01 -1.00e+00 1.00e+00 -6.26e-01 5.93e-01 0.00e+00 0.00e+00 0.00e+00 0.00e+00 0.00e+00 0.00e+00 -4.63e-01 
0.00e+00 0.00e+00 0.00e+00 0.00e+00 0.00e+00 0.00e+00 -1.68e-01 3.23e-01 6.24e-01 -6.26e-01 1.00e+00 -3.18e-01 0.00e+00 0.00e+00 0.00e+00 0.00e+00 0.00e+00 0.00e+00 3.30e-01 
0.00e+00 0.00e+00 0.00e+00 0.00e+00 0.00e+00 0.00e+00 7.71e-02 -8.85e-01 -5.92e-01 5.93e-01 -3.18e-01 1.00e+00 0.00e+00 0.00e+00 0.00e+00 0.00e+00 0.00e+00 0.00e+00 -6.66e-01 
0.00e+00 0.00e+00 0.00e+00 0.00e+00 0.00e+00 0.00e+00 0.00e+00 0.00e+00 0.00e+00 0.00e+00 0.00e+00 0.00e+00 1.00e+00 -7.61e-01 -8.75e-01 8.58e-01 7.59e-01 4.95e-01 -1.33e-01 
0.00e+00 0.00e+00 0.00e+00 0.00e+00 0.00e+00 0.00e+00 0.00e+00 0.00e+00 0.00e+00 0.00e+00 0.00e+00 0.00e+00 -7.61e-01 1.00e+00 6.87e-01 -6.30e-01 -3.13e-01 -4.66e-01 1.26e-01 
0.00e+00 0.00e+00 0.00e+00 0.00e+00 0.00e+00 0.00e+00 0.00e+00 0.00e+00 0.00e+00 0.00e+00 0.00e+00 0.00e+00 -8.75e-01 6.87e-01 1.00e+00 -9.95e-01 -7.39e-01 -6.16e-01 1.30e-01 
0.00e+00 0.00e+00 0.00e+00 0.00e+00 0.00e+00 0.00e+00 0.00e+00 0.00e+00 0.00e+00 0.00e+00 0.00e+00 0.00e+00 8.58e-01 -6.30e-01 -9.95e-01 1.00e+00 7.65e-01 6.28e-01 -1.23e-01 
0.00e+00 0.00e+00 0.00e+00 0.00e+00 0.00e+00 0.00e+00 0.00e+00 0.00e+00 0.00e+00 0.00e+00 0.00e+00 0.00e+00 7.59e-01 -3.13e-01 -7.39e-01 7.65e-01 1.00e+00 2.43e-01 -6.81e-02 
0.00e+00 0.00e+00 0.00e+00 0.00e+00 0.00e+00 0.00e+00 0.00e+00 0.00e+00 0.00e+00 0.00e+00 0.00e+00 0.00e+00 4.95e-01 -4.66e-01 -6.16e-01 6.28e-01 2.43e-01 1.00e+00 -7.71e-02 
-4.36e-01 2.87e-01 5.06e-01 -5.46e-01 4.22e-01 -5.20e-01 -9.68e-02 5.93e-01 4.62e-01 -4.63e-01 3.30e-01 -6.66e-01 -1.33e-01 1.26e-01 1.30e-01 -1.23e-01 -6.81e-02 -7.71e-02 1.00e+00 


------------ITERATION 53 -----------------

ERROR SUM: 798.46

1.26e-01 8.83e-01 7.00e+01 2.33e+02 1.37e+02 2.00e+03 1.38e-01 8.24e-01 2.08e+01 1.05e+02 1.69e+02 2.00e+03 1.09e-01 7.54e-01 1.25e+02 1.21e+02 1.43e+02 2.01e+03 8.52e+36 


-2.9962e-04 1.8057e-04 3.1895e-04 -3.3908e-04 2.4297e-04 -3.4633e-04 -1.0042e-05 3.1632e-04 2.2436e-04 -2.2540e-04 1.8001e-04 -3.5290e-04 4.7223e-07 -2.0131e-05 6.1243e-05 2.3963e-05 -1.3042e-04 -1.4553e-04 5.6790e-04 


1.00e+00 -1.32e-01 -7.20e-01 6.21e-01 4.45e-02 3.60e-01 0.00e+00 0.00e+00 0.00e+00 0.00e+00 0.00e+00 0.00e+00 0.00e+00 0.00e+00 0.00e+00 0.00e+00 0.00e+00 0.00e+00 -4.36e-01 
-1.32e-01 1.00e+00 5.79e-01 -6.83e-01 7.05e-01 -5.98e-01 0.00e+00 0.00e+00 0.00e+00 0.00e+00 0.00e+00 0.00e+00 0.00e+00 0.00e+00 0.00e+00 0.00e+00 0.00e+00 0.00e+00 2.87e-01 
-7.20e-01 5.79e-01 1.00e+00 -9.79e-01 5.36e-01 -5.36e-01 0.00e+00 0.00e+00 0.00e+00 0.00e+00 0.00e+00 0.00e+00 0.00e+00 0.00e+00 0.00e+00 0.00e+00 0.00e+00 0.00e+00 5.06e-01 
6.21e-01 -6.83e-01 -9.79e-01 1.00e+00 -6.84e-01 6.40e-01 0.00e+00 0.00e+00 0.00e+00 0.00e+00 0.00e+00 0.00e+00 0.00e+00 0.00e+00 0.00e+00 0.00e+00 0.00e+00 0.00e+00 -5.46e-01 
4.45e-02 7.05e-01 5.36e-01 -6.84e-01 1.00e+00 -6.50e-01 0.00e+00 0.00e+00 0.00e+00 0.00e+00 0.00e+00 0.00e+00 0.00e+00 0.00e+00 0.00e+00 0.00e+00 0.00e+00 0.00e+00 4.22e-01 
3.60e-01 -5.98e-01 -5.36e-01 6.40e-01 -6.50e-01 1.00e+00 0.00e+00 0.00e+00 0.00e+00 0.00e+00 0.00e+00 0.00e+00 0.00e+00 0.00e+00 0.00e+00 0.00e+00 0.00e+00 0.00e+00 -5.20e-01 
0.00e+00 0.00e+00 0.00e+00 0.00e+00 0.00e+00 0.00e+00 1.00e+00 -3.15e-03 -6.27e-01 6.21e-01 -1.68e-01 7.71e-02 0.00e+00 0.00e+00 0.00e+00 0.00e+00 0.00e+00 0.00e+00 -9.68e-02 
0.00e+00 0.00e+00 0.00e+00 0.00e+00 0.00e+00 0.00e+00 -3.15e-03 1.00e+00 6.92e-01 -6.96e-01 3.23e-01 -8.85e-01 0.00e+00 0.00e+00 0.00e+00 0.00e+00 0.00e+00 0.00e+00 5.93e-01 
0.00e+00 0.00e+00 0.00e+00 0.00e+00 0.00e+00 0.00e+00 -6.27e-01 6.92e-01 1.00e+00 -1.00e+00 6.24e-01 -5.92e-01 0.00e+00 0.00e+00 0.00e+00 0.00e+00 0.00e+00 0.00e+00 4.62e-01 
0.00e+00 0.00e+00 0.00e+00 0.00e+00 0.00e+00 0.00e+00 6.21e-01 -6.96e-01 -1.00e+00 1.00e+00 -6.26e-01 5.93e-01 0.00e+00 0.00e+00 0.00e+00 0.00e+00 0.00e+00 0.00e+00 -4.63e-01 
0.00e+00 0.00e+00 0.00e+00 0.00e+00 0.00e+00 0.00e+00 -1.68e-01 3.23e-01 6.24e-01 -6.26e-01 1.00e+00 -3.18e-01 0.00e+00 0.00e+00 0.00e+00 0.00e+00 0.00e+00 0.00e+00 3.30e-01 
0.00e+00 0.00e+00 0.00e+00 0.00e+00 0.00e+00 0.00e+00 7.71e-02 -8.85e-01 -5.92e-01 5.93e-01 -3.18e-01 1.00e+00 0.00e+00 0.00e+00 0.00e+00 0.00e+00 0.00e+00 0.00e+00 -6.66e-01 
0.00e+00 0.00e+00 0.00e+00 0.00e+00 0.00e+00 0.00e+00 0.00e+00 0.00e+00 0.00e+00 0.00e+00 0.00e+00 0.00e+00 1.00e+00 -7.61e-01 -8.75e-01 8.58e-01 7.59e-01 4.95e-01 -1.33e-01 
0.00e+00 0.00e+00 0.00e+00 0.00e+00 0.00e+00 0.00e+00 0.00e+00 0.00e+00 0.00e+00 0.00e+00 0.00e+00 0.00e+00 -7.61e-01 1.00e+00 6.87e-01 -6.30e-01 -3.13e-01 -4.66e-01 1.26e-01 
0.00e+00 0.00e+00 0.00e+00 0.00e+00 0.00e+00 0.00e+00 0.00e+00 0.00e+00 0.00e+00 0.00e+00 0.00e+00 0.00e+00 -8.75e-01 6.87e-01 1.00e+00 -9.95e-01 -7.39e-01 -6.16e-01 1.30e-01 
0.00e+00 0.00e+00 0.00e+00 0.00e+00 0.00e+00 0.00e+00 0.00e+00 0.00e+00 0.00e+00 0.00e+00 0.00e+00 0.00e+00 8.58e-01 -6.30e-01 -9.95e-01 1.00e+00 7.65e-01 6.28e-01 -1.23e-01 
0.00e+00 0.00e+00 0.00e+00 0.00e+00 0.00e+00 0.00e+00 0.00e+00 0.00e+00 0.00e+00 0.00e+00 0.00e+00 0.00e+00 7.59e-01 -3.13e-01 -7.39e-01 7.65e-01 1.00e+00 2.43e-01 -6.81e-02 
0.00e+00 0.00e+00 0.00e+00 0.00e+00 0.00e+00 0.00e+00 0.00e+00 0.00e+00 0.00e+00 0.00e+00 0.00e+00 0.00e+00 4.95e-01 -4.66e-01 -6.16e-01 6.28e-01 2.43e-01 1.00e+00 -7.71e-02 
-4.36e-01 2.87e-01 5.06e-01 -5.46e-01 4.22e-01 -5.20e-01 -9.68e-02 5.93e-01 4.62e-01 -4.63e-01 3.30e-01 -6.66e-01 -1.33e-01 1.26e-01 1.30e-01 -1.23e-01 -6.81e-02 -7.71e-02 1.00e+00 


------------ITERATION 54 -----------------

ERROR SUM: 798.46

1.26e-01 8.83e-01 7.00e+01 2.33e+02 1.37e+02 2.00e+03 1.38e-01 8.24e-01 2.08e+01 1.05e+02 1.69e+02 2.00e+03 1.09e-01 7.54e-01 1.25e+02 1.21e+02 1.43e+02 2.01e+03 8.52e+36 


-2.3983e-04 1.4448e-04 2.5524e-04 -2.7132e-04 1.9438e-04 -2.7718e-04 -8.0194e-06 2.5302e-04 1.7946e-04 -1.8029e-04 1.4404e-04 -2.8229e-04 6.3968e-06 -2.3568e-05 4.8300e-05 2.6449e-05 -1.1305e-04 -1.2473e-04 4.5348e-04 


1.00e+00 -1.32e-01 -7.20e-01 6.21e-01 4.45e-02 3.60e-01 0.00e+00 0.00e+00 0.00e+00 0.00e+00 0.00e+00 0.00e+00 0.00e+00 0.00e+00 0.00e+00 0.00e+00 0.00e+00 0.00e+00 -4.36e-01 
-1.32e-01 1.00e+00 5.79e-01 -6.83e-01 7.05e-01 -5.98e-01 0.00e+00 0.00e+00 0.00e+00 0.00e+00 0.00e+00 0.00e+00 0.00e+00 0.00e+00 0.00e+00 0.00e+00 0.00e+00 0.00e+00 2.87e-01 
-7.20e-01 5.79e-01 1.00e+00 -9.79e-01 5.36e-01 -5.36e-01 0.00e+00 0.00e+00 0.00e+00 0.00e+00 0.00e+00 0.00e+00 0.00e+00 0.00e+00 0.00e+00 0.00e+00 0.00e+00 0.00e+00 5.06e-01 
6.21e-01 -6.83e-01 -9.79e-01 1.00e+00 -6.84e-01 6.40e-01 0.00e+00 0.00e+00 0.00e+00 0.00e+00 0.00e+00 0.00e+00 0.00e+00 0.00e+00 0.00e+00 0.00e+00 0.00e+00 0.00e+00 -5.46e-01 
4.45e-02 7.05e-01 5.36e-01 -6.84e-01 1.00e+00 -6.50e-01 0.00e+00 0.00e+00 0.00e+00 0.00e+00 0.00e+00 0.00e+00 0.00e+00 0.00e+00 0.00e+00 0.00e+00 0.00e+00 0.00e+00 4.22e-01 
3.60e-01 -5.98e-01 -5.36e-01 6.40e-01 -6.50e-01 1.00e+00 0.00e+00 0.00e+00 0.00e+00 0.00e+00 0.00e+00 0.00e+00 0.00e+00 0.00e+00 0.00e+00 0.00e+00 0.00e+00 0.00e+00 -5.20e-01 
0.00e+00 0.00e+00 0.00e+00 0.00e+00 0.00e+00 0.00e+00 1.00e+00 -3.15e-03 -6.27e-01 6.21e-01 -1.68e-01 7.71e-02 0.00e+00 0.00e+00 0.00e+00 0.00e+00 0.00e+00 0.00e+00 -9.68e-02 
0.00e+00 0.00e+00 0.00e+00 0.00e+00 0.00e+00 0.00e+00 -3.15e-03 1.00e+00 6.92e-01 -6.96e-01 3.23e-01 -8.85e-01 0.00e+00 0.00e+00 0.00e+00 0.00e+00 0.00e+00 0.00e+00 5.93e-01 
0.00e+00 0.00e+00 0.00e+00 0.00e+00 0.00e+00 0.00e+00 -6.27e-01 6.92e-01 1.00e+00 -1.00e+00 6.24e-01 -5.92e-01 0.00e+00 0.00e+00 0.00e+00 0.00e+00 0.00e+00 0.00e+00 4.62e-01 
0.00e+00 0.00e+00 0.00e+00 0.00e+00 0.00e+00 0.00e+00 6.21e-01 -6.96e-01 -1.00e+00 1.00e+00 -6.26e-01 5.93e-01 0.00e+00 0.00e+00 0.00e+00 0.00e+00 0.00e+00 0.00e+00 -4.63e-01 
0.00e+00 0.00e+00 0.00e+00 0.00e+00 0.00e+00 0.00e+00 -1.68e-01 3.23e-01 6.24e-01 -6.26e-01 1.00e+00 -3.18e-01 0.00e+00 0.00e+00 0.00e+00 0.00e+00 0.00e+00 0.00e+00 3.30e-01 
0.00e+00 0.00e+00 0.00e+00 0.00e+00 0.00e+00 0.00e+00 7.71e-02 -8.85e-01 -5.92e-01 5.93e-01 -3.18e-01 1.00e+00 0.00e+00 0.00e+00 0.00e+00 0.00e+00 0.00e+00 0.00e+00 -6.66e-01 
0.00e+00 0.00e+00 0.00e+00 0.00e+00 0.00e+00 0.00e+00 0.00e+00 0.00e+00 0.00e+00 0.00e+00 0.00e+00 0.00e+00 1.00e+00 -7.61e-01 -8.75e-01 8.58e-01 7.59e-01 4.95e-01 -1.33e-01 
0.00e+00 0.00e+00 0.00e+00 0.00e+00 0.00e+00 0.00e+00 0.00e+00 0.00e+00 0.00e+00 0.00e+00 0.00e+00 0.00e+00 -7.61e-01 1.00e+00 6.87e-01 -6.30e-01 -3.13e-01 -4.66e-01 1.26e-01 
0.00e+00 0.00e+00 0.00e+00 0.00e+00 0.00e+00 0.00e+00 0.00e+00 0.00e+00 0.00e+00 0.00e+00 0.00e+00 0.00e+00 -8.75e-01 6.87e-01 1.00e+00 -9.95e-01 -7.39e-01 -6.16e-01 1.30e-01 
0.00e+00 0.00e+00 0.00e+00 0.00e+00 0.00e+00 0.00e+00 0.00e+00 0.00e+00 0.00e+00 0.00e+00 0.00e+00 0.00e+00 8.58e-01 -6.30e-01 -9.95e-01 1.00e+00 7.65e-01 6.28e-01 -1.23e-01 
0.00e+00 0.00e+00 0.00e+00 0.00e+00 0.00e+00 0.00e+00 0.00e+00 0.00e+00 0.00e+00 0.00e+00 0.00e+00 0.00e+00 7.59e-01 -3.13e-01 -7.39e-01 7.65e-01 1.00e+00 2.43e-01 -6.81e-02 
0.00e+00 0.00e+00 0.00e+00 0.00e+00 0.00e+00 0.00e+00 0.00e+00 0.00e+00 0.00e+00 0.00e+00 0.00e+00 0.00e+00 4.95e-01 -4.66e-01 -6.16e-01 6.28e-01 2.43e-01 1.00e+00 -7.71e-02 
-4.36e-01 2.87e-01 5.06e-01 -5.46e-01 4.22e-01 -5.20e-01 -9.68e-02 5.93e-01 4.62e-01 -4.63e-01 3.30e-01 -6.66e-01 -1.33e-01 1.26e-01 1.30e-01 -1.23e-01 -6.81e-02 -7.71e-02 1.00e+00 


------------ITERATION 55 -----------------

ERROR SUM: 798.46

1.26e-01 8.83e-01 7.00e+01 2.33e+02 1.37e+02 2.00e+03 1.38e-01 8.24e-01 2.08e+01 1.05e+02 1.69e+02 2.00e+03 1.09e-01 7.54e-01 1.25e+02 1.21e+02 1.43e+02 2.01e+03 8.52e+36 


-1.9197e-04 1.1561e-04 2.0425e-04 -2.1711e-04 1.5551e-04 -2.2185e-04 -6.4039e-06 2.0238e-04 1.4355e-04 -1.4421e-04 1.1526e-04 -2.2581e-04 1.0429e-05 -2.5435e-05 3.8021e-05 2.7584e-05 -9.8142e-05 -1.0711e-04 3.6203e-04 


1.00e+00 -1.32e-01 -7.20e-01 6.21e-01 4.45e-02 3.60e-01 0.00e+00 0.00e+00 0.00e+00 0.00e+00 0.00e+00 0.00e+00 0.00e+00 0.00e+00 0.00e+00 0.00e+00 0.00e+00 0.00e+00 -4.36e-01 
-1.32e-01 1.00e+00 5.79e-01 -6.83e-01 7.05e-01 -5.98e-01 0.00e+00 0.00e+00 0.00e+00 0.00e+00 0.00e+00 0.00e+00 0.00e+00 0.00e+00 0.00e+00 0.00e+00 0.00e+00 0.00e+00 2.87e-01 
-7.20e-01 5.79e-01 1.00e+00 -9.79e-01 5.36e-01 -5.36e-01 0.00e+00 0.00e+00 0.00e+00 0.00e+00 0.00e+00 0.00e+00 0.00e+00 0.00e+00 0.00e+00 0.00e+00 0.00e+00 0.00e+00 5.06e-01 
6.21e-01 -6.83e-01 -9.79e-01 1.00e+00 -6.84e-01 6.40e-01 0.00e+00 0.00e+00 0.00e+00 0.00e+00 0.00e+00 0.00e+00 0.00e+00 0.00e+00 0.00e+00 0.00e+00 0.00e+00 0.00e+00 -5.46e-01 
4.45e-02 7.05e-01 5.36e-01 -6.84e-01 1.00e+00 -6.50e-01 0.00e+00 0.00e+00 0.00e+00 0.00e+00 0.00e+00 0.00e+00 0.00e+00 0.00e+00 0.00e+00 0.00e+00 0.00e+00 0.00e+00 4.22e-01 
3.60e-01 -5.98e-01 -5.36e-01 6.40e-01 -6.50e-01 1.00e+00 0.00e+00 0.00e+00 0.00e+00 0.00e+00 0.00e+00 0.00e+00 0.00e+00 0.00e+00 0.00e+00 0.00e+00 0.00e+00 0.00e+00 -5.20e-01 
0.00e+00 0.00e+00 0.00e+00 0.00e+00 0.00e+00 0.00e+00 1.00e+00 -3.15e-03 -6.27e-01 6.21e-01 -1.68e-01 7.71e-02 0.00e+00 0.00e+00 0.00e+00 0.00e+00 0.00e+00 0.00e+00 -9.68e-02 
0.00e+00 0.00e+00 0.00e+00 0.00e+00 0.00e+00 0.00e+00 -3.15e-03 1.00e+00 6.92e-01 -6.96e-01 3.23e-01 -8.85e-01 0.00e+00 0.00e+00 0.00e+00 0.00e+00 0.00e+00 0.00e+00 5.93e-01 
0.00e+00 0.00e+00 0.00e+00 0.00e+00 0.00e+00 0.00e+00 -6.27e-01 6.92e-01 1.00e+00 -1.00e+00 6.24e-01 -5.92e-01 0.00e+00 0.00e+00 0.00e+00 0.00e+00 0.00e+00 0.00e+00 4.62e-01 
0.00e+00 0.00e+00 0.00e+00 0.00e+00 0.00e+00 0.00e+00 6.21e-01 -6.96e-01 -1.00e+00 1.00e+00 -6.26e-01 5.93e-01 0.00e+00 0.00e+00 0.00e+00 0.00e+00 0.00e+00 0.00e+00 -4.63e-01 
0.00e+00 0.00e+00 0.00e+00 0.00e+00 0.00e+00 0.00e+00 -1.68e-01 3.23e-01 6.24e-01 -6.26e-01 1.00e+00 -3.18e-01 0.00e+00 0.00e+00 0.00e+00 0.00e+00 0.00e+00 0.00e+00 3.30e-01 
0.00e+00 0.00e+00 0.00e+00 0.00e+00 0.00e+00 0.00e+00 7.71e-02 -8.85e-01 -5.92e-01 5.93e-01 -3.18e-01 1.00e+00 0.00e+00 0.00e+00 0.00e+00 0.00e+00 0.00e+00 0.00e+00 -6.66e-01 
0.00e+00 0.00e+00 0.00e+00 0.00e+00 0.00e+00 0.00e+00 0.00e+00 0.00e+00 0.00e+00 0.00e+00 0.00e+00 0.00e+00 1.00e+00 -7.61e-01 -8.75e-01 8.58e-01 7.59e-01 4.95e-01 -1.33e-01 
0.00e+00 0.00e+00 0.00e+00 0.00e+00 0.00e+00 0.00e+00 0.00e+00 0.00e+00 0.00e+00 0.00e+00 0.00e+00 0.00e+00 -7.61e-01 1.00e+00 6.87e-01 -6.30e-01 -3.13e-01 -4.66e-01 1.26e-01 
0.00e+00 0.00e+00 0.00e+00 0.00e+00 0.00e+00 0.00e+00 0.00e+00 0.00e+00 0.00e+00 0.00e+00 0.00e+00 0.00e+00 -8.75e-01 6.87e-01 1.00e+00 -9.95e-01 -7.39e-01 -6.16e-01 1.30e-01 
0.00e+00 0.00e+00 0.00e+00 0.00e+00 0.00e+00 0.00e+00 0.00e+00 0.00e+00 0.00e+00 0.00e+00 0.00e+00 0.00e+00 8.58e-01 -6.30e-01 -9.95e-01 1.00e+00 7.65e-01 6.28e-01 -1.23e-01 
0.00e+00 0.00e+00 0.00e+00 0.00e+00 0.00e+00 0.00e+00 0.00e+00 0.00e+00 0.00e+00 0.00e+00 0.00e+00 0.00e+00 7.59e-01 -3.13e-01 -7.39e-01 7.65e-01 1.00e+00 2.43e-01 -6.81e-02 
0.00e+00 0.00e+00 0.00e+00 0.00e+00 0.00e+00 0.00e+00 0.00e+00 0.00e+00 0.00e+00 0.00e+00 0.00e+00 0.00e+00 4.95e-01 -4.66e-01 -6.16e-01 6.28e-01 2.43e-01 1.00e+00 -7.71e-02 
-4.36e-01 2.87e-01 5.06e-01 -5.46e-01 4.22e-01 -5.20e-01 -9.68e-02 5.93e-01 4.62e-01 -4.63e-01 3.30e-01 -6.66e-01 -1.33e-01 1.26e-01 1.30e-01 -1.23e-01 -6.81e-02 -7.71e-02 1.00e+00 


------------ITERATION 56 -----------------

ERROR SUM: 798.46

1.26e-01 8.83e-01 7.00e+01 2.33e+02 1.37e+02 2.00e+03 1.38e-01 8.24e-01 2.08e+01 1.05e+02 1.69e+02 2.00e+03 1.09e-01 7.54e-01 1.25e+02 1.21e+02 1.43e+02 2.01e+03 8.52e+36 


-1.5366e-04 9.2511e-05 1.6345e-04 -1.7372e-04 1.2441e-04 -1.7756e-04 -5.1138e-06 1.6188e-04 1.1482e-04 -1.1535e-04 9.2227e-05 -1.8063e-04 1.3031e-05 -2.6150e-05 2.9867e-05 2.7737e-05 -8.5310e-05 -9.2145e-05 2.8896e-04 


1.00e+00 -1.32e-01 -7.20e-01 6.21e-01 4.45e-02 3.60e-01 0.00e+00 0.00e+00 0.00e+00 0.00e+00 0.00e+00 0.00e+00 0.00e+00 0.00e+00 0.00e+00 0.00e+00 0.00e+00 0.00e+00 -4.36e-01 
-1.32e-01 1.00e+00 5.79e-01 -6.83e-01 7.05e-01 -5.98e-01 0.00e+00 0.00e+00 0.00e+00 0.00e+00 0.00e+00 0.00e+00 0.00e+00 0.00e+00 0.00e+00 0.00e+00 0.00e+00 0.00e+00 2.87e-01 
-7.20e-01 5.79e-01 1.00e+00 -9.79e-01 5.36e-01 -5.36e-01 0.00e+00 0.00e+00 0.00e+00 0.00e+00 0.00e+00 0.00e+00 0.00e+00 0.00e+00 0.00e+00 0.00e+00 0.00e+00 0.00e+00 5.06e-01 
6.21e-01 -6.83e-01 -9.79e-01 1.00e+00 -6.84e-01 6.40e-01 0.00e+00 0.00e+00 0.00e+00 0.00e+00 0.00e+00 0.00e+00 0.00e+00 0.00e+00 0.00e+00 0.00e+00 0.00e+00 0.00e+00 -5.46e-01 
4.45e-02 7.05e-01 5.36e-01 -6.84e-01 1.00e+00 -6.50e-01 0.00e+00 0.00e+00 0.00e+00 0.00e+00 0.00e+00 0.00e+00 0.00e+00 0.00e+00 0.00e+00 0.00e+00 0.00e+00 0.00e+00 4.22e-01 
3.60e-01 -5.98e-01 -5.36e-01 6.40e-01 -6.50e-01 1.00e+00 0.00e+00 0.00e+00 0.00e+00 0.00e+00 0.00e+00 0.00e+00 0.00e+00 0.00e+00 0.00e+00 0.00e+00 0.00e+00 0.00e+00 -5.20e-01 
0.00e+00 0.00e+00 0.00e+00 0.00e+00 0.00e+00 0.00e+00 1.00e+00 -3.15e-03 -6.27e-01 6.21e-01 -1.68e-01 7.71e-02 0.00e+00 0.00e+00 0.00e+00 0.00e+00 0.00e+00 0.00e+00 -9.68e-02 
0.00e+00 0.00e+00 0.00e+00 0.00e+00 0.00e+00 0.00e+00 -3.15e-03 1.00e+00 6.92e-01 -6.96e-01 3.23e-01 -8.85e-01 0.00e+00 0.00e+00 0.00e+00 0.00e+00 0.00e+00 0.00e+00 5.93e-01 
0.00e+00 0.00e+00 0.00e+00 0.00e+00 0.00e+00 0.00e+00 -6.27e-01 6.92e-01 1.00e+00 -1.00e+00 6.24e-01 -5.92e-01 0.00e+00 0.00e+00 0.00e+00 0.00e+00 0.00e+00 0.00e+00 4.62e-01 
0.00e+00 0.00e+00 0.00e+00 0.00e+00 0.00e+00 0.00e+00 6.21e-01 -6.96e-01 -1.00e+00 1.00e+00 -6.26e-01 5.93e-01 0.00e+00 0.00e+00 0.00e+00 0.00e+00 0.00e+00 0.00e+00 -4.63e-01 
0.00e+00 0.00e+00 0.00e+00 0.00e+00 0.00e+00 0.00e+00 -1.68e-01 3.23e-01 6.24e-01 -6.26e-01 1.00e+00 -3.18e-01 0.00e+00 0.00e+00 0.00e+00 0.00e+00 0.00e+00 0.00e+00 3.30e-01 
0.00e+00 0.00e+00 0.00e+00 0.00e+00 0.00e+00 0.00e+00 7.71e-02 -8.85e-01 -5.92e-01 5.93e-01 -3.18e-01 1.00e+00 0.00e+00 0.00e+00 0.00e+00 0.00e+00 0.00e+00 0.00e+00 -6.66e-01 
0.00e+00 0.00e+00 0.00e+00 0.00e+00 0.00e+00 0.00e+00 0.00e+00 0.00e+00 0.00e+00 0.00e+00 0.00e+00 0.00e+00 1.00e+00 -7.61e-01 -8.75e-01 8.58e-01 7.59e-01 4.95e-01 -1.33e-01 
0.00e+00 0.00e+00 0.00e+00 0.00e+00 0.00e+00 0.00e+00 0.00e+00 0.00e+00 0.00e+00 0.00e+00 0.00e+00 0.00e+00 -7.61e-01 1.00e+00 6.87e-01 -6.30e-01 -3.13e-01 -4.66e-01 1.26e-01 
0.00e+00 0.00e+00 0.00e+00 0.00e+00 0.00e+00 0.00e+00 0.00e+00 0.00e+00 0.00e+00 0.00e+00 0.00e+00 0.00e+00 -8.75e-01 6.87e-01 1.00e+00 -9.95e-01 -7.39e-01 -6.16e-01 1.30e-01 
0.00e+00 0.00e+00 0.00e+00 0.00e+00 0.00e+00 0.00e+00 0.00e+00 0.00e+00 0.00e+00 0.00e+00 0.00e+00 0.00e+00 8.58e-01 -6.30e-01 -9.95e-01 1.00e+00 7.65e-01 6.28e-01 -1.23e-01 
0.00e+00 0.00e+00 0.00e+00 0.00e+00 0.00e+00 0.00e+00 0.00e+00 0.00e+00 0.00e+00 0.00e+00 0.00e+00 0.00e+00 7.59e-01 -3.13e-01 -7.39e-01 7.65e-01 1.00e+00 2.43e-01 -6.81e-02 
0.00e+00 0.00e+00 0.00e+00 0.00e+00 0.00e+00 0.00e+00 0.00e+00 0.00e+00 0.00e+00 0.00e+00 0.00e+00 0.00e+00 4.95e-01 -4.66e-01 -6.16e-01 6.28e-01 2.43e-01 1.00e+00 -7.71e-02 
-4.36e-01 2.87e-01 5.06e-01 -5.46e-01 4.22e-01 -5.20e-01 -9.68e-02 5.93e-01 4.62e-01 -4.63e-01 3.30e-01 -6.66e-01 -1.33e-01 1.26e-01 1.30e-01 -1.23e-01 -6.81e-02 -7.71e-02 1.00e+00 


------------ITERATION 57 -----------------

ERROR SUM: 798.46

1.26e-01 8.83e-01 7.00e+01 2.33e+02 1.37e+02 2.00e+03 1.38e-01 8.24e-01 2.08e+01 1.05e+02 1.69e+02 2.00e+03 1.09e-01 7.54e-01 1.25e+02 1.21e+02 1.43e+02 2.01e+03 8.52e+36 


-1.2299e-04 7.4026e-05 1.3080e-04 -1.3901e-04 9.9529e-05 -1.4211e-04 -4.0836e-06 1.2948e-04 9.1842e-05 -9.2267e-05 7.3798e-05 -1.4449e-04 1.4562e-05 -2.6035e-05 2.3404e-05 2.7194e-05 -7.4247e-05 -7.9406e-05 2.3058e-04 


1.00e+00 -1.32e-01 -7.20e-01 6.21e-01 4.45e-02 3.60e-01 0.00e+00 0.00e+00 0.00e+00 0.00e+00 0.00e+00 0.00e+00 0.00e+00 0.00e+00 0.00e+00 0.00e+00 0.00e+00 0.00e+00 -4.36e-01 
-1.32e-01 1.00e+00 5.79e-01 -6.83e-01 7.05e-01 -5.98e-01 0.00e+00 0.00e+00 0.00e+00 0.00e+00 0.00e+00 0.00e+00 0.00e+00 0.00e+00 0.00e+00 0.00e+00 0.00e+00 0.00e+00 2.87e-01 
-7.20e-01 5.79e-01 1.00e+00 -9.79e-01 5.36e-01 -5.36e-01 0.00e+00 0.00e+00 0.00e+00 0.00e+00 0.00e+00 0.00e+00 0.00e+00 0.00e+00 0.00e+00 0.00e+00 0.00e+00 0.00e+00 5.06e-01 
6.21e-01 -6.83e-01 -9.79e-01 1.00e+00 -6.84e-01 6.40e-01 0.00e+00 0.00e+00 0.00e+00 0.00e+00 0.00e+00 0.00e+00 0.00e+00 0.00e+00 0.00e+00 0.00e+00 0.00e+00 0.00e+00 -5.46e-01 
4.45e-02 7.05e-01 5.36e-01 -6.84e-01 1.00e+00 -6.50e-01 0.00e+00 0.00e+00 0.00e+00 0.00e+00 0.00e+00 0.00e+00 0.00e+00 0.00e+00 0.00e+00 0.00e+00 0.00e+00 0.00e+00 4.22e-01 
3.60e-01 -5.98e-01 -5.36e-01 6.40e-01 -6.50e-01 1.00e+00 0.00e+00 0.00e+00 0.00e+00 0.00e+00 0.00e+00 0.00e+00 0.00e+00 0.00e+00 0.00e+00 0.00e+00 0.00e+00 0.00e+00 -5.20e-01 
0.00e+00 0.00e+00 0.00e+00 0.00e+00 0.00e+00 0.00e+00 1.00e+00 -3.15e-03 -6.27e-01 6.21e-01 -1.68e-01 7.71e-02 0.00e+00 0.00e+00 0.00e+00 0.00e+00 0.00e+00 0.00e+00 -9.68e-02 
0.00e+00 0.00e+00 0.00e+00 0.00e+00 0.00e+00 0.00e+00 -3.15e-03 1.00e+00 6.92e-01 -6.96e-01 3.23e-01 -8.85e-01 0.00e+00 0.00e+00 0.00e+00 0.00e+00 0.00e+00 0.00e+00 5.93e-01 
0.00e+00 0.00e+00 0.00e+00 0.00e+00 0.00e+00 0.00e+00 -6.27e-01 6.92e-01 1.00e+00 -1.00e+00 6.24e-01 -5.92e-01 0.00e+00 0.00e+00 0.00e+00 0.00e+00 0.00e+00 0.00e+00 4.62e-01 
0.00e+00 0.00e+00 0.00e+00 0.00e+00 0.00e+00 0.00e+00 6.21e-01 -6.96e-01 -1.00e+00 1.00e+00 -6.26e-01 5.93e-01 0.00e+00 0.00e+00 0.00e+00 0.00e+00 0.00e+00 0.00e+00 -4.63e-01 
0.00e+00 0.00e+00 0.00e+00 0.00e+00 0.00e+00 0.00e+00 -1.68e-01 3.23e-01 6.24e-01 -6.26e-01 1.00e+00 -3.18e-01 0.00e+00 0.00e+00 0.00e+00 0.00e+00 0.00e+00 0.00e+00 3.30e-01 
0.00e+00 0.00e+00 0.00e+00 0.00e+00 0.00e+00 0.00e+00 7.71e-02 -8.85e-01 -5.92e-01 5.93e-01 -3.18e-01 1.00e+00 0.00e+00 0.00e+00 0.00e+00 0.00e+00 0.00e+00 0.00e+00 -6.66e-01 
0.00e+00 0.00e+00 0.00e+00 0.00e+00 0.00e+00 0.00e+00 0.00e+00 0.00e+00 0.00e+00 0.00e+00 0.00e+00 0.00e+00 1.00e+00 -7.61e-01 -8.75e-01 8.58e-01 7.59e-01 4.95e-01 -1.33e-01 
0.00e+00 0.00e+00 0.00e+00 0.00e+00 0.00e+00 0.00e+00 0.00e+00 0.00e+00 0.00e+00 0.00e+00 0.00e+00 0.00e+00 -7.61e-01 1.00e+00 6.87e-01 -6.30e-01 -3.13e-01 -4.66e-01 1.26e-01 
0.00e+00 0.00e+00 0.00e+00 0.00e+00 0.00e+00 0.00e+00 0.00e+00 0.00e+00 0.00e+00 0.00e+00 0.00e+00 0.00e+00 -8.75e-01 6.87e-01 1.00e+00 -9.95e-01 -7.39e-01 -6.16e-01 1.30e-01 
0.00e+00 0.00e+00 0.00e+00 0.00e+00 0.00e+00 0.00e+00 0.00e+00 0.00e+00 0.00e+00 0.00e+00 0.00e+00 0.00e+00 8.58e-01 -6.30e-01 -9.95e-01 1.00e+00 7.65e-01 6.28e-01 -1.23e-01 
0.00e+00 0.00e+00 0.00e+00 0.00e+00 0.00e+00 0.00e+00 0.00e+00 0.00e+00 0.00e+00 0.00e+00 0.00e+00 0.00e+00 7.59e-01 -3.13e-01 -7.39e-01 7.65e-01 1.00e+00 2.43e-01 -6.81e-02 
0.00e+00 0.00e+00 0.00e+00 0.00e+00 0.00e+00 0.00e+00 0.00e+00 0.00e+00 0.00e+00 0.00e+00 0.00e+00 0.00e+00 4.95e-01 -4.66e-01 -6.16e-01 6.28e-01 2.43e-01 1.00e+00 -7.71e-02 
-4.36e-01 2.87e-01 5.06e-01 -5.46e-01 4.22e-01 -5.20e-01 -9.68e-02 5.93e-01 4.62e-01 -4.63e-01 3.30e-01 -6.66e-01 -1.33e-01 1.26e-01 1.30e-01 -1.23e-01 -6.81e-02 -7.71e-02 1.00e+00 


------------ITERATION 58 -----------------

ERROR SUM: 798.46

1.26e-01 8.83e-01 7.00e+01 2.33e+02 1.37e+02 2.00e+03 1.38e-01 8.24e-01 2.08e+01 1.05e+02 1.69e+02 2.00e+03 1.09e-01 7.54e-01 1.25e+02 1.21e+02 1.43e+02 2.01e+03 8.52e+36 


-9.8448e-05 5.9235e-05 1.0467e-04 -1.1123e-04 7.9625e-05 -1.1374e-04 -3.2608e-06 1.0357e-04 7.3461e-05 -7.3802e-05 5.9053e-05 -1.1558e-04 1.5300e-05 -2.5338e-05 1.8288e-05 2.6172e-05 -6.4692e-05 -6.8539e-05 1.8393e-04 


1.00e+00 -1.32e-01 -7.20e-01 6.21e-01 4.45e-02 3.60e-01 0.00e+00 0.00e+00 0.00e+00 0.00e+00 0.00e+00 0.00e+00 0.00e+00 0.00e+00 0.00e+00 0.00e+00 0.00e+00 0.00e+00 -4.36e-01 
-1.32e-01 1.00e+00 5.79e-01 -6.83e-01 7.05e-01 -5.98e-01 0.00e+00 0.00e+00 0.00e+00 0.00e+00 0.00e+00 0.00e+00 0.00e+00 0.00e+00 0.00e+00 0.00e+00 0.00e+00 0.00e+00 2.87e-01 
-7.20e-01 5.79e-01 1.00e+00 -9.79e-01 5.36e-01 -5.36e-01 0.00e+00 0.00e+00 0.00e+00 0.00e+00 0.00e+00 0.00e+00 0.00e+00 0.00e+00 0.00e+00 0.00e+00 0.00e+00 0.00e+00 5.06e-01 
6.21e-01 -6.83e-01 -9.79e-01 1.00e+00 -6.84e-01 6.40e-01 0.00e+00 0.00e+00 0.00e+00 0.00e+00 0.00e+00 0.00e+00 0.00e+00 0.00e+00 0.00e+00 0.00e+00 0.00e+00 0.00e+00 -5.46e-01 
4.45e-02 7.05e-01 5.36e-01 -6.84e-01 1.00e+00 -6.50e-01 0.00e+00 0.00e+00 0.00e+00 0.00e+00 0.00e+00 0.00e+00 0.00e+00 0.00e+00 0.00e+00 0.00e+00 0.00e+00 0.00e+00 4.22e-01 
3.60e-01 -5.98e-01 -5.36e-01 6.40e-01 -6.50e-01 1.00e+00 0.00e+00 0.00e+00 0.00e+00 0.00e+00 0.00e+00 0.00e+00 0.00e+00 0.00e+00 0.00e+00 0.00e+00 0.00e+00 0.00e+00 -5.20e-01 
0.00e+00 0.00e+00 0.00e+00 0.00e+00 0.00e+00 0.00e+00 1.00e+00 -3.15e-03 -6.27e-01 6.21e-01 -1.68e-01 7.71e-02 0.00e+00 0.00e+00 0.00e+00 0.00e+00 0.00e+00 0.00e+00 -9.68e-02 
0.00e+00 0.00e+00 0.00e+00 0.00e+00 0.00e+00 0.00e+00 -3.15e-03 1.00e+00 6.92e-01 -6.96e-01 3.23e-01 -8.85e-01 0.00e+00 0.00e+00 0.00e+00 0.00e+00 0.00e+00 0.00e+00 5.93e-01 
0.00e+00 0.00e+00 0.00e+00 0.00e+00 0.00e+00 0.00e+00 -6.27e-01 6.92e-01 1.00e+00 -1.00e+00 6.24e-01 -5.92e-01 0.00e+00 0.00e+00 0.00e+00 0.00e+00 0.00e+00 0.00e+00 4.62e-01 
0.00e+00 0.00e+00 0.00e+00 0.00e+00 0.00e+00 0.00e+00 6.21e-01 -6.96e-01 -1.00e+00 1.00e+00 -6.26e-01 5.93e-01 0.00e+00 0.00e+00 0.00e+00 0.00e+00 0.00e+00 0.00e+00 -4.63e-01 
0.00e+00 0.00e+00 0.00e+00 0.00e+00 0.00e+00 0.00e+00 -1.68e-01 3.23e-01 6.24e-01 -6.26e-01 1.00e+00 -3.18e-01 0.00e+00 0.00e+00 0.00e+00 0.00e+00 0.00e+00 0.00e+00 3.30e-01 
0.00e+00 0.00e+00 0.00e+00 0.00e+00 0.00e+00 0.00e+00 7.71e-02 -8.85e-01 -5.92e-01 5.93e-01 -3.18e-01 1.00e+00 0.00e+00 0.00e+00 0.00e+00 0.00e+00 0.00e+00 0.00e+00 -6.66e-01 
0.00e+00 0.00e+00 0.00e+00 0.00e+00 0.00e+00 0.00e+00 0.00e+00 0.00e+00 0.00e+00 0.00e+00 0.00e+00 0.00e+00 1.00e+00 -7.61e-01 -8.75e-01 8.58e-01 7.59e-01 4.95e-01 -1.33e-01 
0.00e+00 0.00e+00 0.00e+00 0.00e+00 0.00e+00 0.00e+00 0.00e+00 0.00e+00 0.00e+00 0.00e+00 0.00e+00 0.00e+00 -7.61e-01 1.00e+00 6.87e-01 -6.30e-01 -3.13e-01 -4.66e-01 1.26e-01 
0.00e+00 0.00e+00 0.00e+00 0.00e+00 0.00e+00 0.00e+00 0.00e+00 0.00e+00 0.00e+00 0.00e+00 0.00e+00 0.00e+00 -8.75e-01 6.87e-01 1.00e+00 -9.95e-01 -7.39e-01 -6.16e-01 1.30e-01 
0.00e+00 0.00e+00 0.00e+00 0.00e+00 0.00e+00 0.00e+00 0.00e+00 0.00e+00 0.00e+00 0.00e+00 0.00e+00 0.00e+00 8.58e-01 -6.30e-01 -9.95e-01 1.00e+00 7.65e-01 6.28e-01 -1.23e-01 
0.00e+00 0.00e+00 0.00e+00 0.00e+00 0.00e+00 0.00e+00 0.00e+00 0.00e+00 0.00e+00 0.00e+00 0.00e+00 0.00e+00 7.59e-01 -3.13e-01 -7.39e-01 7.65e-01 1.00e+00 2.43e-01 -6.81e-02 
0.00e+00 0.00e+00 0.00e+00 0.00e+00 0.00e+00 0.00e+00 0.00e+00 0.00e+00 0.00e+00 0.00e+00 0.00e+00 0.00e+00 4.95e-01 -4.66e-01 -6.16e-01 6.28e-01 2.43e-01 1.00e+00 -7.71e-02 
-4.36e-01 2.87e-01 5.06e-01 -5.46e-01 4.22e-01 -5.20e-01 -9.68e-02 5.93e-01 4.62e-01 -4.63e-01 3.30e-01 -6.66e-01 -1.33e-01 1.26e-01 1.30e-01 -1.23e-01 -6.81e-02 -7.71e-02 1.00e+00 


------------ITERATION 59 -----------------

ERROR SUM: 798.46

1.26e-01 8.83e-01 7.00e+01 2.33e+02 1.37e+02 2.00e+03 1.38e-01 8.24e-01 2.08e+01 1.05e+02 1.69e+02 2.00e+03 1.09e-01 7.55e-01 1.25e+02 1.21e+02 1.43e+02 2.01e+03 8.52e+36 


-7.8802e-05 4.7400e-05 8.3763e-05 -8.9006e-05 6.3701e-05 -9.1037e-05 -2.6038e-06 8.2837e-05 5.8759e-05 -5.9032e-05 4.7254e-05 -9.2451e-05 1.5461e-05 -2.4247e-05 1.4244e-05 2.4834e-05 -5.6427e-05 -5.9252e-05 1.4668e-04 


1.00e+00 -1.32e-01 -7.20e-01 6.21e-01 4.45e-02 3.60e-01 0.00e+00 0.00e+00 0.00e+00 0.00e+00 0.00e+00 0.00e+00 0.00e+00 0.00e+00 0.00e+00 0.00e+00 0.00e+00 0.00e+00 -4.36e-01 
-1.32e-01 1.00e+00 5.79e-01 -6.83e-01 7.05e-01 -5.98e-01 0.00e+00 0.00e+00 0.00e+00 0.00e+00 0.00e+00 0.00e+00 0.00e+00 0.00e+00 0.00e+00 0.00e+00 0.00e+00 0.00e+00 2.87e-01 
-7.20e-01 5.79e-01 1.00e+00 -9.79e-01 5.36e-01 -5.36e-01 0.00e+00 0.00e+00 0.00e+00 0.00e+00 0.00e+00 0.00e+00 0.00e+00 0.00e+00 0.00e+00 0.00e+00 0.00e+00 0.00e+00 5.06e-01 
6.21e-01 -6.83e-01 -9.79e-01 1.00e+00 -6.84e-01 6.40e-01 0.00e+00 0.00e+00 0.00e+00 0.00e+00 0.00e+00 0.00e+00 0.00e+00 0.00e+00 0.00e+00 0.00e+00 0.00e+00 0.00e+00 -5.46e-01 
4.45e-02 7.05e-01 5.36e-01 -6.84e-01 1.00e+00 -6.50e-01 0.00e+00 0.00e+00 0.00e+00 0.00e+00 0.00e+00 0.00e+00 0.00e+00 0.00e+00 0.00e+00 0.00e+00 0.00e+00 0.00e+00 4.22e-01 
3.60e-01 -5.98e-01 -5.36e-01 6.40e-01 -6.50e-01 1.00e+00 0.00e+00 0.00e+00 0.00e+00 0.00e+00 0.00e+00 0.00e+00 0.00e+00 0.00e+00 0.00e+00 0.00e+00 0.00e+00 0.00e+00 -5.20e-01 
0.00e+00 0.00e+00 0.00e+00 0.00e+00 0.00e+00 0.00e+00 1.00e+00 -3.15e-03 -6.27e-01 6.21e-01 -1.68e-01 7.71e-02 0.00e+00 0.00e+00 0.00e+00 0.00e+00 0.00e+00 0.00e+00 -9.68e-02 
0.00e+00 0.00e+00 0.00e+00 0.00e+00 0.00e+00 0.00e+00 -3.15e-03 1.00e+00 6.92e-01 -6.96e-01 3.23e-01 -8.85e-01 0.00e+00 0.00e+00 0.00e+00 0.00e+00 0.00e+00 0.00e+00 5.93e-01 
0.00e+00 0.00e+00 0.00e+00 0.00e+00 0.00e+00 0.00e+00 -6.27e-01 6.92e-01 1.00e+00 -1.00e+00 6.24e-01 -5.92e-01 0.00e+00 0.00e+00 0.00e+00 0.00e+00 0.00e+00 0.00e+00 4.62e-01 
0.00e+00 0.00e+00 0.00e+00 0.00e+00 0.00e+00 0.00e+00 6.21e-01 -6.96e-01 -1.00e+00 1.00e+00 -6.26e-01 5.93e-01 0.00e+00 0.00e+00 0.00e+00 0.00e+00 0.00e+00 0.00e+00 -4.63e-01 
0.00e+00 0.00e+00 0.00e+00 0.00e+00 0.00e+00 0.00e+00 -1.68e-01 3.23e-01 6.24e-01 -6.26e-01 1.00e+00 -3.18e-01 0.00e+00 0.00e+00 0.00e+00 0.00e+00 0.00e+00 0.00e+00 3.30e-01 
0.00e+00 0.00e+00 0.00e+00 0.00e+00 0.00e+00 0.00e+00 7.71e-02 -8.85e-01 -5.92e-01 5.93e-01 -3.18e-01 1.00e+00 0.00e+00 0.00e+00 0.00e+00 0.00e+00 0.00e+00 0.00e+00 -6.66e-01 
0.00e+00 0.00e+00 0.00e+00 0.00e+00 0.00e+00 0.00e+00 0.00e+00 0.00e+00 0.00e+00 0.00e+00 0.00e+00 0.00e+00 1.00e+00 -7.61e-01 -8.75e-01 8.58e-01 7.59e-01 4.95e-01 -1.33e-01 
0.00e+00 0.00e+00 0.00e+00 0.00e+00 0.00e+00 0.00e+00 0.00e+00 0.00e+00 0.00e+00 0.00e+00 0.00e+00 0.00e+00 -7.61e-01 1.00e+00 6.87e-01 -6.30e-01 -3.13e-01 -4.66e-01 1.26e-01 
0.00e+00 0.00e+00 0.00e+00 0.00e+00 0.00e+00 0.00e+00 0.00e+00 0.00e+00 0.00e+00 0.00e+00 0.00e+00 0.00e+00 -8.75e-01 6.87e-01 1.00e+00 -9.95e-01 -7.39e-01 -6.16e-01 1.30e-01 
0.00e+00 0.00e+00 0.00e+00 0.00e+00 0.00e+00 0.00e+00 0.00e+00 0.00e+00 0.00e+00 0.00e+00 0.00e+00 0.00e+00 8.58e-01 -6.30e-01 -9.95e-01 1.00e+00 7.65e-01 6.28e-01 -1.23e-01 
0.00e+00 0.00e+00 0.00e+00 0.00e+00 0.00e+00 0.00e+00 0.00e+00 0.00e+00 0.00e+00 0.00e+00 0.00e+00 0.00e+00 7.59e-01 -3.13e-01 -7.39e-01 7.65e-01 1.00e+00 2.43e-01 -6.81e-02 
0.00e+00 0.00e+00 0.00e+00 0.00e+00 0.00e+00 0.00e+00 0.00e+00 0.00e+00 0.00e+00 0.00e+00 0.00e+00 0.00e+00 4.95e-01 -4.66e-01 -6.16e-01 6.28e-01 2.43e-01 1.00e+00 -7.71e-02 
-4.36e-01 2.87e-01 5.06e-01 -5.46e-01 4.22e-01 -5.20e-01 -9.68e-02 5.93e-01 4.62e-01 -4.63e-01 3.30e-01 -6.66e-01 -1.33e-01 1.26e-01 1.30e-01 -1.23e-01 -6.81e-02 -7.71e-02 1.00e+00 


------------ITERATION 60 -----------------

ERROR SUM: 798.46

1.26e-01 8.83e-01 7.00e+01 2.33e+02 1.37e+02 2.00e+03 1.38e-01 8.24e-01 2.08e+01 1.05e+02 1.69e+02 2.00e+03 1.09e-01 7.55e-01 1.25e+02 1.21e+02 1.43e+02 2.01e+03 8.52e+36 


-6.3076e-05 3.7930e-05 6.7032e-05 -7.1221e-05 5.0962e-05 -7.2865e-05 -2.0791e-06 6.6258e-05 4.6999e-05 -4.7218e-05 3.7813e-05 -7.3952e-05 1.5210e-05 -2.2904e-05 1.1053e-05 2.3306e-05 -4.9266e-05 -5.1298e-05 1.1693e-04 


1.00e+00 -1.32e-01 -7.20e-01 6.21e-01 4.45e-02 3.60e-01 0.00e+00 0.00e+00 0.00e+00 0.00e+00 0.00e+00 0.00e+00 0.00e+00 0.00e+00 0.00e+00 0.00e+00 0.00e+00 0.00e+00 -4.36e-01 
-1.32e-01 1.00e+00 5.79e-01 -6.83e-01 7.05e-01 -5.98e-01 0.00e+00 0.00e+00 0.00e+00 0.00e+00 0.00e+00 0.00e+00 0.00e+00 0.00e+00 0.00e+00 0.00e+00 0.00e+00 0.00e+00 2.87e-01 
-7.20e-01 5.79e-01 1.00e+00 -9.79e-01 5.36e-01 -5.36e-01 0.00e+00 0.00e+00 0.00e+00 0.00e+00 0.00e+00 0.00e+00 0.00e+00 0.00e+00 0.00e+00 0.00e+00 0.00e+00 0.00e+00 5.06e-01 
6.21e-01 -6.83e-01 -9.79e-01 1.00e+00 -6.84e-01 6.40e-01 0.00e+00 0.00e+00 0.00e+00 0.00e+00 0.00e+00 0.00e+00 0.00e+00 0.00e+00 0.00e+00 0.00e+00 0.00e+00 0.00e+00 -5.46e-01 
4.45e-02 7.05e-01 5.36e-01 -6.84e-01 1.00e+00 -6.50e-01 0.00e+00 0.00e+00 0.00e+00 0.00e+00 0.00e+00 0.00e+00 0.00e+00 0.00e+00 0.00e+00 0.00e+00 0.00e+00 0.00e+00 4.22e-01 
3.60e-01 -5.98e-01 -5.36e-01 6.40e-01 -6.50e-01 1.00e+00 0.00e+00 0.00e+00 0.00e+00 0.00e+00 0.00e+00 0.00e+00 0.00e+00 0.00e+00 0.00e+00 0.00e+00 0.00e+00 0.00e+00 -5.20e-01 
0.00e+00 0.00e+00 0.00e+00 0.00e+00 0.00e+00 0.00e+00 1.00e+00 -3.15e-03 -6.27e-01 6.21e-01 -1.68e-01 7.71e-02 0.00e+00 0.00e+00 0.00e+00 0.00e+00 0.00e+00 0.00e+00 -9.68e-02 
0.00e+00 0.00e+00 0.00e+00 0.00e+00 0.00e+00 0.00e+00 -3.15e-03 1.00e+00 6.92e-01 -6.96e-01 3.23e-01 -8.85e-01 0.00e+00 0.00e+00 0.00e+00 0.00e+00 0.00e+00 0.00e+00 5.93e-01 
0.00e+00 0.00e+00 0.00e+00 0.00e+00 0.00e+00 0.00e+00 -6.27e-01 6.92e-01 1.00e+00 -1.00e+00 6.24e-01 -5.92e-01 0.00e+00 0.00e+00 0.00e+00 0.00e+00 0.00e+00 0.00e+00 4.62e-01 
0.00e+00 0.00e+00 0.00e+00 0.00e+00 0.00e+00 0.00e+00 6.21e-01 -6.96e-01 -1.00e+00 1.00e+00 -6.26e-01 5.93e-01 0.00e+00 0.00e+00 0.00e+00 0.00e+00 0.00e+00 0.00e+00 -4.63e-01 
0.00e+00 0.00e+00 0.00e+00 0.00e+00 0.00e+00 0.00e+00 -1.68e-01 3.23e-01 6.24e-01 -6.26e-01 1.00e+00 -3.18e-01 0.00e+00 0.00e+00 0.00e+00 0.00e+00 0.00e+00 0.00e+00 3.30e-01 
0.00e+00 0.00e+00 0.00e+00 0.00e+00 0.00e+00 0.00e+00 7.71e-02 -8.85e-01 -5.92e-01 5.93e-01 -3.18e-01 1.00e+00 0.00e+00 0.00e+00 0.00e+00 0.00e+00 0.00e+00 0.00e+00 -6.66e-01 
0.00e+00 0.00e+00 0.00e+00 0.00e+00 0.00e+00 0.00e+00 0.00e+00 0.00e+00 0.00e+00 0.00e+00 0.00e+00 0.00e+00 1.00e+00 -7.61e-01 -8.75e-01 8.58e-01 7.59e-01 4.95e-01 -1.33e-01 
0.00e+00 0.00e+00 0.00e+00 0.00e+00 0.00e+00 0.00e+00 0.00e+00 0.00e+00 0.00e+00 0.00e+00 0.00e+00 0.00e+00 -7.61e-01 1.00e+00 6.87e-01 -6.30e-01 -3.13e-01 -4.66e-01 1.26e-01 
0.00e+00 0.00e+00 0.00e+00 0.00e+00 0.00e+00 0.00e+00 0.00e+00 0.00e+00 0.00e+00 0.00e+00 0.00e+00 0.00e+00 -8.75e-01 6.87e-01 1.00e+00 -9.95e-01 -7.39e-01 -6.16e-01 1.30e-01 
0.00e+00 0.00e+00 0.00e+00 0.00e+00 0.00e+00 0.00e+00 0.00e+00 0.00e+00 0.00e+00 0.00e+00 0.00e+00 0.00e+00 8.58e-01 -6.30e-01 -9.95e-01 1.00e+00 7.65e-01 6.28e-01 -1.23e-01 
0.00e+00 0.00e+00 0.00e+00 0.00e+00 0.00e+00 0.00e+00 0.00e+00 0.00e+00 0.00e+00 0.00e+00 0.00e+00 0.00e+00 7.59e-01 -3.13e-01 -7.39e-01 7.65e-01 1.00e+00 2.43e-01 -6.81e-02 
0.00e+00 0.00e+00 0.00e+00 0.00e+00 0.00e+00 0.00e+00 0.00e+00 0.00e+00 0.00e+00 0.00e+00 0.00e+00 0.00e+00 4.95e-01 -4.66e-01 -6.16e-01 6.28e-01 2.43e-01 1.00e+00 -7.71e-02 
-4.36e-01 2.87e-01 5.06e-01 -5.46e-01 4.22e-01 -5.20e-01 -9.68e-02 5.93e-01 4.62e-01 -4.63e-01 3.30e-01 -6.66e-01 -1.33e-01 1.26e-01 1.30e-01 -1.23e-01 -6.81e-02 -7.71e-02 1.00e+00 


------------ITERATION 61 -----------------

ERROR SUM: 798.46

1.26e-01 8.83e-01 7.00e+01 2.33e+02 1.37e+02 2.00e+03 1.38e-01 8.24e-01 2.08e+01 1.05e+02 1.69e+02 2.00e+03 1.09e-01 7.55e-01 1.25e+02 1.21e+02 1.43e+02 2.01e+03 8.52e+36 


-5.0489e-05 3.0352e-05 5.3642e-05 -5.6990e-05 4.0770e-05 -5.8321e-05 -1.6601e-06 5.2996e-05 3.7593e-05 -3.7768e-05 3.0259e-05 -5.9154e-05 1.4675e-05 -2.1414e-05 8.5385e-06 2.1679e-05 -4.3052e-05 -4.4473e-05 9.3174e-05 


1.00e+00 -1.32e-01 -7.20e-01 6.21e-01 4.45e-02 3.60e-01 0.00e+00 0.00e+00 0.00e+00 0.00e+00 0.00e+00 0.00e+00 0.00e+00 0.00e+00 0.00e+00 0.00e+00 0.00e+00 0.00e+00 -4.36e-01 
-1.32e-01 1.00e+00 5.79e-01 -6.83e-01 7.05e-01 -5.98e-01 0.00e+00 0.00e+00 0.00e+00 0.00e+00 0.00e+00 0.00e+00 0.00e+00 0.00e+00 0.00e+00 0.00e+00 0.00e+00 0.00e+00 2.87e-01 
-7.20e-01 5.79e-01 1.00e+00 -9.79e-01 5.36e-01 -5.36e-01 0.00e+00 0.00e+00 0.00e+00 0.00e+00 0.00e+00 0.00e+00 0.00e+00 0.00e+00 0.00e+00 0.00e+00 0.00e+00 0.00e+00 5.06e-01 
6.21e-01 -6.83e-01 -9.79e-01 1.00e+00 -6.84e-01 6.40e-01 0.00e+00 0.00e+00 0.00e+00 0.00e+00 0.00e+00 0.00e+00 0.00e+00 0.00e+00 0.00e+00 0.00e+00 0.00e+00 0.00e+00 -5.46e-01 
4.45e-02 7.05e-01 5.36e-01 -6.84e-01 1.00e+00 -6.50e-01 0.00e+00 0.00e+00 0.00e+00 0.00e+00 0.00e+00 0.00e+00 0.00e+00 0.00e+00 0.00e+00 0.00e+00 0.00e+00 0.00e+00 4.22e-01 
3.60e-01 -5.98e-01 -5.36e-01 6.40e-01 -6.50e-01 1.00e+00 0.00e+00 0.00e+00 0.00e+00 0.00e+00 0.00e+00 0.00e+00 0.00e+00 0.00e+00 0.00e+00 0.00e+00 0.00e+00 0.00e+00 -5.20e-01 
0.00e+00 0.00e+00 0.00e+00 0.00e+00 0.00e+00 0.00e+00 1.00e+00 -3.15e-03 -6.27e-01 6.21e-01 -1.68e-01 7.71e-02 0.00e+00 0.00e+00 0.00e+00 0.00e+00 0.00e+00 0.00e+00 -9.68e-02 
0.00e+00 0.00e+00 0.00e+00 0.00e+00 0.00e+00 0.00e+00 -3.15e-03 1.00e+00 6.92e-01 -6.96e-01 3.23e-01 -8.85e-01 0.00e+00 0.00e+00 0.00e+00 0.00e+00 0.00e+00 0.00e+00 5.93e-01 
0.00e+00 0.00e+00 0.00e+00 0.00e+00 0.00e+00 0.00e+00 -6.27e-01 6.92e-01 1.00e+00 -1.00e+00 6.24e-01 -5.92e-01 0.00e+00 0.00e+00 0.00e+00 0.00e+00 0.00e+00 0.00e+00 4.62e-01 
0.00e+00 0.00e+00 0.00e+00 0.00e+00 0.00e+00 0.00e+00 6.21e-01 -6.96e-01 -1.00e+00 1.00e+00 -6.26e-01 5.93e-01 0.00e+00 0.00e+00 0.00e+00 0.00e+00 0.00e+00 0.00e+00 -4.63e-01 
0.00e+00 0.00e+00 0.00e+00 0.00e+00 0.00e+00 0.00e+00 -1.68e-01 3.23e-01 6.24e-01 -6.26e-01 1.00e+00 -3.18e-01 0.00e+00 0.00e+00 0.00e+00 0.00e+00 0.00e+00 0.00e+00 3.30e-01 
0.00e+00 0.00e+00 0.00e+00 0.00e+00 0.00e+00 0.00e+00 7.71e-02 -8.85e-01 -5.92e-01 5.93e-01 -3.18e-01 1.00e+00 0.00e+00 0.00e+00 0.00e+00 0.00e+00 0.00e+00 0.00e+00 -6.66e-01 
0.00e+00 0.00e+00 0.00e+00 0.00e+00 0.00e+00 0.00e+00 0.00e+00 0.00e+00 0.00e+00 0.00e+00 0.00e+00 0.00e+00 1.00e+00 -7.61e-01 -8.75e-01 8.58e-01 7.59e-01 4.95e-01 -1.33e-01 
0.00e+00 0.00e+00 0.00e+00 0.00e+00 0.00e+00 0.00e+00 0.00e+00 0.00e+00 0.00e+00 0.00e+00 0.00e+00 0.00e+00 -7.61e-01 1.00e+00 6.87e-01 -6.30e-01 -3.13e-01 -4.66e-01 1.26e-01 
0.00e+00 0.00e+00 0.00e+00 0.00e+00 0.00e+00 0.00e+00 0.00e+00 0.00e+00 0.00e+00 0.00e+00 0.00e+00 0.00e+00 -8.75e-01 6.87e-01 1.00e+00 -9.95e-01 -7.39e-01 -6.16e-01 1.30e-01 
0.00e+00 0.00e+00 0.00e+00 0.00e+00 0.00e+00 0.00e+00 0.00e+00 0.00e+00 0.00e+00 0.00e+00 0.00e+00 0.00e+00 8.58e-01 -6.30e-01 -9.95e-01 1.00e+00 7.65e-01 6.28e-01 -1.23e-01 
0.00e+00 0.00e+00 0.00e+00 0.00e+00 0.00e+00 0.00e+00 0.00e+00 0.00e+00 0.00e+00 0.00e+00 0.00e+00 0.00e+00 7.59e-01 -3.13e-01 -7.39e-01 7.65e-01 1.00e+00 2.43e-01 -6.81e-02 
0.00e+00 0.00e+00 0.00e+00 0.00e+00 0.00e+00 0.00e+00 0.00e+00 0.00e+00 0.00e+00 0.00e+00 0.00e+00 0.00e+00 4.95e-01 -4.66e-01 -6.16e-01 6.28e-01 2.43e-01 1.00e+00 -7.71e-02 
-4.36e-01 2.87e-01 5.06e-01 -5.46e-01 4.22e-01 -5.20e-01 -9.68e-02 5.93e-01 4.62e-01 -4.63e-01 3.30e-01 -6.66e-01 -1.33e-01 1.26e-01 1.30e-01 -1.23e-01 -6.81e-02 -7.71e-02 1.00e+00 


------------ITERATION 62 -----------------

ERROR SUM: 798.46

1.26e-01 8.83e-01 7.00e+01 2.33e+02 1.37e+02 2.00e+03 1.38e-01 8.24e-01 2.08e+01 1.05e+02 1.69e+02 2.00e+03 1.09e-01 7.55e-01 1.25e+02 1.21e+02 1.43e+02 2.01e+03 8.52e+36 


-4.0414e-05 2.4289e-05 4.2927e-05 -4.5602e-05 3.2617e-05 -4.6680e-05 -1.3255e-06 4.2388e-05 3.0069e-05 -3.0209e-05 2.4214e-05 -4.7317e-05 1.3952e-05 -1.9857e-05 6.5614e-06 2.0021e-05 -3.7653e-05 -3.8606e-05 7.4212e-05 


1.00e+00 -1.32e-01 -7.20e-01 6.21e-01 4.45e-02 3.60e-01 0.00e+00 0.00e+00 0.00e+00 0.00e+00 0.00e+00 0.00e+00 0.00e+00 0.00e+00 0.00e+00 0.00e+00 0.00e+00 0.00e+00 -4.36e-01 
-1.32e-01 1.00e+00 5.79e-01 -6.83e-01 7.05e-01 -5.98e-01 0.00e+00 0.00e+00 0.00e+00 0.00e+00 0.00e+00 0.00e+00 0.00e+00 0.00e+00 0.00e+00 0.00e+00 0.00e+00 0.00e+00 2.87e-01 
-7.20e-01 5.79e-01 1.00e+00 -9.79e-01 5.36e-01 -5.36e-01 0.00e+00 0.00e+00 0.00e+00 0.00e+00 0.00e+00 0.00e+00 0.00e+00 0.00e+00 0.00e+00 0.00e+00 0.00e+00 0.00e+00 5.06e-01 
6.21e-01 -6.83e-01 -9.79e-01 1.00e+00 -6.84e-01 6.40e-01 0.00e+00 0.00e+00 0.00e+00 0.00e+00 0.00e+00 0.00e+00 0.00e+00 0.00e+00 0.00e+00 0.00e+00 0.00e+00 0.00e+00 -5.46e-01 
4.45e-02 7.05e-01 5.36e-01 -6.84e-01 1.00e+00 -6.50e-01 0.00e+00 0.00e+00 0.00e+00 0.00e+00 0.00e+00 0.00e+00 0.00e+00 0.00e+00 0.00e+00 0.00e+00 0.00e+00 0.00e+00 4.22e-01 
3.60e-01 -5.98e-01 -5.36e-01 6.40e-01 -6.50e-01 1.00e+00 0.00e+00 0.00e+00 0.00e+00 0.00e+00 0.00e+00 0.00e+00 0.00e+00 0.00e+00 0.00e+00 0.00e+00 0.00e+00 0.00e+00 -5.20e-01 
0.00e+00 0.00e+00 0.00e+00 0.00e+00 0.00e+00 0.00e+00 1.00e+00 -3.15e-03 -6.27e-01 6.21e-01 -1.68e-01 7.71e-02 0.00e+00 0.00e+00 0.00e+00 0.00e+00 0.00e+00 0.00e+00 -9.68e-02 
0.00e+00 0.00e+00 0.00e+00 0.00e+00 0.00e+00 0.00e+00 -3.15e-03 1.00e+00 6.92e-01 -6.96e-01 3.23e-01 -8.85e-01 0.00e+00 0.00e+00 0.00e+00 0.00e+00 0.00e+00 0.00e+00 5.93e-01 
0.00e+00 0.00e+00 0.00e+00 0.00e+00 0.00e+00 0.00e+00 -6.27e-01 6.92e-01 1.00e+00 -1.00e+00 6.24e-01 -5.92e-01 0.00e+00 0.00e+00 0.00e+00 0.00e+00 0.00e+00 0.00e+00 4.62e-01 
0.00e+00 0.00e+00 0.00e+00 0.00e+00 0.00e+00 0.00e+00 6.21e-01 -6.96e-01 -1.00e+00 1.00e+00 -6.26e-01 5.93e-01 0.00e+00 0.00e+00 0.00e+00 0.00e+00 0.00e+00 0.00e+00 -4.63e-01 
0.00e+00 0.00e+00 0.00e+00 0.00e+00 0.00e+00 0.00e+00 -1.68e-01 3.23e-01 6.24e-01 -6.26e-01 1.00e+00 -3.18e-01 0.00e+00 0.00e+00 0.00e+00 0.00e+00 0.00e+00 0.00e+00 3.30e-01 
0.00e+00 0.00e+00 0.00e+00 0.00e+00 0.00e+00 0.00e+00 7.71e-02 -8.85e-01 -5.92e-01 5.93e-01 -3.18e-01 1.00e+00 0.00e+00 0.00e+00 0.00e+00 0.00e+00 0.00e+00 0.00e+00 -6.66e-01 
0.00e+00 0.00e+00 0.00e+00 0.00e+00 0.00e+00 0.00e+00 0.00e+00 0.00e+00 0.00e+00 0.00e+00 0.00e+00 0.00e+00 1.00e+00 -7.61e-01 -8.75e-01 8.58e-01 7.59e-01 4.95e-01 -1.33e-01 
0.00e+00 0.00e+00 0.00e+00 0.00e+00 0.00e+00 0.00e+00 0.00e+00 0.00e+00 0.00e+00 0.00e+00 0.00e+00 0.00e+00 -7.61e-01 1.00e+00 6.87e-01 -6.30e-01 -3.13e-01 -4.66e-01 1.26e-01 
0.00e+00 0.00e+00 0.00e+00 0.00e+00 0.00e+00 0.00e+00 0.00e+00 0.00e+00 0.00e+00 0.00e+00 0.00e+00 0.00e+00 -8.75e-01 6.87e-01 1.00e+00 -9.95e-01 -7.39e-01 -6.16e-01 1.30e-01 
0.00e+00 0.00e+00 0.00e+00 0.00e+00 0.00e+00 0.00e+00 0.00e+00 0.00e+00 0.00e+00 0.00e+00 0.00e+00 0.00e+00 8.58e-01 -6.30e-01 -9.95e-01 1.00e+00 7.65e-01 6.28e-01 -1.23e-01 
0.00e+00 0.00e+00 0.00e+00 0.00e+00 0.00e+00 0.00e+00 0.00e+00 0.00e+00 0.00e+00 0.00e+00 0.00e+00 0.00e+00 7.59e-01 -3.13e-01 -7.39e-01 7.65e-01 1.00e+00 2.43e-01 -6.81e-02 
0.00e+00 0.00e+00 0.00e+00 0.00e+00 0.00e+00 0.00e+00 0.00e+00 0.00e+00 0.00e+00 0.00e+00 0.00e+00 0.00e+00 4.95e-01 -4.66e-01 -6.16e-01 6.28e-01 2.43e-01 1.00e+00 -7.71e-02 
-4.36e-01 2.87e-01 5.06e-01 -5.46e-01 4.22e-01 -5.20e-01 -9.68e-02 5.93e-01 4.62e-01 -4.63e-01 3.30e-01 -6.66e-01 -1.33e-01 1.26e-01 1.30e-01 -1.23e-01 -6.81e-02 -7.71e-02 1.00e+00 


------------ITERATION 63 -----------------

ERROR SUM: 798.46

1.26e-01 8.83e-01 7.00e+01 2.33e+02 1.37e+02 2.00e+03 1.38e-01 8.24e-01 2.08e+01 1.05e+02 1.69e+02 2.00e+03 1.09e-01 7.55e-01 1.25e+02 1.21e+02 1.43e+02 2.01e+03 8.52e+36 


-3.2349e-05 1.9437e-05 3.4353e-05 -3.6490e-05 2.6094e-05 -3.7363e-05 -1.0583e-06 3.3904e-05 2.4051e-05 -2.4163e-05 1.9377e-05 -3.7848e-05 1.3113e-05 -1.8289e-05 5.0104e-06 1.8379e-05 -3.2955e-05 -3.3554e-05 5.9080e-05 


1.00e+00 -1.32e-01 -7.20e-01 6.21e-01 4.45e-02 3.60e-01 0.00e+00 0.00e+00 0.00e+00 0.00e+00 0.00e+00 0.00e+00 0.00e+00 0.00e+00 0.00e+00 0.00e+00 0.00e+00 0.00e+00 -4.36e-01 
-1.32e-01 1.00e+00 5.79e-01 -6.83e-01 7.05e-01 -5.98e-01 0.00e+00 0.00e+00 0.00e+00 0.00e+00 0.00e+00 0.00e+00 0.00e+00 0.00e+00 0.00e+00 0.00e+00 0.00e+00 0.00e+00 2.87e-01 
-7.20e-01 5.79e-01 1.00e+00 -9.79e-01 5.36e-01 -5.36e-01 0.00e+00 0.00e+00 0.00e+00 0.00e+00 0.00e+00 0.00e+00 0.00e+00 0.00e+00 0.00e+00 0.00e+00 0.00e+00 0.00e+00 5.06e-01 
6.21e-01 -6.83e-01 -9.79e-01 1.00e+00 -6.84e-01 6.40e-01 0.00e+00 0.00e+00 0.00e+00 0.00e+00 0.00e+00 0.00e+00 0.00e+00 0.00e+00 0.00e+00 0.00e+00 0.00e+00 0.00e+00 -5.46e-01 
4.45e-02 7.05e-01 5.36e-01 -6.84e-01 1.00e+00 -6.50e-01 0.00e+00 0.00e+00 0.00e+00 0.00e+00 0.00e+00 0.00e+00 0.00e+00 0.00e+00 0.00e+00 0.00e+00 0.00e+00 0.00e+00 4.22e-01 
3.60e-01 -5.98e-01 -5.36e-01 6.40e-01 -6.50e-01 1.00e+00 0.00e+00 0.00e+00 0.00e+00 0.00e+00 0.00e+00 0.00e+00 0.00e+00 0.00e+00 0.00e+00 0.00e+00 0.00e+00 0.00e+00 -5.20e-01 
0.00e+00 0.00e+00 0.00e+00 0.00e+00 0.00e+00 0.00e+00 1.00e+00 -3.15e-03 -6.27e-01 6.21e-01 -1.68e-01 7.71e-02 0.00e+00 0.00e+00 0.00e+00 0.00e+00 0.00e+00 0.00e+00 -9.68e-02 
0.00e+00 0.00e+00 0.00e+00 0.00e+00 0.00e+00 0.00e+00 -3.15e-03 1.00e+00 6.92e-01 -6.96e-01 3.23e-01 -8.85e-01 0.00e+00 0.00e+00 0.00e+00 0.00e+00 0.00e+00 0.00e+00 5.93e-01 
0.00e+00 0.00e+00 0.00e+00 0.00e+00 0.00e+00 0.00e+00 -6.27e-01 6.92e-01 1.00e+00 -1.00e+00 6.24e-01 -5.92e-01 0.00e+00 0.00e+00 0.00e+00 0.00e+00 0.00e+00 0.00e+00 4.62e-01 
0.00e+00 0.00e+00 0.00e+00 0.00e+00 0.00e+00 0.00e+00 6.21e-01 -6.96e-01 -1.00e+00 1.00e+00 -6.26e-01 5.93e-01 0.00e+00 0.00e+00 0.00e+00 0.00e+00 0.00e+00 0.00e+00 -4.63e-01 
0.00e+00 0.00e+00 0.00e+00 0.00e+00 0.00e+00 0.00e+00 -1.68e-01 3.23e-01 6.24e-01 -6.26e-01 1.00e+00 -3.18e-01 0.00e+00 0.00e+00 0.00e+00 0.00e+00 0.00e+00 0.00e+00 3.30e-01 
0.00e+00 0.00e+00 0.00e+00 0.00e+00 0.00e+00 0.00e+00 7.71e-02 -8.85e-01 -5.92e-01 5.93e-01 -3.18e-01 1.00e+00 0.00e+00 0.00e+00 0.00e+00 0.00e+00 0.00e+00 0.00e+00 -6.66e-01 
0.00e+00 0.00e+00 0.00e+00 0.00e+00 0.00e+00 0.00e+00 0.00e+00 0.00e+00 0.00e+00 0.00e+00 0.00e+00 0.00e+00 1.00e+00 -7.61e-01 -8.75e-01 8.58e-01 7.59e-01 4.95e-01 -1.33e-01 
0.00e+00 0.00e+00 0.00e+00 0.00e+00 0.00e+00 0.00e+00 0.00e+00 0.00e+00 0.00e+00 0.00e+00 0.00e+00 0.00e+00 -7.61e-01 1.00e+00 6.87e-01 -6.30e-01 -3.13e-01 -4.66e-01 1.26e-01 
0.00e+00 0.00e+00 0.00e+00 0.00e+00 0.00e+00 0.00e+00 0.00e+00 0.00e+00 0.00e+00 0.00e+00 0.00e+00 0.00e+00 -8.75e-01 6.87e-01 1.00e+00 -9.95e-01 -7.39e-01 -6.16e-01 1.30e-01 
0.00e+00 0.00e+00 0.00e+00 0.00e+00 0.00e+00 0.00e+00 0.00e+00 0.00e+00 0.00e+00 0.00e+00 0.00e+00 0.00e+00 8.58e-01 -6.30e-01 -9.95e-01 1.00e+00 7.65e-01 6.28e-01 -1.23e-01 
0.00e+00 0.00e+00 0.00e+00 0.00e+00 0.00e+00 0.00e+00 0.00e+00 0.00e+00 0.00e+00 0.00e+00 0.00e+00 0.00e+00 7.59e-01 -3.13e-01 -7.39e-01 7.65e-01 1.00e+00 2.43e-01 -6.81e-02 
0.00e+00 0.00e+00 0.00e+00 0.00e+00 0.00e+00 0.00e+00 0.00e+00 0.00e+00 0.00e+00 0.00e+00 0.00e+00 0.00e+00 4.95e-01 -4.66e-01 -6.16e-01 6.28e-01 2.43e-01 1.00e+00 -7.71e-02 
-4.36e-01 2.87e-01 5.06e-01 -5.46e-01 4.22e-01 -5.20e-01 -9.68e-02 5.93e-01 4.62e-01 -4.63e-01 3.30e-01 -6.66e-01 -1.33e-01 1.26e-01 1.30e-01 -1.23e-01 -6.81e-02 -7.71e-02 1.00e+00 


------------ITERATION 64 -----------------

ERROR SUM: 798.46

1.26e-01 8.83e-01 7.00e+01 2.33e+02 1.37e+02 2.00e+03 1.38e-01 8.24e-01 2.08e+01 1.05e+02 1.69e+02 2.00e+03 1.09e-01 7.55e-01 1.25e+02 1.21e+02 1.43e+02 2.01e+03 8.52e+36 


-2.5894e-05 1.5554e-05 2.7491e-05 -2.9199e-05 2.0875e-05 -2.9906e-05 -8.4496e-07 2.7117e-05 1.9237e-05 -1.9327e-05 1.5506e-05 -3.0274e-05 1.2212e-05 -1.6750e-05 3.7968e-06 1.6787e-05 -2.8864e-05 -2.9196e-05 4.7007e-05 


1.00e+00 -1.32e-01 -7.20e-01 6.21e-01 4.45e-02 3.60e-01 0.00e+00 0.00e+00 0.00e+00 0.00e+00 0.00e+00 0.00e+00 0.00e+00 0.00e+00 0.00e+00 0.00e+00 0.00e+00 0.00e+00 -4.36e-01 
-1.32e-01 1.00e+00 5.79e-01 -6.83e-01 7.05e-01 -5.98e-01 0.00e+00 0.00e+00 0.00e+00 0.00e+00 0.00e+00 0.00e+00 0.00e+00 0.00e+00 0.00e+00 0.00e+00 0.00e+00 0.00e+00 2.87e-01 
-7.20e-01 5.79e-01 1.00e+00 -9.79e-01 5.36e-01 -5.36e-01 0.00e+00 0.00e+00 0.00e+00 0.00e+00 0.00e+00 0.00e+00 0.00e+00 0.00e+00 0.00e+00 0.00e+00 0.00e+00 0.00e+00 5.06e-01 
6.21e-01 -6.83e-01 -9.79e-01 1.00e+00 -6.84e-01 6.40e-01 0.00e+00 0.00e+00 0.00e+00 0.00e+00 0.00e+00 0.00e+00 0.00e+00 0.00e+00 0.00e+00 0.00e+00 0.00e+00 0.00e+00 -5.46e-01 
4.45e-02 7.05e-01 5.36e-01 -6.84e-01 1.00e+00 -6.50e-01 0.00e+00 0.00e+00 0.00e+00 0.00e+00 0.00e+00 0.00e+00 0.00e+00 0.00e+00 0.00e+00 0.00e+00 0.00e+00 0.00e+00 4.22e-01 
3.60e-01 -5.98e-01 -5.36e-01 6.40e-01 -6.50e-01 1.00e+00 0.00e+00 0.00e+00 0.00e+00 0.00e+00 0.00e+00 0.00e+00 0.00e+00 0.00e+00 0.00e+00 0.00e+00 0.00e+00 0.00e+00 -5.20e-01 
0.00e+00 0.00e+00 0.00e+00 0.00e+00 0.00e+00 0.00e+00 1.00e+00 -3.15e-03 -6.27e-01 6.21e-01 -1.68e-01 7.71e-02 0.00e+00 0.00e+00 0.00e+00 0.00e+00 0.00e+00 0.00e+00 -9.68e-02 
0.00e+00 0.00e+00 0.00e+00 0.00e+00 0.00e+00 0.00e+00 -3.15e-03 1.00e+00 6.92e-01 -6.96e-01 3.23e-01 -8.85e-01 0.00e+00 0.00e+00 0.00e+00 0.00e+00 0.00e+00 0.00e+00 5.93e-01 
0.00e+00 0.00e+00 0.00e+00 0.00e+00 0.00e+00 0.00e+00 -6.27e-01 6.92e-01 1.00e+00 -1.00e+00 6.24e-01 -5.92e-01 0.00e+00 0.00e+00 0.00e+00 0.00e+00 0.00e+00 0.00e+00 4.62e-01 
0.00e+00 0.00e+00 0.00e+00 0.00e+00 0.00e+00 0.00e+00 6.21e-01 -6.96e-01 -1.00e+00 1.00e+00 -6.26e-01 5.93e-01 0.00e+00 0.00e+00 0.00e+00 0.00e+00 0.00e+00 0.00e+00 -4.63e-01 
0.00e+00 0.00e+00 0.00e+00 0.00e+00 0.00e+00 0.00e+00 -1.68e-01 3.23e-01 6.24e-01 -6.26e-01 1.00e+00 -3.18e-01 0.00e+00 0.00e+00 0.00e+00 0.00e+00 0.00e+00 0.00e+00 3.30e-01 
0.00e+00 0.00e+00 0.00e+00 0.00e+00 0.00e+00 0.00e+00 7.71e-02 -8.85e-01 -5.92e-01 5.93e-01 -3.18e-01 1.00e+00 0.00e+00 0.00e+00 0.00e+00 0.00e+00 0.00e+00 0.00e+00 -6.66e-01 
0.00e+00 0.00e+00 0.00e+00 0.00e+00 0.00e+00 0.00e+00 0.00e+00 0.00e+00 0.00e+00 0.00e+00 0.00e+00 0.00e+00 1.00e+00 -7.61e-01 -8.75e-01 8.58e-01 7.59e-01 4.95e-01 -1.33e-01 
0.00e+00 0.00e+00 0.00e+00 0.00e+00 0.00e+00 0.00e+00 0.00e+00 0.00e+00 0.00e+00 0.00e+00 0.00e+00 0.00e+00 -7.61e-01 1.00e+00 6.87e-01 -6.30e-01 -3.13e-01 -4.66e-01 1.26e-01 
0.00e+00 0.00e+00 0.00e+00 0.00e+00 0.00e+00 0.00e+00 0.00e+00 0.00e+00 0.00e+00 0.00e+00 0.00e+00 0.00e+00 -8.75e-01 6.87e-01 1.00e+00 -9.95e-01 -7.39e-01 -6.16e-01 1.30e-01 
0.00e+00 0.00e+00 0.00e+00 0.00e+00 0.00e+00 0.00e+00 0.00e+00 0.00e+00 0.00e+00 0.00e+00 0.00e+00 0.00e+00 8.58e-01 -6.30e-01 -9.95e-01 1.00e+00 7.65e-01 6.28e-01 -1.23e-01 
0.00e+00 0.00e+00 0.00e+00 0.00e+00 0.00e+00 0.00e+00 0.00e+00 0.00e+00 0.00e+00 0.00e+00 0.00e+00 0.00e+00 7.59e-01 -3.13e-01 -7.39e-01 7.65e-01 1.00e+00 2.43e-01 -6.81e-02 
0.00e+00 0.00e+00 0.00e+00 0.00e+00 0.00e+00 0.00e+00 0.00e+00 0.00e+00 0.00e+00 0.00e+00 0.00e+00 0.00e+00 4.95e-01 -4.66e-01 -6.16e-01 6.28e-01 2.43e-01 1.00e+00 -7.71e-02 
-4.36e-01 2.87e-01 5.06e-01 -5.46e-01 4.22e-01 -5.20e-01 -9.68e-02 5.93e-01 4.62e-01 -4.63e-01 3.30e-01 -6.66e-01 -1.33e-01 1.26e-01 1.30e-01 -1.23e-01 -6.81e-02 -7.71e-02 1.00e+00 


------------ITERATION 65 -----------------

ERROR SUM: 798.46

1.26e-01 8.83e-01 7.00e+01 2.33e+02 1.37e+02 2.00e+03 1.38e-01 8.24e-01 2.08e+01 1.05e+02 1.69e+02 2.00e+03 1.09e-01 7.55e-01 1.25e+02 1.21e+02 1.43e+02 2.01e+03 8.52e+36 


-2.0727e-05 1.2447e-05 2.2000e-05 -2.3365e-05 1.6700e-05 -2.3938e-05 -6.7459e-07 2.1689e-05 1.5386e-05 -1.5459e-05 1.2409e-05 -2.4215e-05 1.1289e-05 -1.5269e-05 2.8503e-06 1.5268e-05 -2.5297e-05 -2.5431e-05 3.7379e-05 


1.00e+00 -1.32e-01 -7.20e-01 6.21e-01 4.45e-02 3.60e-01 0.00e+00 0.00e+00 0.00e+00 0.00e+00 0.00e+00 0.00e+00 0.00e+00 0.00e+00 0.00e+00 0.00e+00 0.00e+00 0.00e+00 -4.36e-01 
-1.32e-01 1.00e+00 5.79e-01 -6.83e-01 7.05e-01 -5.98e-01 0.00e+00 0.00e+00 0.00e+00 0.00e+00 0.00e+00 0.00e+00 0.00e+00 0.00e+00 0.00e+00 0.00e+00 0.00e+00 0.00e+00 2.87e-01 
-7.20e-01 5.79e-01 1.00e+00 -9.79e-01 5.36e-01 -5.36e-01 0.00e+00 0.00e+00 0.00e+00 0.00e+00 0.00e+00 0.00e+00 0.00e+00 0.00e+00 0.00e+00 0.00e+00 0.00e+00 0.00e+00 5.06e-01 
6.21e-01 -6.83e-01 -9.79e-01 1.00e+00 -6.84e-01 6.40e-01 0.00e+00 0.00e+00 0.00e+00 0.00e+00 0.00e+00 0.00e+00 0.00e+00 0.00e+00 0.00e+00 0.00e+00 0.00e+00 0.00e+00 -5.46e-01 
4.45e-02 7.05e-01 5.36e-01 -6.84e-01 1.00e+00 -6.50e-01 0.00e+00 0.00e+00 0.00e+00 0.00e+00 0.00e+00 0.00e+00 0.00e+00 0.00e+00 0.00e+00 0.00e+00 0.00e+00 0.00e+00 4.22e-01 
3.60e-01 -5.98e-01 -5.36e-01 6.40e-01 -6.50e-01 1.00e+00 0.00e+00 0.00e+00 0.00e+00 0.00e+00 0.00e+00 0.00e+00 0.00e+00 0.00e+00 0.00e+00 0.00e+00 0.00e+00 0.00e+00 -5.20e-01 
0.00e+00 0.00e+00 0.00e+00 0.00e+00 0.00e+00 0.00e+00 1.00e+00 -3.15e-03 -6.27e-01 6.21e-01 -1.68e-01 7.71e-02 0.00e+00 0.00e+00 0.00e+00 0.00e+00 0.00e+00 0.00e+00 -9.68e-02 
0.00e+00 0.00e+00 0.00e+00 0.00e+00 0.00e+00 0.00e+00 -3.15e-03 1.00e+00 6.92e-01 -6.96e-01 3.23e-01 -8.85e-01 0.00e+00 0.00e+00 0.00e+00 0.00e+00 0.00e+00 0.00e+00 5.93e-01 
0.00e+00 0.00e+00 0.00e+00 0.00e+00 0.00e+00 0.00e+00 -6.27e-01 6.92e-01 1.00e+00 -1.00e+00 6.24e-01 -5.92e-01 0.00e+00 0.00e+00 0.00e+00 0.00e+00 0.00e+00 0.00e+00 4.62e-01 
0.00e+00 0.00e+00 0.00e+00 0.00e+00 0.00e+00 0.00e+00 6.21e-01 -6.96e-01 -1.00e+00 1.00e+00 -6.26e-01 5.93e-01 0.00e+00 0.00e+00 0.00e+00 0.00e+00 0.00e+00 0.00e+00 -4.63e-01 
0.00e+00 0.00e+00 0.00e+00 0.00e+00 0.00e+00 0.00e+00 -1.68e-01 3.23e-01 6.24e-01 -6.26e-01 1.00e+00 -3.18e-01 0.00e+00 0.00e+00 0.00e+00 0.00e+00 0.00e+00 0.00e+00 3.30e-01 
0.00e+00 0.00e+00 0.00e+00 0.00e+00 0.00e+00 0.00e+00 7.71e-02 -8.85e-01 -5.92e-01 5.93e-01 -3.18e-01 1.00e+00 0.00e+00 0.00e+00 0.00e+00 0.00e+00 0.00e+00 0.00e+00 -6.66e-01 
0.00e+00 0.00e+00 0.00e+00 0.00e+00 0.00e+00 0.00e+00 0.00e+00 0.00e+00 0.00e+00 0.00e+00 0.00e+00 0.00e+00 1.00e+00 -7.61e-01 -8.75e-01 8.58e-01 7.59e-01 4.95e-01 -1.33e-01 
0.00e+00 0.00e+00 0.00e+00 0.00e+00 0.00e+00 0.00e+00 0.00e+00 0.00e+00 0.00e+00 0.00e+00 0.00e+00 0.00e+00 -7.61e-01 1.00e+00 6.87e-01 -6.30e-01 -3.13e-01 -4.66e-01 1.26e-01 
0.00e+00 0.00e+00 0.00e+00 0.00e+00 0.00e+00 0.00e+00 0.00e+00 0.00e+00 0.00e+00 0.00e+00 0.00e+00 0.00e+00 -8.75e-01 6.87e-01 1.00e+00 -9.95e-01 -7.39e-01 -6.16e-01 1.30e-01 
0.00e+00 0.00e+00 0.00e+00 0.00e+00 0.00e+00 0.00e+00 0.00e+00 0.00e+00 0.00e+00 0.00e+00 0.00e+00 0.00e+00 8.58e-01 -6.30e-01 -9.95e-01 1.00e+00 7.65e-01 6.28e-01 -1.23e-01 
0.00e+00 0.00e+00 0.00e+00 0.00e+00 0.00e+00 0.00e+00 0.00e+00 0.00e+00 0.00e+00 0.00e+00 0.00e+00 0.00e+00 7.59e-01 -3.13e-01 -7.39e-01 7.65e-01 1.00e+00 2.43e-01 -6.81e-02 
0.00e+00 0.00e+00 0.00e+00 0.00e+00 0.00e+00 0.00e+00 0.00e+00 0.00e+00 0.00e+00 0.00e+00 0.00e+00 0.00e+00 4.95e-01 -4.66e-01 -6.16e-01 6.28e-01 2.43e-01 1.00e+00 -7.71e-02 
-4.36e-01 2.87e-01 5.06e-01 -5.46e-01 4.22e-01 -5.20e-01 -9.68e-02 5.93e-01 4.62e-01 -4.63e-01 3.30e-01 -6.66e-01 -1.33e-01 1.26e-01 1.30e-01 -1.23e-01 -6.81e-02 -7.71e-02 1.00e+00 


------------ITERATION 66 -----------------

ERROR SUM: 798.46

1.26e-01 8.83e-01 7.00e+01 2.33e+02 1.37e+02 2.00e+03 1.38e-01 8.24e-01 2.08e+01 1.05e+02 1.69e+02 2.00e+03 1.09e-01 7.55e-01 1.25e+02 1.21e+02 1.43e+02 2.01e+03 8.52e+36 


-1.6591e-05 9.9611e-06 1.7606e-05 -1.8696e-05 1.3360e-05 -1.9161e-05 -5.3856e-07 1.7347e-05 1.2307e-05 -1.2365e-05 9.9309e-06 -1.9369e-05 1.0371e-05 -1.3862e-05 2.1145e-06 1.3836e-05 -2.2184e-05 -2.2174e-05 2.9702e-05 


1.00e+00 -1.32e-01 -7.20e-01 6.21e-01 4.45e-02 3.60e-01 0.00e+00 0.00e+00 0.00e+00 0.00e+00 0.00e+00 0.00e+00 0.00e+00 0.00e+00 0.00e+00 0.00e+00 0.00e+00 0.00e+00 -4.36e-01 
-1.32e-01 1.00e+00 5.79e-01 -6.83e-01 7.05e-01 -5.98e-01 0.00e+00 0.00e+00 0.00e+00 0.00e+00 0.00e+00 0.00e+00 0.00e+00 0.00e+00 0.00e+00 0.00e+00 0.00e+00 0.00e+00 2.87e-01 
-7.20e-01 5.79e-01 1.00e+00 -9.79e-01 5.36e-01 -5.36e-01 0.00e+00 0.00e+00 0.00e+00 0.00e+00 0.00e+00 0.00e+00 0.00e+00 0.00e+00 0.00e+00 0.00e+00 0.00e+00 0.00e+00 5.06e-01 
6.21e-01 -6.83e-01 -9.79e-01 1.00e+00 -6.84e-01 6.40e-01 0.00e+00 0.00e+00 0.00e+00 0.00e+00 0.00e+00 0.00e+00 0.00e+00 0.00e+00 0.00e+00 0.00e+00 0.00e+00 0.00e+00 -5.46e-01 
4.45e-02 7.05e-01 5.36e-01 -6.84e-01 1.00e+00 -6.50e-01 0.00e+00 0.00e+00 0.00e+00 0.00e+00 0.00e+00 0.00e+00 0.00e+00 0.00e+00 0.00e+00 0.00e+00 0.00e+00 0.00e+00 4.22e-01 
3.60e-01 -5.98e-01 -5.36e-01 6.40e-01 -6.50e-01 1.00e+00 0.00e+00 0.00e+00 0.00e+00 0.00e+00 0.00e+00 0.00e+00 0.00e+00 0.00e+00 0.00e+00 0.00e+00 0.00e+00 0.00e+00 -5.20e-01 
0.00e+00 0.00e+00 0.00e+00 0.00e+00 0.00e+00 0.00e+00 1.00e+00 -3.15e-03 -6.27e-01 6.21e-01 -1.68e-01 7.71e-02 0.00e+00 0.00e+00 0.00e+00 0.00e+00 0.00e+00 0.00e+00 -9.68e-02 
0.00e+00 0.00e+00 0.00e+00 0.00e+00 0.00e+00 0.00e+00 -3.15e-03 1.00e+00 6.92e-01 -6.96e-01 3.23e-01 -8.85e-01 0.00e+00 0.00e+00 0.00e+00 0.00e+00 0.00e+00 0.00e+00 5.93e-01 
0.00e+00 0.00e+00 0.00e+00 0.00e+00 0.00e+00 0.00e+00 -6.27e-01 6.92e-01 1.00e+00 -1.00e+00 6.24e-01 -5.92e-01 0.00e+00 0.00e+00 0.00e+00 0.00e+00 0.00e+00 0.00e+00 4.62e-01 
0.00e+00 0.00e+00 0.00e+00 0.00e+00 0.00e+00 0.00e+00 6.21e-01 -6.96e-01 -1.00e+00 1.00e+00 -6.26e-01 5.93e-01 0.00e+00 0.00e+00 0.00e+00 0.00e+00 0.00e+00 0.00e+00 -4.63e-01 
0.00e+00 0.00e+00 0.00e+00 0.00e+00 0.00e+00 0.00e+00 -1.68e-01 3.23e-01 6.24e-01 -6.26e-01 1.00e+00 -3.18e-01 0.00e+00 0.00e+00 0.00e+00 0.00e+00 0.00e+00 0.00e+00 3.30e-01 
0.00e+00 0.00e+00 0.00e+00 0.00e+00 0.00e+00 0.00e+00 7.71e-02 -8.85e-01 -5.92e-01 5.93e-01 -3.18e-01 1.00e+00 0.00e+00 0.00e+00 0.00e+00 0.00e+00 0.00e+00 0.00e+00 -6.66e-01 
0.00e+00 0.00e+00 0.00e+00 0.00e+00 0.00e+00 0.00e+00 0.00e+00 0.00e+00 0.00e+00 0.00e+00 0.00e+00 0.00e+00 1.00e+00 -7.61e-01 -8.75e-01 8.58e-01 7.59e-01 4.95e-01 -1.33e-01 
0.00e+00 0.00e+00 0.00e+00 0.00e+00 0.00e+00 0.00e+00 0.00e+00 0.00e+00 0.00e+00 0.00e+00 0.00e+00 0.00e+00 -7.61e-01 1.00e+00 6.87e-01 -6.30e-01 -3.13e-01 -4.66e-01 1.26e-01 
0.00e+00 0.00e+00 0.00e+00 0.00e+00 0.00e+00 0.00e+00 0.00e+00 0.00e+00 0.00e+00 0.00e+00 0.00e+00 0.00e+00 -8.75e-01 6.87e-01 1.00e+00 -9.95e-01 -7.39e-01 -6.16e-01 1.30e-01 
0.00e+00 0.00e+00 0.00e+00 0.00e+00 0.00e+00 0.00e+00 0.00e+00 0.00e+00 0.00e+00 0.00e+00 0.00e+00 0.00e+00 8.58e-01 -6.30e-01 -9.95e-01 1.00e+00 7.65e-01 6.28e-01 -1.23e-01 
0.00e+00 0.00e+00 0.00e+00 0.00e+00 0.00e+00 0.00e+00 0.00e+00 0.00e+00 0.00e+00 0.00e+00 0.00e+00 0.00e+00 7.59e-01 -3.13e-01 -7.39e-01 7.65e-01 1.00e+00 2.43e-01 -6.81e-02 
0.00e+00 0.00e+00 0.00e+00 0.00e+00 0.00e+00 0.00e+00 0.00e+00 0.00e+00 0.00e+00 0.00e+00 0.00e+00 0.00e+00 4.95e-01 -4.66e-01 -6.16e-01 6.28e-01 2.43e-01 1.00e+00 -7.71e-02 
-4.36e-01 2.87e-01 5.06e-01 -5.46e-01 4.22e-01 -5.20e-01 -9.68e-02 5.93e-01 4.62e-01 -4.63e-01 3.30e-01 -6.66e-01 -1.33e-01 1.26e-01 1.30e-01 -1.23e-01 -6.81e-02 -7.71e-02 1.00e+00 


------------ITERATION 67 -----------------

ERROR SUM: 798.46

1.26e-01 8.83e-01 7.00e+01 2.33e+02 1.37e+02 2.00e+03 1.38e-01 8.24e-01 2.08e+01 1.05e+02 1.69e+02 2.00e+03 1.09e-01 7.55e-01 1.25e+02 1.21e+02 1.43e+02 2.01e+03 8.52e+36 


-1.3280e-05 7.9717e-06 1.4089e-05 -1.4961e-05 1.0688e-05 -1.5337e-05 -4.2995e-07 1.3874e-05 9.8433e-06 -9.8898e-06 7.9476e-06 -1.5493e-05 9.4784e-06 -1.2543e-05 1.5450e-06 1.2500e-05 -1.9464e-05 -1.9352e-05 2.3584e-05 


1.00e+00 -1.32e-01 -7.20e-01 6.21e-01 4.45e-02 3.60e-01 0.00e+00 0.00e+00 0.00e+00 0.00e+00 0.00e+00 0.00e+00 0.00e+00 0.00e+00 0.00e+00 0.00e+00 0.00e+00 0.00e+00 -4.36e-01 
-1.32e-01 1.00e+00 5.79e-01 -6.83e-01 7.05e-01 -5.98e-01 0.00e+00 0.00e+00 0.00e+00 0.00e+00 0.00e+00 0.00e+00 0.00e+00 0.00e+00 0.00e+00 0.00e+00 0.00e+00 0.00e+00 2.87e-01 
-7.20e-01 5.79e-01 1.00e+00 -9.79e-01 5.36e-01 -5.36e-01 0.00e+00 0.00e+00 0.00e+00 0.00e+00 0.00e+00 0.00e+00 0.00e+00 0.00e+00 0.00e+00 0.00e+00 0.00e+00 0.00e+00 5.06e-01 
6.21e-01 -6.83e-01 -9.79e-01 1.00e+00 -6.84e-01 6.40e-01 0.00e+00 0.00e+00 0.00e+00 0.00e+00 0.00e+00 0.00e+00 0.00e+00 0.00e+00 0.00e+00 0.00e+00 0.00e+00 0.00e+00 -5.46e-01 
4.45e-02 7.05e-01 5.36e-01 -6.84e-01 1.00e+00 -6.50e-01 0.00e+00 0.00e+00 0.00e+00 0.00e+00 0.00e+00 0.00e+00 0.00e+00 0.00e+00 0.00e+00 0.00e+00 0.00e+00 0.00e+00 4.22e-01 
3.60e-01 -5.98e-01 -5.36e-01 6.40e-01 -6.50e-01 1.00e+00 0.00e+00 0.00e+00 0.00e+00 0.00e+00 0.00e+00 0.00e+00 0.00e+00 0.00e+00 0.00e+00 0.00e+00 0.00e+00 0.00e+00 -5.20e-01 
0.00e+00 0.00e+00 0.00e+00 0.00e+00 0.00e+00 0.00e+00 1.00e+00 -3.15e-03 -6.27e-01 6.21e-01 -1.68e-01 7.71e-02 0.00e+00 0.00e+00 0.00e+00 0.00e+00 0.00e+00 0.00e+00 -9.68e-02 
0.00e+00 0.00e+00 0.00e+00 0.00e+00 0.00e+00 0.00e+00 -3.15e-03 1.00e+00 6.92e-01 -6.96e-01 3.23e-01 -8.85e-01 0.00e+00 0.00e+00 0.00e+00 0.00e+00 0.00e+00 0.00e+00 5.93e-01 
0.00e+00 0.00e+00 0.00e+00 0.00e+00 0.00e+00 0.00e+00 -6.27e-01 6.92e-01 1.00e+00 -1.00e+00 6.24e-01 -5.92e-01 0.00e+00 0.00e+00 0.00e+00 0.00e+00 0.00e+00 0.00e+00 4.62e-01 
0.00e+00 0.00e+00 0.00e+00 0.00e+00 0.00e+00 0.00e+00 6.21e-01 -6.96e-01 -1.00e+00 1.00e+00 -6.26e-01 5.93e-01 0.00e+00 0.00e+00 0.00e+00 0.00e+00 0.00e+00 0.00e+00 -4.63e-01 
0.00e+00 0.00e+00 0.00e+00 0.00e+00 0.00e+00 0.00e+00 -1.68e-01 3.23e-01 6.24e-01 -6.26e-01 1.00e+00 -3.18e-01 0.00e+00 0.00e+00 0.00e+00 0.00e+00 0.00e+00 0.00e+00 3.30e-01 
0.00e+00 0.00e+00 0.00e+00 0.00e+00 0.00e+00 0.00e+00 7.71e-02 -8.85e-01 -5.92e-01 5.93e-01 -3.18e-01 1.00e+00 0.00e+00 0.00e+00 0.00e+00 0.00e+00 0.00e+00 0.00e+00 -6.66e-01 
0.00e+00 0.00e+00 0.00e+00 0.00e+00 0.00e+00 0.00e+00 0.00e+00 0.00e+00 0.00e+00 0.00e+00 0.00e+00 0.00e+00 1.00e+00 -7.61e-01 -8.75e-01 8.58e-01 7.59e-01 4.95e-01 -1.33e-01 
0.00e+00 0.00e+00 0.00e+00 0.00e+00 0.00e+00 0.00e+00 0.00e+00 0.00e+00 0.00e+00 0.00e+00 0.00e+00 0.00e+00 -7.61e-01 1.00e+00 6.87e-01 -6.30e-01 -3.13e-01 -4.66e-01 1.26e-01 
0.00e+00 0.00e+00 0.00e+00 0.00e+00 0.00e+00 0.00e+00 0.00e+00 0.00e+00 0.00e+00 0.00e+00 0.00e+00 0.00e+00 -8.75e-01 6.87e-01 1.00e+00 -9.95e-01 -7.39e-01 -6.16e-01 1.30e-01 
0.00e+00 0.00e+00 0.00e+00 0.00e+00 0.00e+00 0.00e+00 0.00e+00 0.00e+00 0.00e+00 0.00e+00 0.00e+00 0.00e+00 8.58e-01 -6.30e-01 -9.95e-01 1.00e+00 7.65e-01 6.28e-01 -1.23e-01 
0.00e+00 0.00e+00 0.00e+00 0.00e+00 0.00e+00 0.00e+00 0.00e+00 0.00e+00 0.00e+00 0.00e+00 0.00e+00 0.00e+00 7.59e-01 -3.13e-01 -7.39e-01 7.65e-01 1.00e+00 2.43e-01 -6.81e-02 
0.00e+00 0.00e+00 0.00e+00 0.00e+00 0.00e+00 0.00e+00 0.00e+00 0.00e+00 0.00e+00 0.00e+00 0.00e+00 0.00e+00 4.95e-01 -4.66e-01 -6.16e-01 6.28e-01 2.43e-01 1.00e+00 -7.71e-02 
-4.36e-01 2.87e-01 5.06e-01 -5.46e-01 4.22e-01 -5.20e-01 -9.68e-02 5.93e-01 4.62e-01 -4.63e-01 3.30e-01 -6.66e-01 -1.33e-01 1.26e-01 1.30e-01 -1.23e-01 -6.81e-02 -7.71e-02 1.00e+00 


------------ITERATION 68 -----------------

ERROR SUM: 798.46

1.26e-01 8.83e-01 7.00e+01 2.33e+02 1.37e+02 2.00e+03 1.38e-01 8.24e-01 2.08e+01 1.05e+02 1.69e+02 2.00e+03 1.09e-01 7.55e-01 1.25e+02 1.21e+02 1.43e+02 2.01e+03 8.52e+36 


-1.0630e-05 6.3797e-06 1.1275e-05 -1.1971e-05 8.5505e-06 -1.2277e-05 -3.4322e-07 1.1097e-05 7.8729e-06 -7.9102e-06 6.3606e-06 -1.2392e-05 8.6252e-06 -1.1315e-05 1.1063e-06 1.1262e-05 -1.7086e-05 -1.6903e-05 1.8709e-05 


1.00e+00 -1.32e-01 -7.20e-01 6.21e-01 4.45e-02 3.60e-01 0.00e+00 0.00e+00 0.00e+00 0.00e+00 0.00e+00 0.00e+00 0.00e+00 0.00e+00 0.00e+00 0.00e+00 0.00e+00 0.00e+00 -4.36e-01 
-1.32e-01 1.00e+00 5.79e-01 -6.83e-01 7.05e-01 -5.98e-01 0.00e+00 0.00e+00 0.00e+00 0.00e+00 0.00e+00 0.00e+00 0.00e+00 0.00e+00 0.00e+00 0.00e+00 0.00e+00 0.00e+00 2.87e-01 
-7.20e-01 5.79e-01 1.00e+00 -9.79e-01 5.36e-01 -5.36e-01 0.00e+00 0.00e+00 0.00e+00 0.00e+00 0.00e+00 0.00e+00 0.00e+00 0.00e+00 0.00e+00 0.00e+00 0.00e+00 0.00e+00 5.06e-01 
6.21e-01 -6.83e-01 -9.79e-01 1.00e+00 -6.84e-01 6.40e-01 0.00e+00 0.00e+00 0.00e+00 0.00e+00 0.00e+00 0.00e+00 0.00e+00 0.00e+00 0.00e+00 0.00e+00 0.00e+00 0.00e+00 -5.46e-01 
4.45e-02 7.05e-01 5.36e-01 -6.84e-01 1.00e+00 -6.50e-01 0.00e+00 0.00e+00 0.00e+00 0.00e+00 0.00e+00 0.00e+00 0.00e+00 0.00e+00 0.00e+00 0.00e+00 0.00e+00 0.00e+00 4.22e-01 
3.60e-01 -5.98e-01 -5.36e-01 6.40e-01 -6.50e-01 1.00e+00 0.00e+00 0.00e+00 0.00e+00 0.00e+00 0.00e+00 0.00e+00 0.00e+00 0.00e+00 0.00e+00 0.00e+00 0.00e+00 0.00e+00 -5.20e-01 
0.00e+00 0.00e+00 0.00e+00 0.00e+00 0.00e+00 0.00e+00 1.00e+00 -3.15e-03 -6.27e-01 6.21e-01 -1.68e-01 7.71e-02 0.00e+00 0.00e+00 0.00e+00 0.00e+00 0.00e+00 0.00e+00 -9.68e-02 
0.00e+00 0.00e+00 0.00e+00 0.00e+00 0.00e+00 0.00e+00 -3.15e-03 1.00e+00 6.92e-01 -6.96e-01 3.23e-01 -8.85e-01 0.00e+00 0.00e+00 0.00e+00 0.00e+00 0.00e+00 0.00e+00 5.93e-01 
0.00e+00 0.00e+00 0.00e+00 0.00e+00 0.00e+00 0.00e+00 -6.27e-01 6.92e-01 1.00e+00 -1.00e+00 6.24e-01 -5.92e-01 0.00e+00 0.00e+00 0.00e+00 0.00e+00 0.00e+00 0.00e+00 4.62e-01 
0.00e+00 0.00e+00 0.00e+00 0.00e+00 0.00e+00 0.00e+00 6.21e-01 -6.96e-01 -1.00e+00 1.00e+00 -6.26e-01 5.93e-01 0.00e+00 0.00e+00 0.00e+00 0.00e+00 0.00e+00 0.00e+00 -4.63e-01 
0.00e+00 0.00e+00 0.00e+00 0.00e+00 0.00e+00 0.00e+00 -1.68e-01 3.23e-01 6.24e-01 -6.26e-01 1.00e+00 -3.18e-01 0.00e+00 0.00e+00 0.00e+00 0.00e+00 0.00e+00 0.00e+00 3.30e-01 
0.00e+00 0.00e+00 0.00e+00 0.00e+00 0.00e+00 0.00e+00 7.71e-02 -8.85e-01 -5.92e-01 5.93e-01 -3.18e-01 1.00e+00 0.00e+00 0.00e+00 0.00e+00 0.00e+00 0.00e+00 0.00e+00 -6.66e-01 
0.00e+00 0.00e+00 0.00e+00 0.00e+00 0.00e+00 0.00e+00 0.00e+00 0.00e+00 0.00e+00 0.00e+00 0.00e+00 0.00e+00 1.00e+00 -7.61e-01 -8.75e-01 8.58e-01 7.59e-01 4.95e-01 -1.33e-01 
0.00e+00 0.00e+00 0.00e+00 0.00e+00 0.00e+00 0.00e+00 0.00e+00 0.00e+00 0.00e+00 0.00e+00 0.00e+00 0.00e+00 -7.61e-01 1.00e+00 6.87e-01 -6.30e-01 -3.13e-01 -4.66e-01 1.26e-01 
0.00e+00 0.00e+00 0.00e+00 0.00e+00 0.00e+00 0.00e+00 0.00e+00 0.00e+00 0.00e+00 0.00e+00 0.00e+00 0.00e+00 -8.75e-01 6.87e-01 1.00e+00 -9.95e-01 -7.39e-01 -6.16e-01 1.30e-01 
0.00e+00 0.00e+00 0.00e+00 0.00e+00 0.00e+00 0.00e+00 0.00e+00 0.00e+00 0.00e+00 0.00e+00 0.00e+00 0.00e+00 8.58e-01 -6.30e-01 -9.95e-01 1.00e+00 7.65e-01 6.28e-01 -1.23e-01 
0.00e+00 0.00e+00 0.00e+00 0.00e+00 0.00e+00 0.00e+00 0.00e+00 0.00e+00 0.00e+00 0.00e+00 0.00e+00 0.00e+00 7.59e-01 -3.13e-01 -7.39e-01 7.65e-01 1.00e+00 2.43e-01 -6.81e-02 
0.00e+00 0.00e+00 0.00e+00 0.00e+00 0.00e+00 0.00e+00 0.00e+00 0.00e+00 0.00e+00 0.00e+00 0.00e+00 0.00e+00 4.95e-01 -4.66e-01 -6.16e-01 6.28e-01 2.43e-01 1.00e+00 -7.71e-02 
-4.36e-01 2.87e-01 5.06e-01 -5.46e-01 4.22e-01 -5.20e-01 -9.68e-02 5.93e-01 4.62e-01 -4.63e-01 3.30e-01 -6.66e-01 -1.33e-01 1.26e-01 1.30e-01 -1.23e-01 -6.81e-02 -7.71e-02 1.00e+00 


------------ITERATION 69 -----------------

ERROR SUM: 798.46

1.26e-01 8.83e-01 7.00e+01 2.33e+02 1.37e+02 2.00e+03 1.38e-01 8.24e-01 2.08e+01 1.05e+02 1.69e+02 2.00e+03 1.09e-01 7.55e-01 1.25e+02 1.21e+02 1.43e+02 2.01e+03 8.52e+36 


-8.5092e-06 5.1057e-06 9.0233e-06 -9.5794e-06 6.8404e-06 -9.8273e-06 -2.7397e-07 8.8752e-06 6.2969e-06 -6.3269e-06 5.0906e-06 -9.9115e-06 7.8198e-06 -1.0182e-05 7.7032e-07 1.0123e-05 -1.5005e-05 -1.4776e-05 1.4828e-05 


1.00e+00 -1.32e-01 -7.20e-01 6.21e-01 4.45e-02 3.60e-01 0.00e+00 0.00e+00 0.00e+00 0.00e+00 0.00e+00 0.00e+00 0.00e+00 0.00e+00 0.00e+00 0.00e+00 0.00e+00 0.00e+00 -4.36e-01 
-1.32e-01 1.00e+00 5.79e-01 -6.83e-01 7.05e-01 -5.98e-01 0.00e+00 0.00e+00 0.00e+00 0.00e+00 0.00e+00 0.00e+00 0.00e+00 0.00e+00 0.00e+00 0.00e+00 0.00e+00 0.00e+00 2.87e-01 
-7.20e-01 5.79e-01 1.00e+00 -9.79e-01 5.36e-01 -5.36e-01 0.00e+00 0.00e+00 0.00e+00 0.00e+00 0.00e+00 0.00e+00 0.00e+00 0.00e+00 0.00e+00 0.00e+00 0.00e+00 0.00e+00 5.06e-01 
6.21e-01 -6.83e-01 -9.79e-01 1.00e+00 -6.84e-01 6.40e-01 0.00e+00 0.00e+00 0.00e+00 0.00e+00 0.00e+00 0.00e+00 0.00e+00 0.00e+00 0.00e+00 0.00e+00 0.00e+00 0.00e+00 -5.46e-01 
4.45e-02 7.05e-01 5.36e-01 -6.84e-01 1.00e+00 -6.50e-01 0.00e+00 0.00e+00 0.00e+00 0.00e+00 0.00e+00 0.00e+00 0.00e+00 0.00e+00 0.00e+00 0.00e+00 0.00e+00 0.00e+00 4.22e-01 
3.60e-01 -5.98e-01 -5.36e-01 6.40e-01 -6.50e-01 1.00e+00 0.00e+00 0.00e+00 0.00e+00 0.00e+00 0.00e+00 0.00e+00 0.00e+00 0.00e+00 0.00e+00 0.00e+00 0.00e+00 0.00e+00 -5.20e-01 
0.00e+00 0.00e+00 0.00e+00 0.00e+00 0.00e+00 0.00e+00 1.00e+00 -3.15e-03 -6.27e-01 6.21e-01 -1.68e-01 7.71e-02 0.00e+00 0.00e+00 0.00e+00 0.00e+00 0.00e+00 0.00e+00 -9.68e-02 
0.00e+00 0.00e+00 0.00e+00 0.00e+00 0.00e+00 0.00e+00 -3.15e-03 1.00e+00 6.92e-01 -6.96e-01 3.23e-01 -8.85e-01 0.00e+00 0.00e+00 0.00e+00 0.00e+00 0.00e+00 0.00e+00 5.93e-01 
0.00e+00 0.00e+00 0.00e+00 0.00e+00 0.00e+00 0.00e+00 -6.27e-01 6.92e-01 1.00e+00 -1.00e+00 6.24e-01 -5.92e-01 0.00e+00 0.00e+00 0.00e+00 0.00e+00 0.00e+00 0.00e+00 4.62e-01 
0.00e+00 0.00e+00 0.00e+00 0.00e+00 0.00e+00 0.00e+00 6.21e-01 -6.96e-01 -1.00e+00 1.00e+00 -6.26e-01 5.93e-01 0.00e+00 0.00e+00 0.00e+00 0.00e+00 0.00e+00 0.00e+00 -4.63e-01 
0.00e+00 0.00e+00 0.00e+00 0.00e+00 0.00e+00 0.00e+00 -1.68e-01 3.23e-01 6.24e-01 -6.26e-01 1.00e+00 -3.18e-01 0.00e+00 0.00e+00 0.00e+00 0.00e+00 0.00e+00 0.00e+00 3.30e-01 
0.00e+00 0.00e+00 0.00e+00 0.00e+00 0.00e+00 0.00e+00 7.71e-02 -8.85e-01 -5.92e-01 5.93e-01 -3.18e-01 1.00e+00 0.00e+00 0.00e+00 0.00e+00 0.00e+00 0.00e+00 0.00e+00 -6.66e-01 
0.00e+00 0.00e+00 0.00e+00 0.00e+00 0.00e+00 0.00e+00 0.00e+00 0.00e+00 0.00e+00 0.00e+00 0.00e+00 0.00e+00 1.00e+00 -7.61e-01 -8.75e-01 8.58e-01 7.59e-01 4.95e-01 -1.33e-01 
0.00e+00 0.00e+00 0.00e+00 0.00e+00 0.00e+00 0.00e+00 0.00e+00 0.00e+00 0.00e+00 0.00e+00 0.00e+00 0.00e+00 -7.61e-01 1.00e+00 6.87e-01 -6.30e-01 -3.13e-01 -4.66e-01 1.26e-01 
0.00e+00 0.00e+00 0.00e+00 0.00e+00 0.00e+00 0.00e+00 0.00e+00 0.00e+00 0.00e+00 0.00e+00 0.00e+00 0.00e+00 -8.75e-01 6.87e-01 1.00e+00 -9.95e-01 -7.39e-01 -6.16e-01 1.30e-01 
0.00e+00 0.00e+00 0.00e+00 0.00e+00 0.00e+00 0.00e+00 0.00e+00 0.00e+00 0.00e+00 0.00e+00 0.00e+00 0.00e+00 8.58e-01 -6.30e-01 -9.95e-01 1.00e+00 7.65e-01 6.28e-01 -1.23e-01 
0.00e+00 0.00e+00 0.00e+00 0.00e+00 0.00e+00 0.00e+00 0.00e+00 0.00e+00 0.00e+00 0.00e+00 0.00e+00 0.00e+00 7.59e-01 -3.13e-01 -7.39e-01 7.65e-01 1.00e+00 2.43e-01 -6.81e-02 
0.00e+00 0.00e+00 0.00e+00 0.00e+00 0.00e+00 0.00e+00 0.00e+00 0.00e+00 0.00e+00 0.00e+00 0.00e+00 0.00e+00 4.95e-01 -4.66e-01 -6.16e-01 6.28e-01 2.43e-01 1.00e+00 -7.71e-02 
-4.36e-01 2.87e-01 5.06e-01 -5.46e-01 4.22e-01 -5.20e-01 -9.68e-02 5.93e-01 4.62e-01 -4.63e-01 3.30e-01 -6.66e-01 -1.33e-01 1.26e-01 1.30e-01 -1.23e-01 -6.81e-02 -7.71e-02 1.00e+00 


------------ITERATION 70 -----------------

ERROR SUM: 798.46

1.26e-01 8.83e-01 7.00e+01 2.33e+02 1.37e+02 2.00e+03 1.38e-01 8.24e-01 2.08e+01 1.05e+02 1.69e+02 2.00e+03 1.09e-01 7.55e-01 1.25e+02 1.21e+02 1.43e+02 2.01e+03 8.52e+36 


-6.8113e-06 4.0862e-06 7.2211e-06 -7.6654e-06 5.4723e-06 -7.8666e-06 -2.1869e-07 7.0982e-06 5.0364e-06 -5.0604e-06 4.0743e-06 -7.9275e-06 7.0670e-06 -9.1412e-06 5.1484e-07 9.0808e-06 -1.3182e-05 -1.2926e-05 1.1740e-05 


1.00e+00 -1.32e-01 -7.20e-01 6.21e-01 4.45e-02 3.60e-01 0.00e+00 0.00e+00 0.00e+00 0.00e+00 0.00e+00 0.00e+00 0.00e+00 0.00e+00 0.00e+00 0.00e+00 0.00e+00 0.00e+00 -4.36e-01 
-1.32e-01 1.00e+00 5.79e-01 -6.83e-01 7.05e-01 -5.98e-01 0.00e+00 0.00e+00 0.00e+00 0.00e+00 0.00e+00 0.00e+00 0.00e+00 0.00e+00 0.00e+00 0.00e+00 0.00e+00 0.00e+00 2.87e-01 
-7.20e-01 5.79e-01 1.00e+00 -9.79e-01 5.36e-01 -5.36e-01 0.00e+00 0.00e+00 0.00e+00 0.00e+00 0.00e+00 0.00e+00 0.00e+00 0.00e+00 0.00e+00 0.00e+00 0.00e+00 0.00e+00 5.06e-01 
6.21e-01 -6.83e-01 -9.79e-01 1.00e+00 -6.84e-01 6.40e-01 0.00e+00 0.00e+00 0.00e+00 0.00e+00 0.00e+00 0.00e+00 0.00e+00 0.00e+00 0.00e+00 0.00e+00 0.00e+00 0.00e+00 -5.46e-01 
4.45e-02 7.05e-01 5.36e-01 -6.84e-01 1.00e+00 -6.50e-01 0.00e+00 0.00e+00 0.00e+00 0.00e+00 0.00e+00 0.00e+00 0.00e+00 0.00e+00 0.00e+00 0.00e+00 0.00e+00 0.00e+00 4.22e-01 
3.60e-01 -5.98e-01 -5.36e-01 6.40e-01 -6.50e-01 1.00e+00 0.00e+00 0.00e+00 0.00e+00 0.00e+00 0.00e+00 0.00e+00 0.00e+00 0.00e+00 0.00e+00 0.00e+00 0.00e+00 0.00e+00 -5.20e-01 
0.00e+00 0.00e+00 0.00e+00 0.00e+00 0.00e+00 0.00e+00 1.00e+00 -3.15e-03 -6.27e-01 6.21e-01 -1.68e-01 7.71e-02 0.00e+00 0.00e+00 0.00e+00 0.00e+00 0.00e+00 0.00e+00 -9.68e-02 
0.00e+00 0.00e+00 0.00e+00 0.00e+00 0.00e+00 0.00e+00 -3.15e-03 1.00e+00 6.92e-01 -6.96e-01 3.23e-01 -8.85e-01 0.00e+00 0.00e+00 0.00e+00 0.00e+00 0.00e+00 0.00e+00 5.93e-01 
0.00e+00 0.00e+00 0.00e+00 0.00e+00 0.00e+00 0.00e+00 -6.27e-01 6.92e-01 1.00e+00 -1.00e+00 6.24e-01 -5.92e-01 0.00e+00 0.00e+00 0.00e+00 0.00e+00 0.00e+00 0.00e+00 4.62e-01 
0.00e+00 0.00e+00 0.00e+00 0.00e+00 0.00e+00 0.00e+00 6.21e-01 -6.96e-01 -1.00e+00 1.00e+00 -6.26e-01 5.93e-01 0.00e+00 0.00e+00 0.00e+00 0.00e+00 0.00e+00 0.00e+00 -4.63e-01 
0.00e+00 0.00e+00 0.00e+00 0.00e+00 0.00e+00 0.00e+00 -1.68e-01 3.23e-01 6.24e-01 -6.26e-01 1.00e+00 -3.18e-01 0.00e+00 0.00e+00 0.00e+00 0.00e+00 0.00e+00 0.00e+00 3.30e-01 
0.00e+00 0.00e+00 0.00e+00 0.00e+00 0.00e+00 0.00e+00 7.71e-02 -8.85e-01 -5.92e-01 5.93e-01 -3.18e-01 1.00e+00 0.00e+00 0.00e+00 0.00e+00 0.00e+00 0.00e+00 0.00e+00 -6.66e-01 
0.00e+00 0.00e+00 0.00e+00 0.00e+00 0.00e+00 0.00e+00 0.00e+00 0.00e+00 0.00e+00 0.00e+00 0.00e+00 0.00e+00 1.00e+00 -7.61e-01 -8.75e-01 8.58e-01 7.59e-01 4.95e-01 -1.33e-01 
0.00e+00 0.00e+00 0.00e+00 0.00e+00 0.00e+00 0.00e+00 0.00e+00 0.00e+00 0.00e+00 0.00e+00 0.00e+00 0.00e+00 -7.61e-01 1.00e+00 6.87e-01 -6.30e-01 -3.13e-01 -4.66e-01 1.26e-01 
0.00e+00 0.00e+00 0.00e+00 0.00e+00 0.00e+00 0.00e+00 0.00e+00 0.00e+00 0.00e+00 0.00e+00 0.00e+00 0.00e+00 -8.75e-01 6.87e-01 1.00e+00 -9.95e-01 -7.39e-01 -6.16e-01 1.30e-01 
0.00e+00 0.00e+00 0.00e+00 0.00e+00 0.00e+00 0.00e+00 0.00e+00 0.00e+00 0.00e+00 0.00e+00 0.00e+00 0.00e+00 8.58e-01 -6.30e-01 -9.95e-01 1.00e+00 7.65e-01 6.28e-01 -1.23e-01 
0.00e+00 0.00e+00 0.00e+00 0.00e+00 0.00e+00 0.00e+00 0.00e+00 0.00e+00 0.00e+00 0.00e+00 0.00e+00 0.00e+00 7.59e-01 -3.13e-01 -7.39e-01 7.65e-01 1.00e+00 2.43e-01 -6.81e-02 
0.00e+00 0.00e+00 0.00e+00 0.00e+00 0.00e+00 0.00e+00 0.00e+00 0.00e+00 0.00e+00 0.00e+00 0.00e+00 0.00e+00 4.95e-01 -4.66e-01 -6.16e-01 6.28e-01 2.43e-01 1.00e+00 -7.71e-02 
-4.36e-01 2.87e-01 5.06e-01 -5.46e-01 4.22e-01 -5.20e-01 -9.68e-02 5.93e-01 4.62e-01 -4.63e-01 3.30e-01 -6.66e-01 -1.33e-01 1.26e-01 1.30e-01 -1.23e-01 -6.81e-02 -7.71e-02 1.00e+00 


------------ITERATION 71 -----------------

ERROR SUM: 798.46

1.26e-01 8.83e-01 7.00e+01 2.33e+02 1.37e+02 2.00e+03 1.38e-01 8.24e-01 2.08e+01 1.05e+02 1.69e+02 2.00e+03 1.09e-01 7.55e-01 1.25e+02 1.21e+02 1.43e+02 2.01e+03 8.52e+36 


-5.4523e-06 3.2704e-06 5.7789e-06 -6.1339e-06 4.3778e-06 -6.2973e-06 -1.7455e-07 5.6770e-06 4.0281e-06 -4.0474e-06 3.2609e-06 -6.3406e-06 6.3691e-06 -8.1912e-06 3.2222e-07 8.1311e-06 -1.1586e-05 -1.1315e-05 9.2830e-06 


1.00e+00 -1.32e-01 -7.20e-01 6.21e-01 4.45e-02 3.60e-01 0.00e+00 0.00e+00 0.00e+00 0.00e+00 0.00e+00 0.00e+00 0.00e+00 0.00e+00 0.00e+00 0.00e+00 0.00e+00 0.00e+00 -4.36e-01 
-1.32e-01 1.00e+00 5.79e-01 -6.83e-01 7.05e-01 -5.98e-01 0.00e+00 0.00e+00 0.00e+00 0.00e+00 0.00e+00 0.00e+00 0.00e+00 0.00e+00 0.00e+00 0.00e+00 0.00e+00 0.00e+00 2.87e-01 
-7.20e-01 5.79e-01 1.00e+00 -9.79e-01 5.36e-01 -5.36e-01 0.00e+00 0.00e+00 0.00e+00 0.00e+00 0.00e+00 0.00e+00 0.00e+00 0.00e+00 0.00e+00 0.00e+00 0.00e+00 0.00e+00 5.06e-01 
6.21e-01 -6.83e-01 -9.79e-01 1.00e+00 -6.84e-01 6.40e-01 0.00e+00 0.00e+00 0.00e+00 0.00e+00 0.00e+00 0.00e+00 0.00e+00 0.00e+00 0.00e+00 0.00e+00 0.00e+00 0.00e+00 -5.46e-01 
4.45e-02 7.05e-01 5.36e-01 -6.84e-01 1.00e+00 -6.50e-01 0.00e+00 0.00e+00 0.00e+00 0.00e+00 0.00e+00 0.00e+00 0.00e+00 0.00e+00 0.00e+00 0.00e+00 0.00e+00 0.00e+00 4.22e-01 
3.60e-01 -5.98e-01 -5.36e-01 6.40e-01 -6.50e-01 1.00e+00 0.00e+00 0.00e+00 0.00e+00 0.00e+00 0.00e+00 0.00e+00 0.00e+00 0.00e+00 0.00e+00 0.00e+00 0.00e+00 0.00e+00 -5.20e-01 
0.00e+00 0.00e+00 0.00e+00 0.00e+00 0.00e+00 0.00e+00 1.00e+00 -3.15e-03 -6.27e-01 6.21e-01 -1.68e-01 7.71e-02 0.00e+00 0.00e+00 0.00e+00 0.00e+00 0.00e+00 0.00e+00 -9.68e-02 
0.00e+00 0.00e+00 0.00e+00 0.00e+00 0.00e+00 0.00e+00 -3.15e-03 1.00e+00 6.92e-01 -6.96e-01 3.23e-01 -8.85e-01 0.00e+00 0.00e+00 0.00e+00 0.00e+00 0.00e+00 0.00e+00 5.93e-01 
0.00e+00 0.00e+00 0.00e+00 0.00e+00 0.00e+00 0.00e+00 -6.27e-01 6.92e-01 1.00e+00 -1.00e+00 6.24e-01 -5.92e-01 0.00e+00 0.00e+00 0.00e+00 0.00e+00 0.00e+00 0.00e+00 4.62e-01 
0.00e+00 0.00e+00 0.00e+00 0.00e+00 0.00e+00 0.00e+00 6.21e-01 -6.96e-01 -1.00e+00 1.00e+00 -6.26e-01 5.93e-01 0.00e+00 0.00e+00 0.00e+00 0.00e+00 0.00e+00 0.00e+00 -4.63e-01 
0.00e+00 0.00e+00 0.00e+00 0.00e+00 0.00e+00 0.00e+00 -1.68e-01 3.23e-01 6.24e-01 -6.26e-01 1.00e+00 -3.18e-01 0.00e+00 0.00e+00 0.00e+00 0.00e+00 0.00e+00 0.00e+00 3.30e-01 
0.00e+00 0.00e+00 0.00e+00 0.00e+00 0.00e+00 0.00e+00 7.71e-02 -8.85e-01 -5.92e-01 5.93e-01 -3.18e-01 1.00e+00 0.00e+00 0.00e+00 0.00e+00 0.00e+00 0.00e+00 0.00e+00 -6.66e-01 
0.00e+00 0.00e+00 0.00e+00 0.00e+00 0.00e+00 0.00e+00 0.00e+00 0.00e+00 0.00e+00 0.00e+00 0.00e+00 0.00e+00 1.00e+00 -7.61e-01 -8.75e-01 8.58e-01 7.59e-01 4.95e-01 -1.33e-01 
0.00e+00 0.00e+00 0.00e+00 0.00e+00 0.00e+00 0.00e+00 0.00e+00 0.00e+00 0.00e+00 0.00e+00 0.00e+00 0.00e+00 -7.61e-01 1.00e+00 6.87e-01 -6.30e-01 -3.13e-01 -4.66e-01 1.26e-01 
0.00e+00 0.00e+00 0.00e+00 0.00e+00 0.00e+00 0.00e+00 0.00e+00 0.00e+00 0.00e+00 0.00e+00 0.00e+00 0.00e+00 -8.75e-01 6.87e-01 1.00e+00 -9.95e-01 -7.39e-01 -6.16e-01 1.30e-01 
0.00e+00 0.00e+00 0.00e+00 0.00e+00 0.00e+00 0.00e+00 0.00e+00 0.00e+00 0.00e+00 0.00e+00 0.00e+00 0.00e+00 8.58e-01 -6.30e-01 -9.95e-01 1.00e+00 7.65e-01 6.28e-01 -1.23e-01 
0.00e+00 0.00e+00 0.00e+00 0.00e+00 0.00e+00 0.00e+00 0.00e+00 0.00e+00 0.00e+00 0.00e+00 0.00e+00 0.00e+00 7.59e-01 -3.13e-01 -7.39e-01 7.65e-01 1.00e+00 2.43e-01 -6.81e-02 
0.00e+00 0.00e+00 0.00e+00 0.00e+00 0.00e+00 0.00e+00 0.00e+00 0.00e+00 0.00e+00 0.00e+00 0.00e+00 0.00e+00 4.95e-01 -4.66e-01 -6.16e-01 6.28e-01 2.43e-01 1.00e+00 -7.71e-02 
-4.36e-01 2.87e-01 5.06e-01 -5.46e-01 4.22e-01 -5.20e-01 -9.68e-02 5.93e-01 4.62e-01 -4.63e-01 3.30e-01 -6.66e-01 -1.33e-01 1.26e-01 1.30e-01 -1.23e-01 -6.81e-02 -7.71e-02 1.00e+00 


------------ITERATION 72 -----------------

ERROR SUM: 798.46

1.26e-01 8.83e-01 7.00e+01 2.33e+02 1.37e+02 2.00e+03 1.38e-01 8.24e-01 2.08e+01 1.05e+02 1.69e+02 2.00e+03 1.09e-01 7.55e-01 1.25e+02 1.21e+02 1.43e+02 2.01e+03 8.52e+36 


-4.3644e-06 2.6175e-06 4.6248e-06 -4.9083e-06 3.5022e-06 -5.0411e-06 -1.3932e-07 4.5402e-06 3.2217e-06 -3.2372e-06 2.6101e-06 -5.0712e-06 5.7264e-06 -7.3273e-06 1.7855e-07 7.2691e-06 -1.0186e-05 -9.9116e-06 7.3303e-06 


1.00e+00 -1.32e-01 -7.20e-01 6.21e-01 4.45e-02 3.60e-01 0.00e+00 0.00e+00 0.00e+00 0.00e+00 0.00e+00 0.00e+00 0.00e+00 0.00e+00 0.00e+00 0.00e+00 0.00e+00 0.00e+00 -4.36e-01 
-1.32e-01 1.00e+00 5.79e-01 -6.83e-01 7.05e-01 -5.98e-01 0.00e+00 0.00e+00 0.00e+00 0.00e+00 0.00e+00 0.00e+00 0.00e+00 0.00e+00 0.00e+00 0.00e+00 0.00e+00 0.00e+00 2.87e-01 
-7.20e-01 5.79e-01 1.00e+00 -9.79e-01 5.36e-01 -5.36e-01 0.00e+00 0.00e+00 0.00e+00 0.00e+00 0.00e+00 0.00e+00 0.00e+00 0.00e+00 0.00e+00 0.00e+00 0.00e+00 0.00e+00 5.06e-01 
6.21e-01 -6.83e-01 -9.79e-01 1.00e+00 -6.84e-01 6.40e-01 0.00e+00 0.00e+00 0.00e+00 0.00e+00 0.00e+00 0.00e+00 0.00e+00 0.00e+00 0.00e+00 0.00e+00 0.00e+00 0.00e+00 -5.46e-01 
4.45e-02 7.05e-01 5.36e-01 -6.84e-01 1.00e+00 -6.50e-01 0.00e+00 0.00e+00 0.00e+00 0.00e+00 0.00e+00 0.00e+00 0.00e+00 0.00e+00 0.00e+00 0.00e+00 0.00e+00 0.00e+00 4.22e-01 
3.60e-01 -5.98e-01 -5.36e-01 6.40e-01 -6.50e-01 1.00e+00 0.00e+00 0.00e+00 0.00e+00 0.00e+00 0.00e+00 0.00e+00 0.00e+00 0.00e+00 0.00e+00 0.00e+00 0.00e+00 0.00e+00 -5.20e-01 
0.00e+00 0.00e+00 0.00e+00 0.00e+00 0.00e+00 0.00e+00 1.00e+00 -3.15e-03 -6.27e-01 6.21e-01 -1.68e-01 7.71e-02 0.00e+00 0.00e+00 0.00e+00 0.00e+00 0.00e+00 0.00e+00 -9.68e-02 
0.00e+00 0.00e+00 0.00e+00 0.00e+00 0.00e+00 0.00e+00 -3.15e-03 1.00e+00 6.92e-01 -6.96e-01 3.23e-01 -8.85e-01 0.00e+00 0.00e+00 0.00e+00 0.00e+00 0.00e+00 0.00e+00 5.93e-01 
0.00e+00 0.00e+00 0.00e+00 0.00e+00 0.00e+00 0.00e+00 -6.27e-01 6.92e-01 1.00e+00 -1.00e+00 6.24e-01 -5.92e-01 0.00e+00 0.00e+00 0.00e+00 0.00e+00 0.00e+00 0.00e+00 4.62e-01 
0.00e+00 0.00e+00 0.00e+00 0.00e+00 0.00e+00 0.00e+00 6.21e-01 -6.96e-01 -1.00e+00 1.00e+00 -6.26e-01 5.93e-01 0.00e+00 0.00e+00 0.00e+00 0.00e+00 0.00e+00 0.00e+00 -4.63e-01 
0.00e+00 0.00e+00 0.00e+00 0.00e+00 0.00e+00 0.00e+00 -1.68e-01 3.23e-01 6.24e-01 -6.26e-01 1.00e+00 -3.18e-01 0.00e+00 0.00e+00 0.00e+00 0.00e+00 0.00e+00 0.00e+00 3.30e-01 
0.00e+00 0.00e+00 0.00e+00 0.00e+00 0.00e+00 0.00e+00 7.71e-02 -8.85e-01 -5.92e-01 5.93e-01 -3.18e-01 1.00e+00 0.00e+00 0.00e+00 0.00e+00 0.00e+00 0.00e+00 0.00e+00 -6.66e-01 
0.00e+00 0.00e+00 0.00e+00 0.00e+00 0.00e+00 0.00e+00 0.00e+00 0.00e+00 0.00e+00 0.00e+00 0.00e+00 0.00e+00 1.00e+00 -7.61e-01 -8.75e-01 8.58e-01 7.59e-01 4.95e-01 -1.33e-01 
0.00e+00 0.00e+00 0.00e+00 0.00e+00 0.00e+00 0.00e+00 0.00e+00 0.00e+00 0.00e+00 0.00e+00 0.00e+00 0.00e+00 -7.61e-01 1.00e+00 6.87e-01 -6.30e-01 -3.13e-01 -4.66e-01 1.26e-01 
0.00e+00 0.00e+00 0.00e+00 0.00e+00 0.00e+00 0.00e+00 0.00e+00 0.00e+00 0.00e+00 0.00e+00 0.00e+00 0.00e+00 -8.75e-01 6.87e-01 1.00e+00 -9.95e-01 -7.39e-01 -6.16e-01 1.30e-01 
0.00e+00 0.00e+00 0.00e+00 0.00e+00 0.00e+00 0.00e+00 0.00e+00 0.00e+00 0.00e+00 0.00e+00 0.00e+00 0.00e+00 8.58e-01 -6.30e-01 -9.95e-01 1.00e+00 7.65e-01 6.28e-01 -1.23e-01 
0.00e+00 0.00e+00 0.00e+00 0.00e+00 0.00e+00 0.00e+00 0.00e+00 0.00e+00 0.00e+00 0.00e+00 0.00e+00 0.00e+00 7.59e-01 -3.13e-01 -7.39e-01 7.65e-01 1.00e+00 2.43e-01 -6.81e-02 
0.00e+00 0.00e+00 0.00e+00 0.00e+00 0.00e+00 0.00e+00 0.00e+00 0.00e+00 0.00e+00 0.00e+00 0.00e+00 0.00e+00 4.95e-01 -4.66e-01 -6.16e-01 6.28e-01 2.43e-01 1.00e+00 -7.71e-02 
-4.36e-01 2.87e-01 5.06e-01 -5.46e-01 4.22e-01 -5.20e-01 -9.68e-02 5.93e-01 4.62e-01 -4.63e-01 3.30e-01 -6.66e-01 -1.33e-01 1.26e-01 1.30e-01 -1.23e-01 -6.81e-02 -7.71e-02 1.00e+00 


------------ITERATION 73 -----------------

ERROR SUM: 798.46

1.26e-01 8.83e-01 7.00e+01 2.33e+02 1.37e+02 2.00e+03 1.38e-01 8.24e-01 2.08e+01 1.05e+02 1.69e+02 2.00e+03 1.09e-01 7.55e-01 1.25e+02 1.21e+02 1.43e+02 2.01e+03 8.52e+36 


-3.4937e-06 2.0950e-06 3.7012e-06 -3.9277e-06 2.8017e-06 -4.0356e-06 -1.1119e-07 3.6310e-06 2.5767e-06 -2.5891e-06 2.0892e-06 -4.0560e-06 5.1377e-06 -6.5447e-06 7.2831e-08 6.4894e-06 -8.9576e-06 -8.6869e-06 5.7794e-06 


1.00e+00 -1.32e-01 -7.20e-01 6.21e-01 4.45e-02 3.60e-01 0.00e+00 0.00e+00 0.00e+00 0.00e+00 0.00e+00 0.00e+00 0.00e+00 0.00e+00 0.00e+00 0.00e+00 0.00e+00 0.00e+00 -4.36e-01 
-1.32e-01 1.00e+00 5.79e-01 -6.83e-01 7.05e-01 -5.98e-01 0.00e+00 0.00e+00 0.00e+00 0.00e+00 0.00e+00 0.00e+00 0.00e+00 0.00e+00 0.00e+00 0.00e+00 0.00e+00 0.00e+00 2.87e-01 
-7.20e-01 5.79e-01 1.00e+00 -9.79e-01 5.36e-01 -5.36e-01 0.00e+00 0.00e+00 0.00e+00 0.00e+00 0.00e+00 0.00e+00 0.00e+00 0.00e+00 0.00e+00 0.00e+00 0.00e+00 0.00e+00 5.06e-01 
6.21e-01 -6.83e-01 -9.79e-01 1.00e+00 -6.84e-01 6.40e-01 0.00e+00 0.00e+00 0.00e+00 0.00e+00 0.00e+00 0.00e+00 0.00e+00 0.00e+00 0.00e+00 0.00e+00 0.00e+00 0.00e+00 -5.46e-01 
4.45e-02 7.05e-01 5.36e-01 -6.84e-01 1.00e+00 -6.50e-01 0.00e+00 0.00e+00 0.00e+00 0.00e+00 0.00e+00 0.00e+00 0.00e+00 0.00e+00 0.00e+00 0.00e+00 0.00e+00 0.00e+00 4.22e-01 
3.60e-01 -5.98e-01 -5.36e-01 6.40e-01 -6.50e-01 1.00e+00 0.00e+00 0.00e+00 0.00e+00 0.00e+00 0.00e+00 0.00e+00 0.00e+00 0.00e+00 0.00e+00 0.00e+00 0.00e+00 0.00e+00 -5.20e-01 
0.00e+00 0.00e+00 0.00e+00 0.00e+00 0.00e+00 0.00e+00 1.00e+00 -3.15e-03 -6.27e-01 6.21e-01 -1.68e-01 7.71e-02 0.00e+00 0.00e+00 0.00e+00 0.00e+00 0.00e+00 0.00e+00 -9.68e-02 
0.00e+00 0.00e+00 0.00e+00 0.00e+00 0.00e+00 0.00e+00 -3.15e-03 1.00e+00 6.92e-01 -6.96e-01 3.23e-01 -8.85e-01 0.00e+00 0.00e+00 0.00e+00 0.00e+00 0.00e+00 0.00e+00 5.93e-01 
0.00e+00 0.00e+00 0.00e+00 0.00e+00 0.00e+00 0.00e+00 -6.27e-01 6.92e-01 1.00e+00 -1.00e+00 6.24e-01 -5.92e-01 0.00e+00 0.00e+00 0.00e+00 0.00e+00 0.00e+00 0.00e+00 4.62e-01 
0.00e+00 0.00e+00 0.00e+00 0.00e+00 0.00e+00 0.00e+00 6.21e-01 -6.96e-01 -1.00e+00 1.00e+00 -6.26e-01 5.93e-01 0.00e+00 0.00e+00 0.00e+00 0.00e+00 0.00e+00 0.00e+00 -4.63e-01 
0.00e+00 0.00e+00 0.00e+00 0.00e+00 0.00e+00 0.00e+00 -1.68e-01 3.23e-01 6.24e-01 -6.26e-01 1.00e+00 -3.18e-01 0.00e+00 0.00e+00 0.00e+00 0.00e+00 0.00e+00 0.00e+00 3.30e-01 
0.00e+00 0.00e+00 0.00e+00 0.00e+00 0.00e+00 0.00e+00 7.71e-02 -8.85e-01 -5.92e-01 5.93e-01 -3.18e-01 1.00e+00 0.00e+00 0.00e+00 0.00e+00 0.00e+00 0.00e+00 0.00e+00 -6.66e-01 
0.00e+00 0.00e+00 0.00e+00 0.00e+00 0.00e+00 0.00e+00 0.00e+00 0.00e+00 0.00e+00 0.00e+00 0.00e+00 0.00e+00 1.00e+00 -7.61e-01 -8.75e-01 8.58e-01 7.59e-01 4.95e-01 -1.33e-01 
0.00e+00 0.00e+00 0.00e+00 0.00e+00 0.00e+00 0.00e+00 0.00e+00 0.00e+00 0.00e+00 0.00e+00 0.00e+00 0.00e+00 -7.61e-01 1.00e+00 6.87e-01 -6.30e-01 -3.13e-01 -4.66e-01 1.26e-01 
0.00e+00 0.00e+00 0.00e+00 0.00e+00 0.00e+00 0.00e+00 0.00e+00 0.00e+00 0.00e+00 0.00e+00 0.00e+00 0.00e+00 -8.75e-01 6.87e-01 1.00e+00 -9.95e-01 -7.39e-01 -6.16e-01 1.30e-01 
0.00e+00 0.00e+00 0.00e+00 0.00e+00 0.00e+00 0.00e+00 0.00e+00 0.00e+00 0.00e+00 0.00e+00 0.00e+00 0.00e+00 8.58e-01 -6.30e-01 -9.95e-01 1.00e+00 7.65e-01 6.28e-01 -1.23e-01 
0.00e+00 0.00e+00 0.00e+00 0.00e+00 0.00e+00 0.00e+00 0.00e+00 0.00e+00 0.00e+00 0.00e+00 0.00e+00 0.00e+00 7.59e-01 -3.13e-01 -7.39e-01 7.65e-01 1.00e+00 2.43e-01 -6.81e-02 
0.00e+00 0.00e+00 0.00e+00 0.00e+00 0.00e+00 0.00e+00 0.00e+00 0.00e+00 0.00e+00 0.00e+00 0.00e+00 0.00e+00 4.95e-01 -4.66e-01 -6.16e-01 6.28e-01 2.43e-01 1.00e+00 -7.71e-02 
-4.36e-01 2.87e-01 5.06e-01 -5.46e-01 4.22e-01 -5.20e-01 -9.68e-02 5.93e-01 4.62e-01 -4.63e-01 3.30e-01 -6.66e-01 -1.33e-01 1.26e-01 1.30e-01 -1.23e-01 -6.81e-02 -7.71e-02 1.00e+00 


------------ITERATION 74 -----------------

ERROR SUM: 798.46

1.26e-01 8.83e-01 7.00e+01 2.33e+02 1.37e+02 2.00e+03 1.38e-01 8.24e-01 2.08e+01 1.05e+02 1.69e+02 2.00e+03 1.09e-01 7.55e-01 1.25e+02 1.21e+02 1.43e+02 2.01e+03 8.52e+36 


-2.7966e-06 1.6769e-06 2.9620e-06 -3.1430e-06 2.2413e-06 -3.2308e-06 -8.8722e-08 2.9039e-06 2.0608e-06 -2.0708e-06 1.6723e-06 -3.2439e-06 4.6012e-06 -5.8379e-06 -3.5830e-09 5.7861e-06 -7.8797e-06 -7.6176e-06 4.5485e-06 


1.00e+00 -1.32e-01 -7.20e-01 6.21e-01 4.45e-02 3.60e-01 0.00e+00 0.00e+00 0.00e+00 0.00e+00 0.00e+00 0.00e+00 0.00e+00 0.00e+00 0.00e+00 0.00e+00 0.00e+00 0.00e+00 -4.36e-01 
-1.32e-01 1.00e+00 5.79e-01 -6.83e-01 7.05e-01 -5.98e-01 0.00e+00 0.00e+00 0.00e+00 0.00e+00 0.00e+00 0.00e+00 0.00e+00 0.00e+00 0.00e+00 0.00e+00 0.00e+00 0.00e+00 2.87e-01 
-7.20e-01 5.79e-01 1.00e+00 -9.79e-01 5.36e-01 -5.36e-01 0.00e+00 0.00e+00 0.00e+00 0.00e+00 0.00e+00 0.00e+00 0.00e+00 0.00e+00 0.00e+00 0.00e+00 0.00e+00 0.00e+00 5.06e-01 
6.21e-01 -6.83e-01 -9.79e-01 1.00e+00 -6.84e-01 6.40e-01 0.00e+00 0.00e+00 0.00e+00 0.00e+00 0.00e+00 0.00e+00 0.00e+00 0.00e+00 0.00e+00 0.00e+00 0.00e+00 0.00e+00 -5.46e-01 
4.45e-02 7.05e-01 5.36e-01 -6.84e-01 1.00e+00 -6.50e-01 0.00e+00 0.00e+00 0.00e+00 0.00e+00 0.00e+00 0.00e+00 0.00e+00 0.00e+00 0.00e+00 0.00e+00 0.00e+00 0.00e+00 4.22e-01 
3.60e-01 -5.98e-01 -5.36e-01 6.40e-01 -6.50e-01 1.00e+00 0.00e+00 0.00e+00 0.00e+00 0.00e+00 0.00e+00 0.00e+00 0.00e+00 0.00e+00 0.00e+00 0.00e+00 0.00e+00 0.00e+00 -5.20e-01 
0.00e+00 0.00e+00 0.00e+00 0.00e+00 0.00e+00 0.00e+00 1.00e+00 -3.15e-03 -6.27e-01 6.21e-01 -1.68e-01 7.71e-02 0.00e+00 0.00e+00 0.00e+00 0.00e+00 0.00e+00 0.00e+00 -9.68e-02 
0.00e+00 0.00e+00 0.00e+00 0.00e+00 0.00e+00 0.00e+00 -3.15e-03 1.00e+00 6.92e-01 -6.96e-01 3.23e-01 -8.85e-01 0.00e+00 0.00e+00 0.00e+00 0.00e+00 0.00e+00 0.00e+00 5.93e-01 
0.00e+00 0.00e+00 0.00e+00 0.00e+00 0.00e+00 0.00e+00 -6.27e-01 6.92e-01 1.00e+00 -1.00e+00 6.24e-01 -5.92e-01 0.00e+00 0.00e+00 0.00e+00 0.00e+00 0.00e+00 0.00e+00 4.62e-01 
0.00e+00 0.00e+00 0.00e+00 0.00e+00 0.00e+00 0.00e+00 6.21e-01 -6.96e-01 -1.00e+00 1.00e+00 -6.26e-01 5.93e-01 0.00e+00 0.00e+00 0.00e+00 0.00e+00 0.00e+00 0.00e+00 -4.63e-01 
0.00e+00 0.00e+00 0.00e+00 0.00e+00 0.00e+00 0.00e+00 -1.68e-01 3.23e-01 6.24e-01 -6.26e-01 1.00e+00 -3.18e-01 0.00e+00 0.00e+00 0.00e+00 0.00e+00 0.00e+00 0.00e+00 3.30e-01 
0.00e+00 0.00e+00 0.00e+00 0.00e+00 0.00e+00 0.00e+00 7.71e-02 -8.85e-01 -5.92e-01 5.93e-01 -3.18e-01 1.00e+00 0.00e+00 0.00e+00 0.00e+00 0.00e+00 0.00e+00 0.00e+00 -6.66e-01 
0.00e+00 0.00e+00 0.00e+00 0.00e+00 0.00e+00 0.00e+00 0.00e+00 0.00e+00 0.00e+00 0.00e+00 0.00e+00 0.00e+00 1.00e+00 -7.61e-01 -8.75e-01 8.58e-01 7.59e-01 4.95e-01 -1.33e-01 
0.00e+00 0.00e+00 0.00e+00 0.00e+00 0.00e+00 0.00e+00 0.00e+00 0.00e+00 0.00e+00 0.00e+00 0.00e+00 0.00e+00 -7.61e-01 1.00e+00 6.87e-01 -6.30e-01 -3.13e-01 -4.66e-01 1.26e-01 
0.00e+00 0.00e+00 0.00e+00 0.00e+00 0.00e+00 0.00e+00 0.00e+00 0.00e+00 0.00e+00 0.00e+00 0.00e+00 0.00e+00 -8.75e-01 6.87e-01 1.00e+00 -9.95e-01 -7.39e-01 -6.16e-01 1.30e-01 
0.00e+00 0.00e+00 0.00e+00 0.00e+00 0.00e+00 0.00e+00 0.00e+00 0.00e+00 0.00e+00 0.00e+00 0.00e+00 0.00e+00 8.58e-01 -6.30e-01 -9.95e-01 1.00e+00 7.65e-01 6.28e-01 -1.23e-01 
0.00e+00 0.00e+00 0.00e+00 0.00e+00 0.00e+00 0.00e+00 0.00e+00 0.00e+00 0.00e+00 0.00e+00 0.00e+00 0.00e+00 7.59e-01 -3.13e-01 -7.39e-01 7.65e-01 1.00e+00 2.43e-01 -6.81e-02 
0.00e+00 0.00e+00 0.00e+00 0.00e+00 0.00e+00 0.00e+00 0.00e+00 0.00e+00 0.00e+00 0.00e+00 0.00e+00 0.00e+00 4.95e-01 -4.66e-01 -6.16e-01 6.28e-01 2.43e-01 1.00e+00 -7.71e-02 
-4.36e-01 2.87e-01 5.06e-01 -5.46e-01 4.22e-01 -5.20e-01 -9.68e-02 5.93e-01 4.62e-01 -4.63e-01 3.30e-01 -6.66e-01 -1.33e-01 1.26e-01 1.30e-01 -1.23e-01 -6.81e-02 -7.71e-02 1.00e+00 


------------ITERATION 75 -----------------

ERROR SUM: 798.46

1.26e-01 8.83e-01 7.00e+01 2.33e+02 1.37e+02 2.00e+03 1.38e-01 8.24e-01 2.08e+01 1.05e+02 1.69e+02 2.00e+03 1.09e-01 7.55e-01 1.25e+02 1.21e+02 1.43e+02 2.01e+03 8.52e+36 


-2.2387e-06 1.3422e-06 2.3705e-06 -2.5150e-06 1.7930e-06 -2.5865e-06 -7.0796e-08 2.3223e-06 1.6481e-06 -1.6562e-06 1.3387e-06 -2.5944e-06 4.1140e-06 -5.2013e-06 -5.7507e-08 5.1533e-06 -6.9332e-06 -6.6832e-06 3.5726e-06 


1.00e+00 -1.32e-01 -7.20e-01 6.21e-01 4.45e-02 3.60e-01 0.00e+00 0.00e+00 0.00e+00 0.00e+00 0.00e+00 0.00e+00 0.00e+00 0.00e+00 0.00e+00 0.00e+00 0.00e+00 0.00e+00 -4.36e-01 
-1.32e-01 1.00e+00 5.79e-01 -6.83e-01 7.05e-01 -5.98e-01 0.00e+00 0.00e+00 0.00e+00 0.00e+00 0.00e+00 0.00e+00 0.00e+00 0.00e+00 0.00e+00 0.00e+00 0.00e+00 0.00e+00 2.87e-01 
-7.20e-01 5.79e-01 1.00e+00 -9.79e-01 5.36e-01 -5.36e-01 0.00e+00 0.00e+00 0.00e+00 0.00e+00 0.00e+00 0.00e+00 0.00e+00 0.00e+00 0.00e+00 0.00e+00 0.00e+00 0.00e+00 5.06e-01 
6.21e-01 -6.83e-01 -9.79e-01 1.00e+00 -6.84e-01 6.40e-01 0.00e+00 0.00e+00 0.00e+00 0.00e+00 0.00e+00 0.00e+00 0.00e+00 0.00e+00 0.00e+00 0.00e+00 0.00e+00 0.00e+00 -5.46e-01 
4.45e-02 7.05e-01 5.36e-01 -6.84e-01 1.00e+00 -6.50e-01 0.00e+00 0.00e+00 0.00e+00 0.00e+00 0.00e+00 0.00e+00 0.00e+00 0.00e+00 0.00e+00 0.00e+00 0.00e+00 0.00e+00 4.22e-01 
3.60e-01 -5.98e-01 -5.36e-01 6.40e-01 -6.50e-01 1.00e+00 0.00e+00 0.00e+00 0.00e+00 0.00e+00 0.00e+00 0.00e+00 0.00e+00 0.00e+00 0.00e+00 0.00e+00 0.00e+00 0.00e+00 -5.20e-01 
0.00e+00 0.00e+00 0.00e+00 0.00e+00 0.00e+00 0.00e+00 1.00e+00 -3.15e-03 -6.27e-01 6.21e-01 -1.68e-01 7.71e-02 0.00e+00 0.00e+00 0.00e+00 0.00e+00 0.00e+00 0.00e+00 -9.68e-02 
0.00e+00 0.00e+00 0.00e+00 0.00e+00 0.00e+00 0.00e+00 -3.15e-03 1.00e+00 6.92e-01 -6.96e-01 3.23e-01 -8.85e-01 0.00e+00 0.00e+00 0.00e+00 0.00e+00 0.00e+00 0.00e+00 5.93e-01 
0.00e+00 0.00e+00 0.00e+00 0.00e+00 0.00e+00 0.00e+00 -6.27e-01 6.92e-01 1.00e+00 -1.00e+00 6.24e-01 -5.92e-01 0.00e+00 0.00e+00 0.00e+00 0.00e+00 0.00e+00 0.00e+00 4.62e-01 
0.00e+00 0.00e+00 0.00e+00 0.00e+00 0.00e+00 0.00e+00 6.21e-01 -6.96e-01 -1.00e+00 1.00e+00 -6.26e-01 5.93e-01 0.00e+00 0.00e+00 0.00e+00 0.00e+00 0.00e+00 0.00e+00 -4.63e-01 
0.00e+00 0.00e+00 0.00e+00 0.00e+00 0.00e+00 0.00e+00 -1.68e-01 3.23e-01 6.24e-01 -6.26e-01 1.00e+00 -3.18e-01 0.00e+00 0.00e+00 0.00e+00 0.00e+00 0.00e+00 0.00e+00 3.30e-01 
0.00e+00 0.00e+00 0.00e+00 0.00e+00 0.00e+00 0.00e+00 7.71e-02 -8.85e-01 -5.92e-01 5.93e-01 -3.18e-01 1.00e+00 0.00e+00 0.00e+00 0.00e+00 0.00e+00 0.00e+00 0.00e+00 -6.66e-01 
0.00e+00 0.00e+00 0.00e+00 0.00e+00 0.00e+00 0.00e+00 0.00e+00 0.00e+00 0.00e+00 0.00e+00 0.00e+00 0.00e+00 1.00e+00 -7.61e-01 -8.75e-01 8.58e-01 7.59e-01 4.95e-01 -1.33e-01 
0.00e+00 0.00e+00 0.00e+00 0.00e+00 0.00e+00 0.00e+00 0.00e+00 0.00e+00 0.00e+00 0.00e+00 0.00e+00 0.00e+00 -7.61e-01 1.00e+00 6.87e-01 -6.30e-01 -3.13e-01 -4.66e-01 1.26e-01 
0.00e+00 0.00e+00 0.00e+00 0.00e+00 0.00e+00 0.00e+00 0.00e+00 0.00e+00 0.00e+00 0.00e+00 0.00e+00 0.00e+00 -8.75e-01 6.87e-01 1.00e+00 -9.95e-01 -7.39e-01 -6.16e-01 1.30e-01 
0.00e+00 0.00e+00 0.00e+00 0.00e+00 0.00e+00 0.00e+00 0.00e+00 0.00e+00 0.00e+00 0.00e+00 0.00e+00 0.00e+00 8.58e-01 -6.30e-01 -9.95e-01 1.00e+00 7.65e-01 6.28e-01 -1.23e-01 
0.00e+00 0.00e+00 0.00e+00 0.00e+00 0.00e+00 0.00e+00 0.00e+00 0.00e+00 0.00e+00 0.00e+00 0.00e+00 0.00e+00 7.59e-01 -3.13e-01 -7.39e-01 7.65e-01 1.00e+00 2.43e-01 -6.81e-02 
0.00e+00 0.00e+00 0.00e+00 0.00e+00 0.00e+00 0.00e+00 0.00e+00 0.00e+00 0.00e+00 0.00e+00 0.00e+00 0.00e+00 4.95e-01 -4.66e-01 -6.16e-01 6.28e-01 2.43e-01 1.00e+00 -7.71e-02 
-4.36e-01 2.87e-01 5.06e-01 -5.46e-01 4.22e-01 -5.20e-01 -9.68e-02 5.93e-01 4.62e-01 -4.63e-01 3.30e-01 -6.66e-01 -1.33e-01 1.26e-01 1.30e-01 -1.23e-01 -6.81e-02 -7.71e-02 1.00e+00 


------------ITERATION 76 -----------------

ERROR SUM: 798.46

1.26e-01 8.83e-01 7.00e+01 2.33e+02 1.37e+02 2.00e+03 1.38e-01 8.24e-01 2.08e+01 1.05e+02 1.69e+02 2.00e+03 1.09e-01 7.55e-01 1.25e+02 1.21e+02 1.43e+02 2.01e+03 8.52e+36 


-1.7921e-06 1.0744e-06 1.8972e-06 -2.0126e-06 1.4343e-06 -2.0708e-06 -5.6490e-08 1.8572e-06 1.3181e-06 -1.3246e-06 1.0716e-06 -2.0748e-06 3.6731e-06 -4.6293e-06 -9.4261e-08 4.5852e-06 -6.1018e-06 -5.8660e-06 2.7996e-06 


1.00e+00 -1.32e-01 -7.20e-01 6.21e-01 4.45e-02 3.60e-01 0.00e+00 0.00e+00 0.00e+00 0.00e+00 0.00e+00 0.00e+00 0.00e+00 0.00e+00 0.00e+00 0.00e+00 0.00e+00 0.00e+00 -4.36e-01 
-1.32e-01 1.00e+00 5.79e-01 -6.83e-01 7.05e-01 -5.98e-01 0.00e+00 0.00e+00 0.00e+00 0.00e+00 0.00e+00 0.00e+00 0.00e+00 0.00e+00 0.00e+00 0.00e+00 0.00e+00 0.00e+00 2.87e-01 
-7.20e-01 5.79e-01 1.00e+00 -9.79e-01 5.36e-01 -5.36e-01 0.00e+00 0.00e+00 0.00e+00 0.00e+00 0.00e+00 0.00e+00 0.00e+00 0.00e+00 0.00e+00 0.00e+00 0.00e+00 0.00e+00 5.06e-01 
6.21e-01 -6.83e-01 -9.79e-01 1.00e+00 -6.84e-01 6.40e-01 0.00e+00 0.00e+00 0.00e+00 0.00e+00 0.00e+00 0.00e+00 0.00e+00 0.00e+00 0.00e+00 0.00e+00 0.00e+00 0.00e+00 -5.46e-01 
4.45e-02 7.05e-01 5.36e-01 -6.84e-01 1.00e+00 -6.50e-01 0.00e+00 0.00e+00 0.00e+00 0.00e+00 0.00e+00 0.00e+00 0.00e+00 0.00e+00 0.00e+00 0.00e+00 0.00e+00 0.00e+00 4.22e-01 
3.60e-01 -5.98e-01 -5.36e-01 6.40e-01 -6.50e-01 1.00e+00 0.00e+00 0.00e+00 0.00e+00 0.00e+00 0.00e+00 0.00e+00 0.00e+00 0.00e+00 0.00e+00 0.00e+00 0.00e+00 0.00e+00 -5.20e-01 
0.00e+00 0.00e+00 0.00e+00 0.00e+00 0.00e+00 0.00e+00 1.00e+00 -3.15e-03 -6.27e-01 6.21e-01 -1.68e-01 7.71e-02 0.00e+00 0.00e+00 0.00e+00 0.00e+00 0.00e+00 0.00e+00 -9.68e-02 
0.00e+00 0.00e+00 0.00e+00 0.00e+00 0.00e+00 0.00e+00 -3.15e-03 1.00e+00 6.92e-01 -6.96e-01 3.23e-01 -8.85e-01 0.00e+00 0.00e+00 0.00e+00 0.00e+00 0.00e+00 0.00e+00 5.93e-01 
0.00e+00 0.00e+00 0.00e+00 0.00e+00 0.00e+00 0.00e+00 -6.27e-01 6.92e-01 1.00e+00 -1.00e+00 6.24e-01 -5.92e-01 0.00e+00 0.00e+00 0.00e+00 0.00e+00 0.00e+00 0.00e+00 4.62e-01 
0.00e+00 0.00e+00 0.00e+00 0.00e+00 0.00e+00 0.00e+00 6.21e-01 -6.96e-01 -1.00e+00 1.00e+00 -6.26e-01 5.93e-01 0.00e+00 0.00e+00 0.00e+00 0.00e+00 0.00e+00 0.00e+00 -4.63e-01 
0.00e+00 0.00e+00 0.00e+00 0.00e+00 0.00e+00 0.00e+00 -1.68e-01 3.23e-01 6.24e-01 -6.26e-01 1.00e+00 -3.18e-01 0.00e+00 0.00e+00 0.00e+00 0.00e+00 0.00e+00 0.00e+00 3.30e-01 
0.00e+00 0.00e+00 0.00e+00 0.00e+00 0.00e+00 0.00e+00 7.71e-02 -8.85e-01 -5.92e-01 5.93e-01 -3.18e-01 1.00e+00 0.00e+00 0.00e+00 0.00e+00 0.00e+00 0.00e+00 0.00e+00 -6.66e-01 
0.00e+00 0.00e+00 0.00e+00 0.00e+00 0.00e+00 0.00e+00 0.00e+00 0.00e+00 0.00e+00 0.00e+00 0.00e+00 0.00e+00 1.00e+00 -7.61e-01 -8.75e-01 8.58e-01 7.59e-01 4.95e-01 -1.33e-01 
0.00e+00 0.00e+00 0.00e+00 0.00e+00 0.00e+00 0.00e+00 0.00e+00 0.00e+00 0.00e+00 0.00e+00 0.00e+00 0.00e+00 -7.61e-01 1.00e+00 6.87e-01 -6.30e-01 -3.13e-01 -4.66e-01 1.26e-01 
0.00e+00 0.00e+00 0.00e+00 0.00e+00 0.00e+00 0.00e+00 0.00e+00 0.00e+00 0.00e+00 0.00e+00 0.00e+00 0.00e+00 -8.75e-01 6.87e-01 1.00e+00 -9.95e-01 -7.39e-01 -6.16e-01 1.30e-01 
0.00e+00 0.00e+00 0.00e+00 0.00e+00 0.00e+00 0.00e+00 0.00e+00 0.00e+00 0.00e+00 0.00e+00 0.00e+00 0.00e+00 8.58e-01 -6.30e-01 -9.95e-01 1.00e+00 7.65e-01 6.28e-01 -1.23e-01 
0.00e+00 0.00e+00 0.00e+00 0.00e+00 0.00e+00 0.00e+00 0.00e+00 0.00e+00 0.00e+00 0.00e+00 0.00e+00 0.00e+00 7.59e-01 -3.13e-01 -7.39e-01 7.65e-01 1.00e+00 2.43e-01 -6.81e-02 
0.00e+00 0.00e+00 0.00e+00 0.00e+00 0.00e+00 0.00e+00 0.00e+00 0.00e+00 0.00e+00 0.00e+00 0.00e+00 0.00e+00 4.95e-01 -4.66e-01 -6.16e-01 6.28e-01 2.43e-01 1.00e+00 -7.71e-02 
-4.36e-01 2.87e-01 5.06e-01 -5.46e-01 4.22e-01 -5.20e-01 -9.68e-02 5.93e-01 4.62e-01 -4.63e-01 3.30e-01 -6.66e-01 -1.33e-01 1.26e-01 1.30e-01 -1.23e-01 -6.81e-02 -7.71e-02 1.00e+00 


------------ITERATION 77 -----------------

ERROR SUM: 798.46

1.26e-01 8.83e-01 7.00e+01 2.33e+02 1.37e+02 2.00e+03 1.38e-01 8.24e-01 2.08e+01 1.05e+02 1.69e+02 2.00e+03 1.09e-01 7.55e-01 1.25e+02 1.21e+02 1.43e+02 2.01e+03 8.52e+36 


-1.4346e-06 8.6004e-07 1.5183e-06 -1.6105e-06 1.1474e-06 -1.6580e-06 -4.5069e-08 1.4851e-06 1.0542e-06 -1.0594e-06 8.5793e-07 -1.6593e-06 3.2754e-06 -4.1163e-06 -1.1803e-07 4.0762e-06 -5.3711e-06 -5.1508e-06 2.1880e-06 


1.00e+00 -1.32e-01 -7.20e-01 6.21e-01 4.45e-02 3.60e-01 0.00e+00 0.00e+00 0.00e+00 0.00e+00 0.00e+00 0.00e+00 0.00e+00 0.00e+00 0.00e+00 0.00e+00 0.00e+00 0.00e+00 -4.36e-01 
-1.32e-01 1.00e+00 5.79e-01 -6.83e-01 7.05e-01 -5.98e-01 0.00e+00 0.00e+00 0.00e+00 0.00e+00 0.00e+00 0.00e+00 0.00e+00 0.00e+00 0.00e+00 0.00e+00 0.00e+00 0.00e+00 2.87e-01 
-7.20e-01 5.79e-01 1.00e+00 -9.79e-01 5.36e-01 -5.36e-01 0.00e+00 0.00e+00 0.00e+00 0.00e+00 0.00e+00 0.00e+00 0.00e+00 0.00e+00 0.00e+00 0.00e+00 0.00e+00 0.00e+00 5.06e-01 
6.21e-01 -6.83e-01 -9.79e-01 1.00e+00 -6.84e-01 6.40e-01 0.00e+00 0.00e+00 0.00e+00 0.00e+00 0.00e+00 0.00e+00 0.00e+00 0.00e+00 0.00e+00 0.00e+00 0.00e+00 0.00e+00 -5.46e-01 
4.45e-02 7.05e-01 5.36e-01 -6.84e-01 1.00e+00 -6.50e-01 0.00e+00 0.00e+00 0.00e+00 0.00e+00 0.00e+00 0.00e+00 0.00e+00 0.00e+00 0.00e+00 0.00e+00 0.00e+00 0.00e+00 4.22e-01 
3.60e-01 -5.98e-01 -5.36e-01 6.40e-01 -6.50e-01 1.00e+00 0.00e+00 0.00e+00 0.00e+00 0.00e+00 0.00e+00 0.00e+00 0.00e+00 0.00e+00 0.00e+00 0.00e+00 0.00e+00 0.00e+00 -5.20e-01 
0.00e+00 0.00e+00 0.00e+00 0.00e+00 0.00e+00 0.00e+00 1.00e+00 -3.15e-03 -6.27e-01 6.21e-01 -1.68e-01 7.71e-02 0.00e+00 0.00e+00 0.00e+00 0.00e+00 0.00e+00 0.00e+00 -9.68e-02 
0.00e+00 0.00e+00 0.00e+00 0.00e+00 0.00e+00 0.00e+00 -3.15e-03 1.00e+00 6.92e-01 -6.96e-01 3.23e-01 -8.85e-01 0.00e+00 0.00e+00 0.00e+00 0.00e+00 0.00e+00 0.00e+00 5.93e-01 
0.00e+00 0.00e+00 0.00e+00 0.00e+00 0.00e+00 0.00e+00 -6.27e-01 6.92e-01 1.00e+00 -1.00e+00 6.24e-01 -5.92e-01 0.00e+00 0.00e+00 0.00e+00 0.00e+00 0.00e+00 0.00e+00 4.62e-01 
0.00e+00 0.00e+00 0.00e+00 0.00e+00 0.00e+00 0.00e+00 6.21e-01 -6.96e-01 -1.00e+00 1.00e+00 -6.26e-01 5.93e-01 0.00e+00 0.00e+00 0.00e+00 0.00e+00 0.00e+00 0.00e+00 -4.63e-01 
0.00e+00 0.00e+00 0.00e+00 0.00e+00 0.00e+00 0.00e+00 -1.68e-01 3.23e-01 6.24e-01 -6.26e-01 1.00e+00 -3.18e-01 0.00e+00 0.00e+00 0.00e+00 0.00e+00 0.00e+00 0.00e+00 3.30e-01 
0.00e+00 0.00e+00 0.00e+00 0.00e+00 0.00e+00 0.00e+00 7.71e-02 -8.85e-01 -5.92e-01 5.93e-01 -3.18e-01 1.00e+00 0.00e+00 0.00e+00 0.00e+00 0.00e+00 0.00e+00 0.00e+00 -6.66e-01 
0.00e+00 0.00e+00 0.00e+00 0.00e+00 0.00e+00 0.00e+00 0.00e+00 0.00e+00 0.00e+00 0.00e+00 0.00e+00 0.00e+00 1.00e+00 -7.61e-01 -8.75e-01 8.58e-01 7.59e-01 4.95e-01 -1.33e-01 
0.00e+00 0.00e+00 0.00e+00 0.00e+00 0.00e+00 0.00e+00 0.00e+00 0.00e+00 0.00e+00 0.00e+00 0.00e+00 0.00e+00 -7.61e-01 1.00e+00 6.87e-01 -6.30e-01 -3.13e-01 -4.66e-01 1.26e-01 
0.00e+00 0.00e+00 0.00e+00 0.00e+00 0.00e+00 0.00e+00 0.00e+00 0.00e+00 0.00e+00 0.00e+00 0.00e+00 0.00e+00 -8.75e-01 6.87e-01 1.00e+00 -9.95e-01 -7.39e-01 -6.16e-01 1.30e-01 
0.00e+00 0.00e+00 0.00e+00 0.00e+00 0.00e+00 0.00e+00 0.00e+00 0.00e+00 0.00e+00 0.00e+00 0.00e+00 0.00e+00 8.58e-01 -6.30e-01 -9.95e-01 1.00e+00 7.65e-01 6.28e-01 -1.23e-01 
0.00e+00 0.00e+00 0.00e+00 0.00e+00 0.00e+00 0.00e+00 0.00e+00 0.00e+00 0.00e+00 0.00e+00 0.00e+00 0.00e+00 7.59e-01 -3.13e-01 -7.39e-01 7.65e-01 1.00e+00 2.43e-01 -6.81e-02 
0.00e+00 0.00e+00 0.00e+00 0.00e+00 0.00e+00 0.00e+00 0.00e+00 0.00e+00 0.00e+00 0.00e+00 0.00e+00 0.00e+00 4.95e-01 -4.66e-01 -6.16e-01 6.28e-01 2.43e-01 1.00e+00 -7.71e-02 
-4.36e-01 2.87e-01 5.06e-01 -5.46e-01 4.22e-01 -5.20e-01 -9.68e-02 5.93e-01 4.62e-01 -4.63e-01 3.30e-01 -6.66e-01 -1.33e-01 1.26e-01 1.30e-01 -1.23e-01 -6.81e-02 -7.71e-02 1.00e+00 


------------ITERATION 78 -----------------

ERROR SUM: 798.46

1.26e-01 8.83e-01 7.00e+01 2.33e+02 1.37e+02 2.00e+03 1.38e-01 8.24e-01 2.08e+01 1.05e+02 1.69e+02 2.00e+03 1.09e-01 7.55e-01 1.25e+02 1.21e+02 1.43e+02 2.01e+03 8.52e+36 


-1.1484e-06 6.8849e-07 1.2152e-06 -1.2888e-06 9.1789e-07 -1.3275e-06 -3.5944e-08 1.1876e-06 8.4303e-07 -8.4723e-07 6.8687e-07 -1.3270e-06 2.9174e-06 -3.6571e-06 -1.3205e-07 3.6208e-06 -4.7289e-06 -4.5245e-06 1.7048e-06 


1.00e+00 -1.32e-01 -7.20e-01 6.21e-01 4.45e-02 3.60e-01 0.00e+00 0.00e+00 0.00e+00 0.00e+00 0.00e+00 0.00e+00 0.00e+00 0.00e+00 0.00e+00 0.00e+00 0.00e+00 0.00e+00 -4.36e-01 
-1.32e-01 1.00e+00 5.79e-01 -6.83e-01 7.05e-01 -5.98e-01 0.00e+00 0.00e+00 0.00e+00 0.00e+00 0.00e+00 0.00e+00 0.00e+00 0.00e+00 0.00e+00 0.00e+00 0.00e+00 0.00e+00 2.87e-01 
-7.20e-01 5.79e-01 1.00e+00 -9.79e-01 5.36e-01 -5.36e-01 0.00e+00 0.00e+00 0.00e+00 0.00e+00 0.00e+00 0.00e+00 0.00e+00 0.00e+00 0.00e+00 0.00e+00 0.00e+00 0.00e+00 5.06e-01 
6.21e-01 -6.83e-01 -9.79e-01 1.00e+00 -6.84e-01 6.40e-01 0.00e+00 0.00e+00 0.00e+00 0.00e+00 0.00e+00 0.00e+00 0.00e+00 0.00e+00 0.00e+00 0.00e+00 0.00e+00 0.00e+00 -5.46e-01 
4.45e-02 7.05e-01 5.36e-01 -6.84e-01 1.00e+00 -6.50e-01 0.00e+00 0.00e+00 0.00e+00 0.00e+00 0.00e+00 0.00e+00 0.00e+00 0.00e+00 0.00e+00 0.00e+00 0.00e+00 0.00e+00 4.22e-01 
3.60e-01 -5.98e-01 -5.36e-01 6.40e-01 -6.50e-01 1.00e+00 0.00e+00 0.00e+00 0.00e+00 0.00e+00 0.00e+00 0.00e+00 0.00e+00 0.00e+00 0.00e+00 0.00e+00 0.00e+00 0.00e+00 -5.20e-01 
0.00e+00 0.00e+00 0.00e+00 0.00e+00 0.00e+00 0.00e+00 1.00e+00 -3.15e-03 -6.27e-01 6.21e-01 -1.68e-01 7.71e-02 0.00e+00 0.00e+00 0.00e+00 0.00e+00 0.00e+00 0.00e+00 -9.68e-02 
0.00e+00 0.00e+00 0.00e+00 0.00e+00 0.00e+00 0.00e+00 -3.15e-03 1.00e+00 6.92e-01 -6.96e-01 3.23e-01 -8.85e-01 0.00e+00 0.00e+00 0.00e+00 0.00e+00 0.00e+00 0.00e+00 5.93e-01 
0.00e+00 0.00e+00 0.00e+00 0.00e+00 0.00e+00 0.00e+00 -6.27e-01 6.92e-01 1.00e+00 -1.00e+00 6.24e-01 -5.92e-01 0.00e+00 0.00e+00 0.00e+00 0.00e+00 0.00e+00 0.00e+00 4.62e-01 
0.00e+00 0.00e+00 0.00e+00 0.00e+00 0.00e+00 0.00e+00 6.21e-01 -6.96e-01 -1.00e+00 1.00e+00 -6.26e-01 5.93e-01 0.00e+00 0.00e+00 0.00e+00 0.00e+00 0.00e+00 0.00e+00 -4.63e-01 
0.00e+00 0.00e+00 0.00e+00 0.00e+00 0.00e+00 0.00e+00 -1.68e-01 3.23e-01 6.24e-01 -6.26e-01 1.00e+00 -3.18e-01 0.00e+00 0.00e+00 0.00e+00 0.00e+00 0.00e+00 0.00e+00 3.30e-01 
0.00e+00 0.00e+00 0.00e+00 0.00e+00 0.00e+00 0.00e+00 7.71e-02 -8.85e-01 -5.92e-01 5.93e-01 -3.18e-01 1.00e+00 0.00e+00 0.00e+00 0.00e+00 0.00e+00 0.00e+00 0.00e+00 -6.66e-01 
0.00e+00 0.00e+00 0.00e+00 0.00e+00 0.00e+00 0.00e+00 0.00e+00 0.00e+00 0.00e+00 0.00e+00 0.00e+00 0.00e+00 1.00e+00 -7.61e-01 -8.75e-01 8.58e-01 7.59e-01 4.95e-01 -1.33e-01 
0.00e+00 0.00e+00 0.00e+00 0.00e+00 0.00e+00 0.00e+00 0.00e+00 0.00e+00 0.00e+00 0.00e+00 0.00e+00 0.00e+00 -7.61e-01 1.00e+00 6.87e-01 -6.30e-01 -3.13e-01 -4.66e-01 1.26e-01 
0.00e+00 0.00e+00 0.00e+00 0.00e+00 0.00e+00 0.00e+00 0.00e+00 0.00e+00 0.00e+00 0.00e+00 0.00e+00 0.00e+00 -8.75e-01 6.87e-01 1.00e+00 -9.95e-01 -7.39e-01 -6.16e-01 1.30e-01 
0.00e+00 0.00e+00 0.00e+00 0.00e+00 0.00e+00 0.00e+00 0.00e+00 0.00e+00 0.00e+00 0.00e+00 0.00e+00 0.00e+00 8.58e-01 -6.30e-01 -9.95e-01 1.00e+00 7.65e-01 6.28e-01 -1.23e-01 
0.00e+00 0.00e+00 0.00e+00 0.00e+00 0.00e+00 0.00e+00 0.00e+00 0.00e+00 0.00e+00 0.00e+00 0.00e+00 0.00e+00 7.59e-01 -3.13e-01 -7.39e-01 7.65e-01 1.00e+00 2.43e-01 -6.81e-02 
0.00e+00 0.00e+00 0.00e+00 0.00e+00 0.00e+00 0.00e+00 0.00e+00 0.00e+00 0.00e+00 0.00e+00 0.00e+00 0.00e+00 4.95e-01 -4.66e-01 -6.16e-01 6.28e-01 2.43e-01 1.00e+00 -7.71e-02 
-4.36e-01 2.87e-01 5.06e-01 -5.46e-01 4.22e-01 -5.20e-01 -9.68e-02 5.93e-01 4.62e-01 -4.63e-01 3.30e-01 -6.66e-01 -1.33e-01 1.26e-01 1.30e-01 -1.23e-01 -6.81e-02 -7.71e-02 1.00e+00 


------------ITERATION 79 -----------------

ERROR SUM: 798.46

1.26e-01 8.83e-01 7.00e+01 2.33e+02 1.37e+02 2.00e+03 1.38e-01 8.24e-01 2.08e+01 1.05e+02 1.69e+02 2.00e+03 1.09e-01 7.55e-01 1.25e+02 1.21e+02 1.43e+02 2.01e+03 8.52e+36 


-9.1932e-07 5.5117e-07 9.7254e-07 -1.0313e-06 7.3427e-07 -1.0630e-06 -2.8670e-08 9.4966e-07 6.7418e-07 -6.7756e-07 5.4995e-07 -1.0611e-06 2.5960e-06 -3.2468e-06 -1.3887e-07 3.2141e-06 -4.1641e-06 -3.9758e-06 1.3236e-06 


1.00e+00 -1.32e-01 -7.20e-01 6.21e-01 4.45e-02 3.60e-01 0.00e+00 0.00e+00 0.00e+00 0.00e+00 0.00e+00 0.00e+00 0.00e+00 0.00e+00 0.00e+00 0.00e+00 0.00e+00 0.00e+00 -4.36e-01 
-1.32e-01 1.00e+00 5.79e-01 -6.83e-01 7.05e-01 -5.98e-01 0.00e+00 0.00e+00 0.00e+00 0.00e+00 0.00e+00 0.00e+00 0.00e+00 0.00e+00 0.00e+00 0.00e+00 0.00e+00 0.00e+00 2.87e-01 
-7.20e-01 5.79e-01 1.00e+00 -9.79e-01 5.36e-01 -5.36e-01 0.00e+00 0.00e+00 0.00e+00 0.00e+00 0.00e+00 0.00e+00 0.00e+00 0.00e+00 0.00e+00 0.00e+00 0.00e+00 0.00e+00 5.06e-01 
6.21e-01 -6.83e-01 -9.79e-01 1.00e+00 -6.84e-01 6.40e-01 0.00e+00 0.00e+00 0.00e+00 0.00e+00 0.00e+00 0.00e+00 0.00e+00 0.00e+00 0.00e+00 0.00e+00 0.00e+00 0.00e+00 -5.46e-01 
4.45e-02 7.05e-01 5.36e-01 -6.84e-01 1.00e+00 -6.50e-01 0.00e+00 0.00e+00 0.00e+00 0.00e+00 0.00e+00 0.00e+00 0.00e+00 0.00e+00 0.00e+00 0.00e+00 0.00e+00 0.00e+00 4.22e-01 
3.60e-01 -5.98e-01 -5.36e-01 6.40e-01 -6.50e-01 1.00e+00 0.00e+00 0.00e+00 0.00e+00 0.00e+00 0.00e+00 0.00e+00 0.00e+00 0.00e+00 0.00e+00 0.00e+00 0.00e+00 0.00e+00 -5.20e-01 
0.00e+00 0.00e+00 0.00e+00 0.00e+00 0.00e+00 0.00e+00 1.00e+00 -3.15e-03 -6.27e-01 6.21e-01 -1.68e-01 7.71e-02 0.00e+00 0.00e+00 0.00e+00 0.00e+00 0.00e+00 0.00e+00 -9.68e-02 
0.00e+00 0.00e+00 0.00e+00 0.00e+00 0.00e+00 0.00e+00 -3.15e-03 1.00e+00 6.92e-01 -6.96e-01 3.23e-01 -8.85e-01 0.00e+00 0.00e+00 0.00e+00 0.00e+00 0.00e+00 0.00e+00 5.93e-01 
0.00e+00 0.00e+00 0.00e+00 0.00e+00 0.00e+00 0.00e+00 -6.27e-01 6.92e-01 1.00e+00 -1.00e+00 6.24e-01 -5.92e-01 0.00e+00 0.00e+00 0.00e+00 0.00e+00 0.00e+00 0.00e+00 4.62e-01 
0.00e+00 0.00e+00 0.00e+00 0.00e+00 0.00e+00 0.00e+00 6.21e-01 -6.96e-01 -1.00e+00 1.00e+00 -6.26e-01 5.93e-01 0.00e+00 0.00e+00 0.00e+00 0.00e+00 0.00e+00 0.00e+00 -4.63e-01 
0.00e+00 0.00e+00 0.00e+00 0.00e+00 0.00e+00 0.00e+00 -1.68e-01 3.23e-01 6.24e-01 -6.26e-01 1.00e+00 -3.18e-01 0.00e+00 0.00e+00 0.00e+00 0.00e+00 0.00e+00 0.00e+00 3.30e-01 
0.00e+00 0.00e+00 0.00e+00 0.00e+00 0.00e+00 0.00e+00 7.71e-02 -8.85e-01 -5.92e-01 5.93e-01 -3.18e-01 1.00e+00 0.00e+00 0.00e+00 0.00e+00 0.00e+00 0.00e+00 0.00e+00 -6.66e-01 
0.00e+00 0.00e+00 0.00e+00 0.00e+00 0.00e+00 0.00e+00 0.00e+00 0.00e+00 0.00e+00 0.00e+00 0.00e+00 0.00e+00 1.00e+00 -7.61e-01 -8.75e-01 8.58e-01 7.59e-01 4.95e-01 -1.33e-01 
0.00e+00 0.00e+00 0.00e+00 0.00e+00 0.00e+00 0.00e+00 0.00e+00 0.00e+00 0.00e+00 0.00e+00 0.00e+00 0.00e+00 -7.61e-01 1.00e+00 6.87e-01 -6.30e-01 -3.13e-01 -4.66e-01 1.26e-01 
0.00e+00 0.00e+00 0.00e+00 0.00e+00 0.00e+00 0.00e+00 0.00e+00 0.00e+00 0.00e+00 0.00e+00 0.00e+00 0.00e+00 -8.75e-01 6.87e-01 1.00e+00 -9.95e-01 -7.39e-01 -6.16e-01 1.30e-01 
0.00e+00 0.00e+00 0.00e+00 0.00e+00 0.00e+00 0.00e+00 0.00e+00 0.00e+00 0.00e+00 0.00e+00 0.00e+00 0.00e+00 8.58e-01 -6.30e-01 -9.95e-01 1.00e+00 7.65e-01 6.28e-01 -1.23e-01 
0.00e+00 0.00e+00 0.00e+00 0.00e+00 0.00e+00 0.00e+00 0.00e+00 0.00e+00 0.00e+00 0.00e+00 0.00e+00 0.00e+00 7.59e-01 -3.13e-01 -7.39e-01 7.65e-01 1.00e+00 2.43e-01 -6.81e-02 
0.00e+00 0.00e+00 0.00e+00 0.00e+00 0.00e+00 0.00e+00 0.00e+00 0.00e+00 0.00e+00 0.00e+00 0.00e+00 0.00e+00 4.95e-01 -4.66e-01 -6.16e-01 6.28e-01 2.43e-01 1.00e+00 -7.71e-02 
-4.36e-01 2.87e-01 5.06e-01 -5.46e-01 4.22e-01 -5.20e-01 -9.68e-02 5.93e-01 4.62e-01 -4.63e-01 3.30e-01 -6.66e-01 -1.33e-01 1.26e-01 1.30e-01 -1.23e-01 -6.81e-02 -7.71e-02 1.00e+00 


------------ITERATION 80 -----------------

ERROR SUM: 798.46

1.26e-01 8.83e-01 7.00e+01 2.33e+02 1.37e+02 2.00e+03 1.38e-01 8.24e-01 2.08e+01 1.05e+02 1.69e+02 2.00e+03 1.09e-01 7.55e-01 1.25e+02 1.21e+02 1.43e+02 2.01e+03 8.52e+36 


-7.3598e-07 4.4126e-07 7.7838e-07 -8.2530e-07 5.8737e-07 -8.5116e-07 -2.2875e-08 7.5934e-07 5.3912e-07 -5.4185e-07 4.4034e-07 -8.4851e-07 2.3079e-06 -2.8806e-06 -1.4044e-07 2.8512e-06 -3.6673e-06 -3.4947e-06 1.0233e-06 


1.00e+00 -1.32e-01 -7.20e-01 6.21e-01 4.45e-02 3.60e-01 0.00e+00 0.00e+00 0.00e+00 0.00e+00 0.00e+00 0.00e+00 0.00e+00 0.00e+00 0.00e+00 0.00e+00 0.00e+00 0.00e+00 -4.36e-01 
-1.32e-01 1.00e+00 5.79e-01 -6.83e-01 7.05e-01 -5.98e-01 0.00e+00 0.00e+00 0.00e+00 0.00e+00 0.00e+00 0.00e+00 0.00e+00 0.00e+00 0.00e+00 0.00e+00 0.00e+00 0.00e+00 2.87e-01 
-7.20e-01 5.79e-01 1.00e+00 -9.79e-01 5.36e-01 -5.36e-01 0.00e+00 0.00e+00 0.00e+00 0.00e+00 0.00e+00 0.00e+00 0.00e+00 0.00e+00 0.00e+00 0.00e+00 0.00e+00 0.00e+00 5.06e-01 
6.21e-01 -6.83e-01 -9.79e-01 1.00e+00 -6.84e-01 6.40e-01 0.00e+00 0.00e+00 0.00e+00 0.00e+00 0.00e+00 0.00e+00 0.00e+00 0.00e+00 0.00e+00 0.00e+00 0.00e+00 0.00e+00 -5.46e-01 
4.45e-02 7.05e-01 5.36e-01 -6.84e-01 1.00e+00 -6.50e-01 0.00e+00 0.00e+00 0.00e+00 0.00e+00 0.00e+00 0.00e+00 0.00e+00 0.00e+00 0.00e+00 0.00e+00 0.00e+00 0.00e+00 4.22e-01 
3.60e-01 -5.98e-01 -5.36e-01 6.40e-01 -6.50e-01 1.00e+00 0.00e+00 0.00e+00 0.00e+00 0.00e+00 0.00e+00 0.00e+00 0.00e+00 0.00e+00 0.00e+00 0.00e+00 0.00e+00 0.00e+00 -5.20e-01 
0.00e+00 0.00e+00 0.00e+00 0.00e+00 0.00e+00 0.00e+00 1.00e+00 -3.15e-03 -6.27e-01 6.21e-01 -1.68e-01 7.71e-02 0.00e+00 0.00e+00 0.00e+00 0.00e+00 0.00e+00 0.00e+00 -9.68e-02 
0.00e+00 0.00e+00 0.00e+00 0.00e+00 0.00e+00 0.00e+00 -3.15e-03 1.00e+00 6.92e-01 -6.96e-01 3.23e-01 -8.85e-01 0.00e+00 0.00e+00 0.00e+00 0.00e+00 0.00e+00 0.00e+00 5.93e-01 
0.00e+00 0.00e+00 0.00e+00 0.00e+00 0.00e+00 0.00e+00 -6.27e-01 6.92e-01 1.00e+00 -1.00e+00 6.24e-01 -5.92e-01 0.00e+00 0.00e+00 0.00e+00 0.00e+00 0.00e+00 0.00e+00 4.62e-01 
0.00e+00 0.00e+00 0.00e+00 0.00e+00 0.00e+00 0.00e+00 6.21e-01 -6.96e-01 -1.00e+00 1.00e+00 -6.26e-01 5.93e-01 0.00e+00 0.00e+00 0.00e+00 0.00e+00 0.00e+00 0.00e+00 -4.63e-01 
0.00e+00 0.00e+00 0.00e+00 0.00e+00 0.00e+00 0.00e+00 -1.68e-01 3.23e-01 6.24e-01 -6.26e-01 1.00e+00 -3.18e-01 0.00e+00 0.00e+00 0.00e+00 0.00e+00 0.00e+00 0.00e+00 3.30e-01 
0.00e+00 0.00e+00 0.00e+00 0.00e+00 0.00e+00 0.00e+00 7.71e-02 -8.85e-01 -5.92e-01 5.93e-01 -3.18e-01 1.00e+00 0.00e+00 0.00e+00 0.00e+00 0.00e+00 0.00e+00 0.00e+00 -6.66e-01 
0.00e+00 0.00e+00 0.00e+00 0.00e+00 0.00e+00 0.00e+00 0.00e+00 0.00e+00 0.00e+00 0.00e+00 0.00e+00 0.00e+00 1.00e+00 -7.61e-01 -8.75e-01 8.58e-01 7.59e-01 4.95e-01 -1.33e-01 
0.00e+00 0.00e+00 0.00e+00 0.00e+00 0.00e+00 0.00e+00 0.00e+00 0.00e+00 0.00e+00 0.00e+00 0.00e+00 0.00e+00 -7.61e-01 1.00e+00 6.87e-01 -6.30e-01 -3.13e-01 -4.66e-01 1.26e-01 
0.00e+00 0.00e+00 0.00e+00 0.00e+00 0.00e+00 0.00e+00 0.00e+00 0.00e+00 0.00e+00 0.00e+00 0.00e+00 0.00e+00 -8.75e-01 6.87e-01 1.00e+00 -9.95e-01 -7.39e-01 -6.16e-01 1.30e-01 
0.00e+00 0.00e+00 0.00e+00 0.00e+00 0.00e+00 0.00e+00 0.00e+00 0.00e+00 0.00e+00 0.00e+00 0.00e+00 0.00e+00 8.58e-01 -6.30e-01 -9.95e-01 1.00e+00 7.65e-01 6.28e-01 -1.23e-01 
0.00e+00 0.00e+00 0.00e+00 0.00e+00 0.00e+00 0.00e+00 0.00e+00 0.00e+00 0.00e+00 0.00e+00 0.00e+00 0.00e+00 7.59e-01 -3.13e-01 -7.39e-01 7.65e-01 1.00e+00 2.43e-01 -6.81e-02 
0.00e+00 0.00e+00 0.00e+00 0.00e+00 0.00e+00 0.00e+00 0.00e+00 0.00e+00 0.00e+00 0.00e+00 0.00e+00 0.00e+00 4.95e-01 -4.66e-01 -6.16e-01 6.28e-01 2.43e-01 1.00e+00 -7.71e-02 
-4.36e-01 2.87e-01 5.06e-01 -5.46e-01 4.22e-01 -5.20e-01 -9.68e-02 5.93e-01 4.62e-01 -4.63e-01 3.30e-01 -6.66e-01 -1.33e-01 1.26e-01 1.30e-01 -1.23e-01 -6.81e-02 -7.71e-02 1.00e+00 


------------ITERATION 81 -----------------

ERROR SUM: 798.46

1.26e-01 8.83e-01 7.00e+01 2.33e+02 1.37e+02 2.00e+03 1.38e-01 8.24e-01 2.08e+01 1.05e+02 1.69e+02 2.00e+03 1.09e-01 7.55e-01 1.25e+02 1.21e+02 1.43e+02 2.01e+03 8.52e+36 


-5.8918e-07 3.5328e-07 6.2297e-07 -6.6043e-07 4.6985e-07 -6.8159e-07 -1.8232e-08 6.0716e-07 4.3111e-07 -4.3332e-07 3.5261e-07 -6.7849e-07 2.0502e-06 -2.5541e-06 -1.3824e-07 2.5279e-06 -3.2302e-06 -3.0727e-06 7.8731e-07 


1.00e+00 -1.32e-01 -7.20e-01 6.21e-01 4.45e-02 3.60e-01 0.00e+00 0.00e+00 0.00e+00 0.00e+00 0.00e+00 0.00e+00 0.00e+00 0.00e+00 0.00e+00 0.00e+00 0.00e+00 0.00e+00 -4.36e-01 
-1.32e-01 1.00e+00 5.79e-01 -6.83e-01 7.05e-01 -5.98e-01 0.00e+00 0.00e+00 0.00e+00 0.00e+00 0.00e+00 0.00e+00 0.00e+00 0.00e+00 0.00e+00 0.00e+00 0.00e+00 0.00e+00 2.87e-01 
-7.20e-01 5.79e-01 1.00e+00 -9.79e-01 5.36e-01 -5.36e-01 0.00e+00 0.00e+00 0.00e+00 0.00e+00 0.00e+00 0.00e+00 0.00e+00 0.00e+00 0.00e+00 0.00e+00 0.00e+00 0.00e+00 5.06e-01 
6.21e-01 -6.83e-01 -9.79e-01 1.00e+00 -6.84e-01 6.40e-01 0.00e+00 0.00e+00 0.00e+00 0.00e+00 0.00e+00 0.00e+00 0.00e+00 0.00e+00 0.00e+00 0.00e+00 0.00e+00 0.00e+00 -5.46e-01 
4.45e-02 7.05e-01 5.36e-01 -6.84e-01 1.00e+00 -6.50e-01 0.00e+00 0.00e+00 0.00e+00 0.00e+00 0.00e+00 0.00e+00 0.00e+00 0.00e+00 0.00e+00 0.00e+00 0.00e+00 0.00e+00 4.22e-01 
3.60e-01 -5.98e-01 -5.36e-01 6.40e-01 -6.50e-01 1.00e+00 0.00e+00 0.00e+00 0.00e+00 0.00e+00 0.00e+00 0.00e+00 0.00e+00 0.00e+00 0.00e+00 0.00e+00 0.00e+00 0.00e+00 -5.20e-01 
0.00e+00 0.00e+00 0.00e+00 0.00e+00 0.00e+00 0.00e+00 1.00e+00 -3.15e-03 -6.27e-01 6.21e-01 -1.68e-01 7.71e-02 0.00e+00 0.00e+00 0.00e+00 0.00e+00 0.00e+00 0.00e+00 -9.68e-02 
0.00e+00 0.00e+00 0.00e+00 0.00e+00 0.00e+00 0.00e+00 -3.15e-03 1.00e+00 6.92e-01 -6.96e-01 3.23e-01 -8.85e-01 0.00e+00 0.00e+00 0.00e+00 0.00e+00 0.00e+00 0.00e+00 5.93e-01 
0.00e+00 0.00e+00 0.00e+00 0.00e+00 0.00e+00 0.00e+00 -6.27e-01 6.92e-01 1.00e+00 -1.00e+00 6.24e-01 -5.92e-01 0.00e+00 0.00e+00 0.00e+00 0.00e+00 0.00e+00 0.00e+00 4.62e-01 
0.00e+00 0.00e+00 0.00e+00 0.00e+00 0.00e+00 0.00e+00 6.21e-01 -6.96e-01 -1.00e+00 1.00e+00 -6.26e-01 5.93e-01 0.00e+00 0.00e+00 0.00e+00 0.00e+00 0.00e+00 0.00e+00 -4.63e-01 
0.00e+00 0.00e+00 0.00e+00 0.00e+00 0.00e+00 0.00e+00 -1.68e-01 3.23e-01 6.24e-01 -6.26e-01 1.00e+00 -3.18e-01 0.00e+00 0.00e+00 0.00e+00 0.00e+00 0.00e+00 0.00e+00 3.30e-01 
0.00e+00 0.00e+00 0.00e+00 0.00e+00 0.00e+00 0.00e+00 7.71e-02 -8.85e-01 -5.92e-01 5.93e-01 -3.18e-01 1.00e+00 0.00e+00 0.00e+00 0.00e+00 0.00e+00 0.00e+00 0.00e+00 -6.66e-01 
0.00e+00 0.00e+00 0.00e+00 0.00e+00 0.00e+00 0.00e+00 0.00e+00 0.00e+00 0.00e+00 0.00e+00 0.00e+00 0.00e+00 1.00e+00 -7.61e-01 -8.75e-01 8.58e-01 7.59e-01 4.95e-01 -1.33e-01 
0.00e+00 0.00e+00 0.00e+00 0.00e+00 0.00e+00 0.00e+00 0.00e+00 0.00e+00 0.00e+00 0.00e+00 0.00e+00 0.00e+00 -7.61e-01 1.00e+00 6.87e-01 -6.30e-01 -3.13e-01 -4.66e-01 1.26e-01 
0.00e+00 0.00e+00 0.00e+00 0.00e+00 0.00e+00 0.00e+00 0.00e+00 0.00e+00 0.00e+00 0.00e+00 0.00e+00 0.00e+00 -8.75e-01 6.87e-01 1.00e+00 -9.95e-01 -7.39e-01 -6.16e-01 1.30e-01 
0.00e+00 0.00e+00 0.00e+00 0.00e+00 0.00e+00 0.00e+00 0.00e+00 0.00e+00 0.00e+00 0.00e+00 0.00e+00 0.00e+00 8.58e-01 -6.30e-01 -9.95e-01 1.00e+00 7.65e-01 6.28e-01 -1.23e-01 
0.00e+00 0.00e+00 0.00e+00 0.00e+00 0.00e+00 0.00e+00 0.00e+00 0.00e+00 0.00e+00 0.00e+00 0.00e+00 0.00e+00 7.59e-01 -3.13e-01 -7.39e-01 7.65e-01 1.00e+00 2.43e-01 -6.81e-02 
0.00e+00 0.00e+00 0.00e+00 0.00e+00 0.00e+00 0.00e+00 0.00e+00 0.00e+00 0.00e+00 0.00e+00 0.00e+00 0.00e+00 4.95e-01 -4.66e-01 -6.16e-01 6.28e-01 2.43e-01 1.00e+00 -7.71e-02 
-4.36e-01 2.87e-01 5.06e-01 -5.46e-01 4.22e-01 -5.20e-01 -9.68e-02 5.93e-01 4.62e-01 -4.63e-01 3.30e-01 -6.66e-01 -1.33e-01 1.26e-01 1.30e-01 -1.23e-01 -6.81e-02 -7.71e-02 1.00e+00 


------------ITERATION 82 -----------------

ERROR SUM: 798.46

1.26e-01 8.83e-01 7.00e+01 2.33e+02 1.37e+02 2.00e+03 1.38e-01 8.24e-01 2.08e+01 1.05e+02 1.69e+02 2.00e+03 1.09e-01 7.55e-01 1.25e+02 1.21e+02 1.43e+02 2.01e+03 8.52e+36 


-4.7166e-07 2.8287e-07 4.9860e-07 -5.2851e-07 3.7585e-07 -5.4583e-07 -1.4541e-08 4.8546e-07 3.4475e-07 -3.4653e-07 2.8239e-07 -5.4252e-07 1.8199e-06 -2.2635e-06 -1.3345e-07 2.2401e-06 -2.8456e-06 -2.7024e-06 6.0216e-07 


1.00e+00 -1.32e-01 -7.20e-01 6.21e-01 4.45e-02 3.60e-01 0.00e+00 0.00e+00 0.00e+00 0.00e+00 0.00e+00 0.00e+00 0.00e+00 0.00e+00 0.00e+00 0.00e+00 0.00e+00 0.00e+00 -4.36e-01 
-1.32e-01 1.00e+00 5.79e-01 -6.83e-01 7.05e-01 -5.98e-01 0.00e+00 0.00e+00 0.00e+00 0.00e+00 0.00e+00 0.00e+00 0.00e+00 0.00e+00 0.00e+00 0.00e+00 0.00e+00 0.00e+00 2.87e-01 
-7.20e-01 5.79e-01 1.00e+00 -9.79e-01 5.36e-01 -5.36e-01 0.00e+00 0.00e+00 0.00e+00 0.00e+00 0.00e+00 0.00e+00 0.00e+00 0.00e+00 0.00e+00 0.00e+00 0.00e+00 0.00e+00 5.06e-01 
6.21e-01 -6.83e-01 -9.79e-01 1.00e+00 -6.84e-01 6.40e-01 0.00e+00 0.00e+00 0.00e+00 0.00e+00 0.00e+00 0.00e+00 0.00e+00 0.00e+00 0.00e+00 0.00e+00 0.00e+00 0.00e+00 -5.46e-01 
4.45e-02 7.05e-01 5.36e-01 -6.84e-01 1.00e+00 -6.50e-01 0.00e+00 0.00e+00 0.00e+00 0.00e+00 0.00e+00 0.00e+00 0.00e+00 0.00e+00 0.00e+00 0.00e+00 0.00e+00 0.00e+00 4.22e-01 
3.60e-01 -5.98e-01 -5.36e-01 6.40e-01 -6.50e-01 1.00e+00 0.00e+00 0.00e+00 0.00e+00 0.00e+00 0.00e+00 0.00e+00 0.00e+00 0.00e+00 0.00e+00 0.00e+00 0.00e+00 0.00e+00 -5.20e-01 
0.00e+00 0.00e+00 0.00e+00 0.00e+00 0.00e+00 0.00e+00 1.00e+00 -3.15e-03 -6.27e-01 6.21e-01 -1.68e-01 7.71e-02 0.00e+00 0.00e+00 0.00e+00 0.00e+00 0.00e+00 0.00e+00 -9.68e-02 
0.00e+00 0.00e+00 0.00e+00 0.00e+00 0.00e+00 0.00e+00 -3.15e-03 1.00e+00 6.92e-01 -6.96e-01 3.23e-01 -8.85e-01 0.00e+00 0.00e+00 0.00e+00 0.00e+00 0.00e+00 0.00e+00 5.93e-01 
0.00e+00 0.00e+00 0.00e+00 0.00e+00 0.00e+00 0.00e+00 -6.27e-01 6.92e-01 1.00e+00 -1.00e+00 6.24e-01 -5.92e-01 0.00e+00 0.00e+00 0.00e+00 0.00e+00 0.00e+00 0.00e+00 4.62e-01 
0.00e+00 0.00e+00 0.00e+00 0.00e+00 0.00e+00 0.00e+00 6.21e-01 -6.96e-01 -1.00e+00 1.00e+00 -6.26e-01 5.93e-01 0.00e+00 0.00e+00 0.00e+00 0.00e+00 0.00e+00 0.00e+00 -4.63e-01 
0.00e+00 0.00e+00 0.00e+00 0.00e+00 0.00e+00 0.00e+00 -1.68e-01 3.23e-01 6.24e-01 -6.26e-01 1.00e+00 -3.18e-01 0.00e+00 0.00e+00 0.00e+00 0.00e+00 0.00e+00 0.00e+00 3.30e-01 
0.00e+00 0.00e+00 0.00e+00 0.00e+00 0.00e+00 0.00e+00 7.71e-02 -8.85e-01 -5.92e-01 5.93e-01 -3.18e-01 1.00e+00 0.00e+00 0.00e+00 0.00e+00 0.00e+00 0.00e+00 0.00e+00 -6.66e-01 
0.00e+00 0.00e+00 0.00e+00 0.00e+00 0.00e+00 0.00e+00 0.00e+00 0.00e+00 0.00e+00 0.00e+00 0.00e+00 0.00e+00 1.00e+00 -7.61e-01 -8.75e-01 8.58e-01 7.59e-01 4.95e-01 -1.33e-01 
0.00e+00 0.00e+00 0.00e+00 0.00e+00 0.00e+00 0.00e+00 0.00e+00 0.00e+00 0.00e+00 0.00e+00 0.00e+00 0.00e+00 -7.61e-01 1.00e+00 6.87e-01 -6.30e-01 -3.13e-01 -4.66e-01 1.26e-01 
0.00e+00 0.00e+00 0.00e+00 0.00e+00 0.00e+00 0.00e+00 0.00e+00 0.00e+00 0.00e+00 0.00e+00 0.00e+00 0.00e+00 -8.75e-01 6.87e-01 1.00e+00 -9.95e-01 -7.39e-01 -6.16e-01 1.30e-01 
0.00e+00 0.00e+00 0.00e+00 0.00e+00 0.00e+00 0.00e+00 0.00e+00 0.00e+00 0.00e+00 0.00e+00 0.00e+00 0.00e+00 8.58e-01 -6.30e-01 -9.95e-01 1.00e+00 7.65e-01 6.28e-01 -1.23e-01 
0.00e+00 0.00e+00 0.00e+00 0.00e+00 0.00e+00 0.00e+00 0.00e+00 0.00e+00 0.00e+00 0.00e+00 0.00e+00 0.00e+00 7.59e-01 -3.13e-01 -7.39e-01 7.65e-01 1.00e+00 2.43e-01 -6.81e-02 
0.00e+00 0.00e+00 0.00e+00 0.00e+00 0.00e+00 0.00e+00 0.00e+00 0.00e+00 0.00e+00 0.00e+00 0.00e+00 0.00e+00 4.95e-01 -4.66e-01 -6.16e-01 6.28e-01 2.43e-01 1.00e+00 -7.71e-02 
-4.36e-01 2.87e-01 5.06e-01 -5.46e-01 4.22e-01 -5.20e-01 -9.68e-02 5.93e-01 4.62e-01 -4.63e-01 3.30e-01 -6.66e-01 -1.33e-01 1.26e-01 1.30e-01 -1.23e-01 -6.81e-02 -7.71e-02 1.00e+00 


------------ITERATION 83 -----------------

ERROR SUM: 798.46

1.26e-01 8.83e-01 7.00e+01 2.33e+02 1.37e+02 2.00e+03 1.38e-01 8.24e-01 2.08e+01 1.05e+02 1.69e+02 2.00e+03 1.09e-01 7.55e-01 1.25e+02 1.21e+02 1.43e+02 2.01e+03 8.52e+36 


-3.7760e-07 2.2650e-07 3.9907e-07 -4.2294e-07 3.0065e-07 -4.3714e-07 -1.1595e-08 3.8815e-07 2.7567e-07 -2.7711e-07 2.2617e-07 -4.3379e-07 1.6145e-06 -2.0049e-06 -1.2694e-07 1.9841e-06 -2.5070e-06 -2.3773e-06 4.5731e-07 


1.00e+00 -1.32e-01 -7.20e-01 6.21e-01 4.45e-02 3.60e-01 0.00e+00 0.00e+00 0.00e+00 0.00e+00 0.00e+00 0.00e+00 0.00e+00 0.00e+00 0.00e+00 0.00e+00 0.00e+00 0.00e+00 -4.36e-01 
-1.32e-01 1.00e+00 5.79e-01 -6.83e-01 7.05e-01 -5.98e-01 0.00e+00 0.00e+00 0.00e+00 0.00e+00 0.00e+00 0.00e+00 0.00e+00 0.00e+00 0.00e+00 0.00e+00 0.00e+00 0.00e+00 2.87e-01 
-7.20e-01 5.79e-01 1.00e+00 -9.79e-01 5.36e-01 -5.36e-01 0.00e+00 0.00e+00 0.00e+00 0.00e+00 0.00e+00 0.00e+00 0.00e+00 0.00e+00 0.00e+00 0.00e+00 0.00e+00 0.00e+00 5.06e-01 
6.21e-01 -6.83e-01 -9.79e-01 1.00e+00 -6.84e-01 6.40e-01 0.00e+00 0.00e+00 0.00e+00 0.00e+00 0.00e+00 0.00e+00 0.00e+00 0.00e+00 0.00e+00 0.00e+00 0.00e+00 0.00e+00 -5.46e-01 
4.45e-02 7.05e-01 5.36e-01 -6.84e-01 1.00e+00 -6.50e-01 0.00e+00 0.00e+00 0.00e+00 0.00e+00 0.00e+00 0.00e+00 0.00e+00 0.00e+00 0.00e+00 0.00e+00 0.00e+00 0.00e+00 4.22e-01 
3.60e-01 -5.98e-01 -5.36e-01 6.40e-01 -6.50e-01 1.00e+00 0.00e+00 0.00e+00 0.00e+00 0.00e+00 0.00e+00 0.00e+00 0.00e+00 0.00e+00 0.00e+00 0.00e+00 0.00e+00 0.00e+00 -5.20e-01 
0.00e+00 0.00e+00 0.00e+00 0.00e+00 0.00e+00 0.00e+00 1.00e+00 -3.15e-03 -6.27e-01 6.21e-01 -1.68e-01 7.71e-02 0.00e+00 0.00e+00 0.00e+00 0.00e+00 0.00e+00 0.00e+00 -9.68e-02 
0.00e+00 0.00e+00 0.00e+00 0.00e+00 0.00e+00 0.00e+00 -3.15e-03 1.00e+00 6.92e-01 -6.96e-01 3.23e-01 -8.85e-01 0.00e+00 0.00e+00 0.00e+00 0.00e+00 0.00e+00 0.00e+00 5.93e-01 
0.00e+00 0.00e+00 0.00e+00 0.00e+00 0.00e+00 0.00e+00 -6.27e-01 6.92e-01 1.00e+00 -1.00e+00 6.24e-01 -5.92e-01 0.00e+00 0.00e+00 0.00e+00 0.00e+00 0.00e+00 0.00e+00 4.62e-01 
0.00e+00 0.00e+00 0.00e+00 0.00e+00 0.00e+00 0.00e+00 6.21e-01 -6.96e-01 -1.00e+00 1.00e+00 -6.26e-01 5.93e-01 0.00e+00 0.00e+00 0.00e+00 0.00e+00 0.00e+00 0.00e+00 -4.63e-01 
0.00e+00 0.00e+00 0.00e+00 0.00e+00 0.00e+00 0.00e+00 -1.68e-01 3.23e-01 6.24e-01 -6.26e-01 1.00e+00 -3.18e-01 0.00e+00 0.00e+00 0.00e+00 0.00e+00 0.00e+00 0.00e+00 3.30e-01 
0.00e+00 0.00e+00 0.00e+00 0.00e+00 0.00e+00 0.00e+00 7.71e-02 -8.85e-01 -5.92e-01 5.93e-01 -3.18e-01 1.00e+00 0.00e+00 0.00e+00 0.00e+00 0.00e+00 0.00e+00 0.00e+00 -6.66e-01 
0.00e+00 0.00e+00 0.00e+00 0.00e+00 0.00e+00 0.00e+00 0.00e+00 0.00e+00 0.00e+00 0.00e+00 0.00e+00 0.00e+00 1.00e+00 -7.61e-01 -8.75e-01 8.58e-01 7.59e-01 4.95e-01 -1.33e-01 
0.00e+00 0.00e+00 0.00e+00 0.00e+00 0.00e+00 0.00e+00 0.00e+00 0.00e+00 0.00e+00 0.00e+00 0.00e+00 0.00e+00 -7.61e-01 1.00e+00 6.87e-01 -6.30e-01 -3.13e-01 -4.66e-01 1.26e-01 
0.00e+00 0.00e+00 0.00e+00 0.00e+00 0.00e+00 0.00e+00 0.00e+00 0.00e+00 0.00e+00 0.00e+00 0.00e+00 0.00e+00 -8.75e-01 6.87e-01 1.00e+00 -9.95e-01 -7.39e-01 -6.16e-01 1.30e-01 
0.00e+00 0.00e+00 0.00e+00 0.00e+00 0.00e+00 0.00e+00 0.00e+00 0.00e+00 0.00e+00 0.00e+00 0.00e+00 0.00e+00 8.58e-01 -6.30e-01 -9.95e-01 1.00e+00 7.65e-01 6.28e-01 -1.23e-01 
0.00e+00 0.00e+00 0.00e+00 0.00e+00 0.00e+00 0.00e+00 0.00e+00 0.00e+00 0.00e+00 0.00e+00 0.00e+00 0.00e+00 7.59e-01 -3.13e-01 -7.39e-01 7.65e-01 1.00e+00 2.43e-01 -6.81e-02 
0.00e+00 0.00e+00 0.00e+00 0.00e+00 0.00e+00 0.00e+00 0.00e+00 0.00e+00 0.00e+00 0.00e+00 0.00e+00 0.00e+00 4.95e-01 -4.66e-01 -6.16e-01 6.28e-01 2.43e-01 1.00e+00 -7.71e-02 
-4.36e-01 2.87e-01 5.06e-01 -5.46e-01 4.22e-01 -5.20e-01 -9.68e-02 5.93e-01 4.62e-01 -4.63e-01 3.30e-01 -6.66e-01 -1.33e-01 1.26e-01 1.30e-01 -1.23e-01 -6.81e-02 -7.71e-02 1.00e+00 


------------ITERATION 84 -----------------

ERROR SUM: 798.46

1.26e-01 8.83e-01 7.00e+01 2.33e+02 1.37e+02 2.00e+03 1.38e-01 8.24e-01 2.08e+01 1.05e+02 1.69e+02 2.00e+03 1.09e-01 7.55e-01 1.25e+02 1.21e+02 1.43e+02 2.01e+03 8.52e+36 


-3.0229e-07 1.8137e-07 3.1941e-07 -3.3845e-07 2.4049e-07 -3.5011e-07 -9.2337e-09 3.1031e-07 2.2042e-07 -2.2158e-07 1.8115e-07 -3.4680e-07 1.4315e-06 -1.7752e-06 -1.1936e-07 1.7567e-06 -2.2090e-06 -2.0917e-06 3.4427e-07 


1.00e+00 -1.32e-01 -7.20e-01 6.21e-01 4.45e-02 3.60e-01 0.00e+00 0.00e+00 0.00e+00 0.00e+00 0.00e+00 0.00e+00 0.00e+00 0.00e+00 0.00e+00 0.00e+00 0.00e+00 0.00e+00 -4.36e-01 
-1.32e-01 1.00e+00 5.79e-01 -6.83e-01 7.05e-01 -5.98e-01 0.00e+00 0.00e+00 0.00e+00 0.00e+00 0.00e+00 0.00e+00 0.00e+00 0.00e+00 0.00e+00 0.00e+00 0.00e+00 0.00e+00 2.87e-01 
-7.20e-01 5.79e-01 1.00e+00 -9.79e-01 5.36e-01 -5.36e-01 0.00e+00 0.00e+00 0.00e+00 0.00e+00 0.00e+00 0.00e+00 0.00e+00 0.00e+00 0.00e+00 0.00e+00 0.00e+00 0.00e+00 5.06e-01 
6.21e-01 -6.83e-01 -9.79e-01 1.00e+00 -6.84e-01 6.40e-01 0.00e+00 0.00e+00 0.00e+00 0.00e+00 0.00e+00 0.00e+00 0.00e+00 0.00e+00 0.00e+00 0.00e+00 0.00e+00 0.00e+00 -5.46e-01 
4.45e-02 7.05e-01 5.36e-01 -6.84e-01 1.00e+00 -6.50e-01 0.00e+00 0.00e+00 0.00e+00 0.00e+00 0.00e+00 0.00e+00 0.00e+00 0.00e+00 0.00e+00 0.00e+00 0.00e+00 0.00e+00 4.22e-01 
3.60e-01 -5.98e-01 -5.36e-01 6.40e-01 -6.50e-01 1.00e+00 0.00e+00 0.00e+00 0.00e+00 0.00e+00 0.00e+00 0.00e+00 0.00e+00 0.00e+00 0.00e+00 0.00e+00 0.00e+00 0.00e+00 -5.20e-01 
0.00e+00 0.00e+00 0.00e+00 0.00e+00 0.00e+00 0.00e+00 1.00e+00 -3.15e-03 -6.27e-01 6.21e-01 -1.68e-01 7.71e-02 0.00e+00 0.00e+00 0.00e+00 0.00e+00 0.00e+00 0.00e+00 -9.68e-02 
0.00e+00 0.00e+00 0.00e+00 0.00e+00 0.00e+00 0.00e+00 -3.15e-03 1.00e+00 6.92e-01 -6.96e-01 3.23e-01 -8.85e-01 0.00e+00 0.00e+00 0.00e+00 0.00e+00 0.00e+00 0.00e+00 5.93e-01 
0.00e+00 0.00e+00 0.00e+00 0.00e+00 0.00e+00 0.00e+00 -6.27e-01 6.92e-01 1.00e+00 -1.00e+00 6.24e-01 -5.92e-01 0.00e+00 0.00e+00 0.00e+00 0.00e+00 0.00e+00 0.00e+00 4.62e-01 
0.00e+00 0.00e+00 0.00e+00 0.00e+00 0.00e+00 0.00e+00 6.21e-01 -6.96e-01 -1.00e+00 1.00e+00 -6.26e-01 5.93e-01 0.00e+00 0.00e+00 0.00e+00 0.00e+00 0.00e+00 0.00e+00 -4.63e-01 
0.00e+00 0.00e+00 0.00e+00 0.00e+00 0.00e+00 0.00e+00 -1.68e-01 3.23e-01 6.24e-01 -6.26e-01 1.00e+00 -3.18e-01 0.00e+00 0.00e+00 0.00e+00 0.00e+00 0.00e+00 0.00e+00 3.30e-01 
0.00e+00 0.00e+00 0.00e+00 0.00e+00 0.00e+00 0.00e+00 7.71e-02 -8.85e-01 -5.92e-01 5.93e-01 -3.18e-01 1.00e+00 0.00e+00 0.00e+00 0.00e+00 0.00e+00 0.00e+00 0.00e+00 -6.66e-01 
0.00e+00 0.00e+00 0.00e+00 0.00e+00 0.00e+00 0.00e+00 0.00e+00 0.00e+00 0.00e+00 0.00e+00 0.00e+00 0.00e+00 1.00e+00 -7.61e-01 -8.75e-01 8.58e-01 7.59e-01 4.95e-01 -1.33e-01 
0.00e+00 0.00e+00 0.00e+00 0.00e+00 0.00e+00 0.00e+00 0.00e+00 0.00e+00 0.00e+00 0.00e+00 0.00e+00 0.00e+00 -7.61e-01 1.00e+00 6.87e-01 -6.30e-01 -3.13e-01 -4.66e-01 1.26e-01 
0.00e+00 0.00e+00 0.00e+00 0.00e+00 0.00e+00 0.00e+00 0.00e+00 0.00e+00 0.00e+00 0.00e+00 0.00e+00 0.00e+00 -8.75e-01 6.87e-01 1.00e+00 -9.95e-01 -7.39e-01 -6.16e-01 1.30e-01 
0.00e+00 0.00e+00 0.00e+00 0.00e+00 0.00e+00 0.00e+00 0.00e+00 0.00e+00 0.00e+00 0.00e+00 0.00e+00 0.00e+00 8.58e-01 -6.30e-01 -9.95e-01 1.00e+00 7.65e-01 6.28e-01 -1.23e-01 
0.00e+00 0.00e+00 0.00e+00 0.00e+00 0.00e+00 0.00e+00 0.00e+00 0.00e+00 0.00e+00 0.00e+00 0.00e+00 0.00e+00 7.59e-01 -3.13e-01 -7.39e-01 7.65e-01 1.00e+00 2.43e-01 -6.81e-02 
0.00e+00 0.00e+00 0.00e+00 0.00e+00 0.00e+00 0.00e+00 0.00e+00 0.00e+00 0.00e+00 0.00e+00 0.00e+00 0.00e+00 4.95e-01 -4.66e-01 -6.16e-01 6.28e-01 2.43e-01 1.00e+00 -7.71e-02 
-4.36e-01 2.87e-01 5.06e-01 -5.46e-01 4.22e-01 -5.20e-01 -9.68e-02 5.93e-01 4.62e-01 -4.63e-01 3.30e-01 -6.66e-01 -1.33e-01 1.26e-01 1.30e-01 -1.23e-01 -6.81e-02 -7.71e-02 1.00e+00 


------------ITERATION 85 -----------------

ERROR SUM: 798.46

1.26e-01 8.83e-01 7.00e+01 2.33e+02 1.37e+02 2.00e+03 1.38e-01 8.24e-01 2.08e+01 1.05e+02 1.69e+02 2.00e+03 1.09e-01 7.55e-01 1.25e+02 1.21e+02 1.43e+02 2.01e+03 8.52e+36 


-2.4204e-07 1.4526e-07 2.5567e-07 -2.7087e-07 1.9237e-07 -2.8046e-07 -7.3586e-09 2.4807e-07 1.7623e-07 -1.7718e-07 1.4511e-07 -2.7725e-07 1.2685e-06 -1.5711e-06 -1.1120e-07 1.5548e-06 -1.9465e-06 -1.8408e-06 2.5640e-07 


1.00e+00 -1.32e-01 -7.20e-01 6.21e-01 4.45e-02 3.60e-01 0.00e+00 0.00e+00 0.00e+00 0.00e+00 0.00e+00 0.00e+00 0.00e+00 0.00e+00 0.00e+00 0.00e+00 0.00e+00 0.00e+00 -4.36e-01 
-1.32e-01 1.00e+00 5.79e-01 -6.83e-01 7.05e-01 -5.98e-01 0.00e+00 0.00e+00 0.00e+00 0.00e+00 0.00e+00 0.00e+00 0.00e+00 0.00e+00 0.00e+00 0.00e+00 0.00e+00 0.00e+00 2.87e-01 
-7.20e-01 5.79e-01 1.00e+00 -9.79e-01 5.36e-01 -5.36e-01 0.00e+00 0.00e+00 0.00e+00 0.00e+00 0.00e+00 0.00e+00 0.00e+00 0.00e+00 0.00e+00 0.00e+00 0.00e+00 0.00e+00 5.06e-01 
6.21e-01 -6.83e-01 -9.79e-01 1.00e+00 -6.84e-01 6.40e-01 0.00e+00 0.00e+00 0.00e+00 0.00e+00 0.00e+00 0.00e+00 0.00e+00 0.00e+00 0.00e+00 0.00e+00 0.00e+00 0.00e+00 -5.46e-01 
4.45e-02 7.05e-01 5.36e-01 -6.84e-01 1.00e+00 -6.50e-01 0.00e+00 0.00e+00 0.00e+00 0.00e+00 0.00e+00 0.00e+00 0.00e+00 0.00e+00 0.00e+00 0.00e+00 0.00e+00 0.00e+00 4.22e-01 
3.60e-01 -5.98e-01 -5.36e-01 6.40e-01 -6.50e-01 1.00e+00 0.00e+00 0.00e+00 0.00e+00 0.00e+00 0.00e+00 0.00e+00 0.00e+00 0.00e+00 0.00e+00 0.00e+00 0.00e+00 0.00e+00 -5.20e-01 
0.00e+00 0.00e+00 0.00e+00 0.00e+00 0.00e+00 0.00e+00 1.00e+00 -3.15e-03 -6.27e-01 6.21e-01 -1.68e-01 7.71e-02 0.00e+00 0.00e+00 0.00e+00 0.00e+00 0.00e+00 0.00e+00 -9.68e-02 
0.00e+00 0.00e+00 0.00e+00 0.00e+00 0.00e+00 0.00e+00 -3.15e-03 1.00e+00 6.92e-01 -6.96e-01 3.23e-01 -8.85e-01 0.00e+00 0.00e+00 0.00e+00 0.00e+00 0.00e+00 0.00e+00 5.93e-01 
0.00e+00 0.00e+00 0.00e+00 0.00e+00 0.00e+00 0.00e+00 -6.27e-01 6.92e-01 1.00e+00 -1.00e+00 6.24e-01 -5.92e-01 0.00e+00 0.00e+00 0.00e+00 0.00e+00 0.00e+00 0.00e+00 4.62e-01 
0.00e+00 0.00e+00 0.00e+00 0.00e+00 0.00e+00 0.00e+00 6.21e-01 -6.96e-01 -1.00e+00 1.00e+00 -6.26e-01 5.93e-01 0.00e+00 0.00e+00 0.00e+00 0.00e+00 0.00e+00 0.00e+00 -4.63e-01 
0.00e+00 0.00e+00 0.00e+00 0.00e+00 0.00e+00 0.00e+00 -1.68e-01 3.23e-01 6.24e-01 -6.26e-01 1.00e+00 -3.18e-01 0.00e+00 0.00e+00 0.00e+00 0.00e+00 0.00e+00 0.00e+00 3.30e-01 
0.00e+00 0.00e+00 0.00e+00 0.00e+00 0.00e+00 0.00e+00 7.71e-02 -8.85e-01 -5.92e-01 5.93e-01 -3.18e-01 1.00e+00 0.00e+00 0.00e+00 0.00e+00 0.00e+00 0.00e+00 0.00e+00 -6.66e-01 
0.00e+00 0.00e+00 0.00e+00 0.00e+00 0.00e+00 0.00e+00 0.00e+00 0.00e+00 0.00e+00 0.00e+00 0.00e+00 0.00e+00 1.00e+00 -7.61e-01 -8.75e-01 8.58e-01 7.59e-01 4.95e-01 -1.33e-01 
0.00e+00 0.00e+00 0.00e+00 0.00e+00 0.00e+00 0.00e+00 0.00e+00 0.00e+00 0.00e+00 0.00e+00 0.00e+00 0.00e+00 -7.61e-01 1.00e+00 6.87e-01 -6.30e-01 -3.13e-01 -4.66e-01 1.26e-01 
0.00e+00 0.00e+00 0.00e+00 0.00e+00 0.00e+00 0.00e+00 0.00e+00 0.00e+00 0.00e+00 0.00e+00 0.00e+00 0.00e+00 -8.75e-01 6.87e-01 1.00e+00 -9.95e-01 -7.39e-01 -6.16e-01 1.30e-01 
0.00e+00 0.00e+00 0.00e+00 0.00e+00 0.00e+00 0.00e+00 0.00e+00 0.00e+00 0.00e+00 0.00e+00 0.00e+00 0.00e+00 8.58e-01 -6.30e-01 -9.95e-01 1.00e+00 7.65e-01 6.28e-01 -1.23e-01 
0.00e+00 0.00e+00 0.00e+00 0.00e+00 0.00e+00 0.00e+00 0.00e+00 0.00e+00 0.00e+00 0.00e+00 0.00e+00 0.00e+00 7.59e-01 -3.13e-01 -7.39e-01 7.65e-01 1.00e+00 2.43e-01 -6.81e-02 
0.00e+00 0.00e+00 0.00e+00 0.00e+00 0.00e+00 0.00e+00 0.00e+00 0.00e+00 0.00e+00 0.00e+00 0.00e+00 0.00e+00 4.95e-01 -4.66e-01 -6.16e-01 6.28e-01 2.43e-01 1.00e+00 -7.71e-02 
-4.36e-01 2.87e-01 5.06e-01 -5.46e-01 4.22e-01 -5.20e-01 -9.68e-02 5.93e-01 4.62e-01 -4.63e-01 3.30e-01 -6.66e-01 -1.33e-01 1.26e-01 1.30e-01 -1.23e-01 -6.81e-02 -7.71e-02 1.00e+00 


------------ITERATION 86 -----------------

ERROR SUM: 798.46

1.26e-01 8.83e-01 7.00e+01 2.33e+02 1.37e+02 2.00e+03 1.38e-01 8.24e-01 2.08e+01 1.05e+02 1.69e+02 2.00e+03 1.09e-01 7.55e-01 1.25e+02 1.21e+02 1.43e+02 2.01e+03 8.52e+36 


-1.9377e-07 1.1635e-07 2.0465e-07 -2.1678e-07 1.5389e-07 -2.2467e-07 -5.8649e-09 1.9831e-07 1.4091e-07 -1.4167e-07 1.1626e-07 -2.2165e-07 1.1236e-06 -1.3900e-06 -1.0282e-07 1.3756e-06 -1.7154e-06 -1.6204e-06 1.8835e-07 


1.00e+00 -1.32e-01 -7.20e-01 6.21e-01 4.45e-02 3.60e-01 0.00e+00 0.00e+00 0.00e+00 0.00e+00 0.00e+00 0.00e+00 0.00e+00 0.00e+00 0.00e+00 0.00e+00 0.00e+00 0.00e+00 -4.36e-01 
-1.32e-01 1.00e+00 5.79e-01 -6.83e-01 7.05e-01 -5.98e-01 0.00e+00 0.00e+00 0.00e+00 0.00e+00 0.00e+00 0.00e+00 0.00e+00 0.00e+00 0.00e+00 0.00e+00 0.00e+00 0.00e+00 2.87e-01 
-7.20e-01 5.79e-01 1.00e+00 -9.79e-01 5.36e-01 -5.36e-01 0.00e+00 0.00e+00 0.00e+00 0.00e+00 0.00e+00 0.00e+00 0.00e+00 0.00e+00 0.00e+00 0.00e+00 0.00e+00 0.00e+00 5.06e-01 
6.21e-01 -6.83e-01 -9.79e-01 1.00e+00 -6.84e-01 6.40e-01 0.00e+00 0.00e+00 0.00e+00 0.00e+00 0.00e+00 0.00e+00 0.00e+00 0.00e+00 0.00e+00 0.00e+00 0.00e+00 0.00e+00 -5.46e-01 
4.45e-02 7.05e-01 5.36e-01 -6.84e-01 1.00e+00 -6.50e-01 0.00e+00 0.00e+00 0.00e+00 0.00e+00 0.00e+00 0.00e+00 0.00e+00 0.00e+00 0.00e+00 0.00e+00 0.00e+00 0.00e+00 4.22e-01 
3.60e-01 -5.98e-01 -5.36e-01 6.40e-01 -6.50e-01 1.00e+00 0.00e+00 0.00e+00 0.00e+00 0.00e+00 0.00e+00 0.00e+00 0.00e+00 0.00e+00 0.00e+00 0.00e+00 0.00e+00 0.00e+00 -5.20e-01 
0.00e+00 0.00e+00 0.00e+00 0.00e+00 0.00e+00 0.00e+00 1.00e+00 -3.15e-03 -6.27e-01 6.21e-01 -1.68e-01 7.71e-02 0.00e+00 0.00e+00 0.00e+00 0.00e+00 0.00e+00 0.00e+00 -9.68e-02 
0.00e+00 0.00e+00 0.00e+00 0.00e+00 0.00e+00 0.00e+00 -3.15e-03 1.00e+00 6.92e-01 -6.96e-01 3.23e-01 -8.85e-01 0.00e+00 0.00e+00 0.00e+00 0.00e+00 0.00e+00 0.00e+00 5.93e-01 
0.00e+00 0.00e+00 0.00e+00 0.00e+00 0.00e+00 0.00e+00 -6.27e-01 6.92e-01 1.00e+00 -1.00e+00 6.24e-01 -5.92e-01 0.00e+00 0.00e+00 0.00e+00 0.00e+00 0.00e+00 0.00e+00 4.62e-01 
0.00e+00 0.00e+00 0.00e+00 0.00e+00 0.00e+00 0.00e+00 6.21e-01 -6.96e-01 -1.00e+00 1.00e+00 -6.26e-01 5.93e-01 0.00e+00 0.00e+00 0.00e+00 0.00e+00 0.00e+00 0.00e+00 -4.63e-01 
0.00e+00 0.00e+00 0.00e+00 0.00e+00 0.00e+00 0.00e+00 -1.68e-01 3.23e-01 6.24e-01 -6.26e-01 1.00e+00 -3.18e-01 0.00e+00 0.00e+00 0.00e+00 0.00e+00 0.00e+00 0.00e+00 3.30e-01 
0.00e+00 0.00e+00 0.00e+00 0.00e+00 0.00e+00 0.00e+00 7.71e-02 -8.85e-01 -5.92e-01 5.93e-01 -3.18e-01 1.00e+00 0.00e+00 0.00e+00 0.00e+00 0.00e+00 0.00e+00 0.00e+00 -6.66e-01 
0.00e+00 0.00e+00 0.00e+00 0.00e+00 0.00e+00 0.00e+00 0.00e+00 0.00e+00 0.00e+00 0.00e+00 0.00e+00 0.00e+00 1.00e+00 -7.61e-01 -8.75e-01 8.58e-01 7.59e-01 4.95e-01 -1.33e-01 
0.00e+00 0.00e+00 0.00e+00 0.00e+00 0.00e+00 0.00e+00 0.00e+00 0.00e+00 0.00e+00 0.00e+00 0.00e+00 0.00e+00 -7.61e-01 1.00e+00 6.87e-01 -6.30e-01 -3.13e-01 -4.66e-01 1.26e-01 
0.00e+00 0.00e+00 0.00e+00 0.00e+00 0.00e+00 0.00e+00 0.00e+00 0.00e+00 0.00e+00 0.00e+00 0.00e+00 0.00e+00 -8.75e-01 6.87e-01 1.00e+00 -9.95e-01 -7.39e-01 -6.16e-01 1.30e-01 
0.00e+00 0.00e+00 0.00e+00 0.00e+00 0.00e+00 0.00e+00 0.00e+00 0.00e+00 0.00e+00 0.00e+00 0.00e+00 0.00e+00 8.58e-01 -6.30e-01 -9.95e-01 1.00e+00 7.65e-01 6.28e-01 -1.23e-01 
0.00e+00 0.00e+00 0.00e+00 0.00e+00 0.00e+00 0.00e+00 0.00e+00 0.00e+00 0.00e+00 0.00e+00 0.00e+00 0.00e+00 7.59e-01 -3.13e-01 -7.39e-01 7.65e-01 1.00e+00 2.43e-01 -6.81e-02 
0.00e+00 0.00e+00 0.00e+00 0.00e+00 0.00e+00 0.00e+00 0.00e+00 0.00e+00 0.00e+00 0.00e+00 0.00e+00 0.00e+00 4.95e-01 -4.66e-01 -6.16e-01 6.28e-01 2.43e-01 1.00e+00 -7.71e-02 
-4.36e-01 2.87e-01 5.06e-01 -5.46e-01 4.22e-01 -5.20e-01 -9.68e-02 5.93e-01 4.62e-01 -4.63e-01 3.30e-01 -6.66e-01 -1.33e-01 1.26e-01 1.30e-01 -1.23e-01 -6.81e-02 -7.71e-02 1.00e+00 


------------ITERATION 87 -----------------

ERROR SUM: 798.46

1.26e-01 8.83e-01 7.00e+01 2.33e+02 1.37e+02 2.00e+03 1.38e-01 8.24e-01 2.08e+01 1.05e+02 1.69e+02 2.00e+03 1.09e-01 7.55e-01 1.25e+02 1.21e+02 1.43e+02 2.01e+03 8.52e+36 


-1.5513e-07 9.3208e-08 1.6381e-07 -1.7349e-07 1.2310e-07 -1.8000e-07 -4.6650e-09 1.5851e-07 1.1264e-07 -1.1327e-07 9.3152e-08 -1.7717e-07 9.9479e-07 -1.2294e-06 -9.4497e-08 1.2167e-06 -1.5118e-06 -1.4265e-06 1.3586e-07 


1.00e+00 -1.32e-01 -7.20e-01 6.21e-01 4.45e-02 3.60e-01 0.00e+00 0.00e+00 0.00e+00 0.00e+00 0.00e+00 0.00e+00 0.00e+00 0.00e+00 0.00e+00 0.00e+00 0.00e+00 0.00e+00 -4.36e-01 
-1.32e-01 1.00e+00 5.79e-01 -6.83e-01 7.05e-01 -5.98e-01 0.00e+00 0.00e+00 0.00e+00 0.00e+00 0.00e+00 0.00e+00 0.00e+00 0.00e+00 0.00e+00 0.00e+00 0.00e+00 0.00e+00 2.87e-01 
-7.20e-01 5.79e-01 1.00e+00 -9.79e-01 5.36e-01 -5.36e-01 0.00e+00 0.00e+00 0.00e+00 0.00e+00 0.00e+00 0.00e+00 0.00e+00 0.00e+00 0.00e+00 0.00e+00 0.00e+00 0.00e+00 5.06e-01 
6.21e-01 -6.83e-01 -9.79e-01 1.00e+00 -6.84e-01 6.40e-01 0.00e+00 0.00e+00 0.00e+00 0.00e+00 0.00e+00 0.00e+00 0.00e+00 0.00e+00 0.00e+00 0.00e+00 0.00e+00 0.00e+00 -5.46e-01 
4.45e-02 7.05e-01 5.36e-01 -6.84e-01 1.00e+00 -6.50e-01 0.00e+00 0.00e+00 0.00e+00 0.00e+00 0.00e+00 0.00e+00 0.00e+00 0.00e+00 0.00e+00 0.00e+00 0.00e+00 0.00e+00 4.22e-01 
3.60e-01 -5.98e-01 -5.36e-01 6.40e-01 -6.50e-01 1.00e+00 0.00e+00 0.00e+00 0.00e+00 0.00e+00 0.00e+00 0.00e+00 0.00e+00 0.00e+00 0.00e+00 0.00e+00 0.00e+00 0.00e+00 -5.20e-01 
0.00e+00 0.00e+00 0.00e+00 0.00e+00 0.00e+00 0.00e+00 1.00e+00 -3.15e-03 -6.27e-01 6.21e-01 -1.68e-01 7.71e-02 0.00e+00 0.00e+00 0.00e+00 0.00e+00 0.00e+00 0.00e+00 -9.68e-02 
0.00e+00 0.00e+00 0.00e+00 0.00e+00 0.00e+00 0.00e+00 -3.15e-03 1.00e+00 6.92e-01 -6.96e-01 3.23e-01 -8.85e-01 0.00e+00 0.00e+00 0.00e+00 0.00e+00 0.00e+00 0.00e+00 5.93e-01 
0.00e+00 0.00e+00 0.00e+00 0.00e+00 0.00e+00 0.00e+00 -6.27e-01 6.92e-01 1.00e+00 -1.00e+00 6.24e-01 -5.92e-01 0.00e+00 0.00e+00 0.00e+00 0.00e+00 0.00e+00 0.00e+00 4.62e-01 
0.00e+00 0.00e+00 0.00e+00 0.00e+00 0.00e+00 0.00e+00 6.21e-01 -6.96e-01 -1.00e+00 1.00e+00 -6.26e-01 5.93e-01 0.00e+00 0.00e+00 0.00e+00 0.00e+00 0.00e+00 0.00e+00 -4.63e-01 
0.00e+00 0.00e+00 0.00e+00 0.00e+00 0.00e+00 0.00e+00 -1.68e-01 3.23e-01 6.24e-01 -6.26e-01 1.00e+00 -3.18e-01 0.00e+00 0.00e+00 0.00e+00 0.00e+00 0.00e+00 0.00e+00 3.30e-01 
0.00e+00 0.00e+00 0.00e+00 0.00e+00 0.00e+00 0.00e+00 7.71e-02 -8.85e-01 -5.92e-01 5.93e-01 -3.18e-01 1.00e+00 0.00e+00 0.00e+00 0.00e+00 0.00e+00 0.00e+00 0.00e+00 -6.66e-01 
0.00e+00 0.00e+00 0.00e+00 0.00e+00 0.00e+00 0.00e+00 0.00e+00 0.00e+00 0.00e+00 0.00e+00 0.00e+00 0.00e+00 1.00e+00 -7.61e-01 -8.75e-01 8.58e-01 7.59e-01 4.95e-01 -1.33e-01 
0.00e+00 0.00e+00 0.00e+00 0.00e+00 0.00e+00 0.00e+00 0.00e+00 0.00e+00 0.00e+00 0.00e+00 0.00e+00 0.00e+00 -7.61e-01 1.00e+00 6.87e-01 -6.30e-01 -3.13e-01 -4.66e-01 1.26e-01 
0.00e+00 0.00e+00 0.00e+00 0.00e+00 0.00e+00 0.00e+00 0.00e+00 0.00e+00 0.00e+00 0.00e+00 0.00e+00 0.00e+00 -8.75e-01 6.87e-01 1.00e+00 -9.95e-01 -7.39e-01 -6.16e-01 1.30e-01 
0.00e+00 0.00e+00 0.00e+00 0.00e+00 0.00e+00 0.00e+00 0.00e+00 0.00e+00 0.00e+00 0.00e+00 0.00e+00 0.00e+00 8.58e-01 -6.30e-01 -9.95e-01 1.00e+00 7.65e-01 6.28e-01 -1.23e-01 
0.00e+00 0.00e+00 0.00e+00 0.00e+00 0.00e+00 0.00e+00 0.00e+00 0.00e+00 0.00e+00 0.00e+00 0.00e+00 0.00e+00 7.59e-01 -3.13e-01 -7.39e-01 7.65e-01 1.00e+00 2.43e-01 -6.81e-02 
0.00e+00 0.00e+00 0.00e+00 0.00e+00 0.00e+00 0.00e+00 0.00e+00 0.00e+00 0.00e+00 0.00e+00 0.00e+00 0.00e+00 4.95e-01 -4.66e-01 -6.16e-01 6.28e-01 2.43e-01 1.00e+00 -7.71e-02 
-4.36e-01 2.87e-01 5.06e-01 -5.46e-01 4.22e-01 -5.20e-01 -9.68e-02 5.93e-01 4.62e-01 -4.63e-01 3.30e-01 -6.66e-01 -1.33e-01 1.26e-01 1.30e-01 -1.23e-01 -6.81e-02 -7.71e-02 1.00e+00 


------------ITERATION 88 -----------------

ERROR SUM: 798.46

1.26e-01 8.83e-01 7.00e+01 2.33e+02 1.37e+02 2.00e+03 1.38e-01 8.24e-01 2.08e+01 1.05e+02 1.69e+02 2.00e+03 1.09e-01 7.55e-01 1.25e+02 1.21e+02 1.43e+02 2.01e+03 8.52e+36 


-1.2423e-07 7.4670e-08 1.3114e-07 -1.3886e-07 9.8466e-08 -1.4423e-07 -3.7074e-09 1.2669e-07 9.0051e-08 -9.0557e-08 7.4650e-08 -1.4161e-07 8.8044e-07 -1.0871e-06 -8.6395e-08 1.0758e-06 -1.3325e-06 -1.2561e-06 9.5631e-08 


1.00e+00 -1.32e-01 -7.20e-01 6.21e-01 4.45e-02 3.60e-01 0.00e+00 0.00e+00 0.00e+00 0.00e+00 0.00e+00 0.00e+00 0.00e+00 0.00e+00 0.00e+00 0.00e+00 0.00e+00 0.00e+00 -4.36e-01 
-1.32e-01 1.00e+00 5.79e-01 -6.83e-01 7.05e-01 -5.98e-01 0.00e+00 0.00e+00 0.00e+00 0.00e+00 0.00e+00 0.00e+00 0.00e+00 0.00e+00 0.00e+00 0.00e+00 0.00e+00 0.00e+00 2.87e-01 
-7.20e-01 5.79e-01 1.00e+00 -9.79e-01 5.36e-01 -5.36e-01 0.00e+00 0.00e+00 0.00e+00 0.00e+00 0.00e+00 0.00e+00 0.00e+00 0.00e+00 0.00e+00 0.00e+00 0.00e+00 0.00e+00 5.06e-01 
6.21e-01 -6.83e-01 -9.79e-01 1.00e+00 -6.84e-01 6.40e-01 0.00e+00 0.00e+00 0.00e+00 0.00e+00 0.00e+00 0.00e+00 0.00e+00 0.00e+00 0.00e+00 0.00e+00 0.00e+00 0.00e+00 -5.46e-01 
4.45e-02 7.05e-01 5.36e-01 -6.84e-01 1.00e+00 -6.50e-01 0.00e+00 0.00e+00 0.00e+00 0.00e+00 0.00e+00 0.00e+00 0.00e+00 0.00e+00 0.00e+00 0.00e+00 0.00e+00 0.00e+00 4.22e-01 
3.60e-01 -5.98e-01 -5.36e-01 6.40e-01 -6.50e-01 1.00e+00 0.00e+00 0.00e+00 0.00e+00 0.00e+00 0.00e+00 0.00e+00 0.00e+00 0.00e+00 0.00e+00 0.00e+00 0.00e+00 0.00e+00 -5.20e-01 
0.00e+00 0.00e+00 0.00e+00 0.00e+00 0.00e+00 0.00e+00 1.00e+00 -3.15e-03 -6.27e-01 6.21e-01 -1.68e-01 7.71e-02 0.00e+00 0.00e+00 0.00e+00 0.00e+00 0.00e+00 0.00e+00 -9.68e-02 
0.00e+00 0.00e+00 0.00e+00 0.00e+00 0.00e+00 0.00e+00 -3.15e-03 1.00e+00 6.92e-01 -6.96e-01 3.23e-01 -8.85e-01 0.00e+00 0.00e+00 0.00e+00 0.00e+00 0.00e+00 0.00e+00 5.93e-01 
0.00e+00 0.00e+00 0.00e+00 0.00e+00 0.00e+00 0.00e+00 -6.27e-01 6.92e-01 1.00e+00 -1.00e+00 6.24e-01 -5.92e-01 0.00e+00 0.00e+00 0.00e+00 0.00e+00 0.00e+00 0.00e+00 4.62e-01 
0.00e+00 0.00e+00 0.00e+00 0.00e+00 0.00e+00 0.00e+00 6.21e-01 -6.96e-01 -1.00e+00 1.00e+00 -6.26e-01 5.93e-01 0.00e+00 0.00e+00 0.00e+00 0.00e+00 0.00e+00 0.00e+00 -4.63e-01 
0.00e+00 0.00e+00 0.00e+00 0.00e+00 0.00e+00 0.00e+00 -1.68e-01 3.23e-01 6.24e-01 -6.26e-01 1.00e+00 -3.18e-01 0.00e+00 0.00e+00 0.00e+00 0.00e+00 0.00e+00 0.00e+00 3.30e-01 
0.00e+00 0.00e+00 0.00e+00 0.00e+00 0.00e+00 0.00e+00 7.71e-02 -8.85e-01 -5.92e-01 5.93e-01 -3.18e-01 1.00e+00 0.00e+00 0.00e+00 0.00e+00 0.00e+00 0.00e+00 0.00e+00 -6.66e-01 
0.00e+00 0.00e+00 0.00e+00 0.00e+00 0.00e+00 0.00e+00 0.00e+00 0.00e+00 0.00e+00 0.00e+00 0.00e+00 0.00e+00 1.00e+00 -7.61e-01 -8.75e-01 8.58e-01 7.59e-01 4.95e-01 -1.33e-01 
0.00e+00 0.00e+00 0.00e+00 0.00e+00 0.00e+00 0.00e+00 0.00e+00 0.00e+00 0.00e+00 0.00e+00 0.00e+00 0.00e+00 -7.61e-01 1.00e+00 6.87e-01 -6.30e-01 -3.13e-01 -4.66e-01 1.26e-01 
0.00e+00 0.00e+00 0.00e+00 0.00e+00 0.00e+00 0.00e+00 0.00e+00 0.00e+00 0.00e+00 0.00e+00 0.00e+00 0.00e+00 -8.75e-01 6.87e-01 1.00e+00 -9.95e-01 -7.39e-01 -6.16e-01 1.30e-01 
0.00e+00 0.00e+00 0.00e+00 0.00e+00 0.00e+00 0.00e+00 0.00e+00 0.00e+00 0.00e+00 0.00e+00 0.00e+00 0.00e+00 8.58e-01 -6.30e-01 -9.95e-01 1.00e+00 7.65e-01 6.28e-01 -1.23e-01 
0.00e+00 0.00e+00 0.00e+00 0.00e+00 0.00e+00 0.00e+00 0.00e+00 0.00e+00 0.00e+00 0.00e+00 0.00e+00 0.00e+00 7.59e-01 -3.13e-01 -7.39e-01 7.65e-01 1.00e+00 2.43e-01 -6.81e-02 
0.00e+00 0.00e+00 0.00e+00 0.00e+00 0.00e+00 0.00e+00 0.00e+00 0.00e+00 0.00e+00 0.00e+00 0.00e+00 0.00e+00 4.95e-01 -4.66e-01 -6.16e-01 6.28e-01 2.43e-01 1.00e+00 -7.71e-02 
-4.36e-01 2.87e-01 5.06e-01 -5.46e-01 4.22e-01 -5.20e-01 -9.68e-02 5.93e-01 4.62e-01 -4.63e-01 3.30e-01 -6.66e-01 -1.33e-01 1.26e-01 1.30e-01 -1.23e-01 -6.81e-02 -7.71e-02 1.00e+00 


------------ITERATION 89 -----------------

ERROR SUM: 798.46

1.26e-01 8.83e-01 7.00e+01 2.33e+02 1.37e+02 2.00e+03 1.38e-01 8.24e-01 2.08e+01 1.05e+02 1.69e+02 2.00e+03 1.09e-01 7.55e-01 1.25e+02 1.21e+02 1.43e+02 2.01e+03 8.52e+36 


-9.9460e-08 5.9813e-08 1.0496e-07 -1.1112e-07 7.8748e-08 -1.1556e-07 -2.9569e-09 1.0125e-07 7.1985e-08 -7.2397e-08 5.9829e-08 -1.1317e-07 7.7897e-07 -9.6100e-07 -7.8644e-08 9.5105e-07 -1.1745e-06 -1.1061e-06 6.4963e-08 


1.00e+00 -1.32e-01 -7.20e-01 6.21e-01 4.45e-02 3.60e-01 0.00e+00 0.00e+00 0.00e+00 0.00e+00 0.00e+00 0.00e+00 0.00e+00 0.00e+00 0.00e+00 0.00e+00 0.00e+00 0.00e+00 -4.36e-01 
-1.32e-01 1.00e+00 5.79e-01 -6.83e-01 7.05e-01 -5.98e-01 0.00e+00 0.00e+00 0.00e+00 0.00e+00 0.00e+00 0.00e+00 0.00e+00 0.00e+00 0.00e+00 0.00e+00 0.00e+00 0.00e+00 2.87e-01 
-7.20e-01 5.79e-01 1.00e+00 -9.79e-01 5.36e-01 -5.36e-01 0.00e+00 0.00e+00 0.00e+00 0.00e+00 0.00e+00 0.00e+00 0.00e+00 0.00e+00 0.00e+00 0.00e+00 0.00e+00 0.00e+00 5.06e-01 
6.21e-01 -6.83e-01 -9.79e-01 1.00e+00 -6.84e-01 6.40e-01 0.00e+00 0.00e+00 0.00e+00 0.00e+00 0.00e+00 0.00e+00 0.00e+00 0.00e+00 0.00e+00 0.00e+00 0.00e+00 0.00e+00 -5.46e-01 
4.45e-02 7.05e-01 5.36e-01 -6.84e-01 1.00e+00 -6.50e-01 0.00e+00 0.00e+00 0.00e+00 0.00e+00 0.00e+00 0.00e+00 0.00e+00 0.00e+00 0.00e+00 0.00e+00 0.00e+00 0.00e+00 4.22e-01 
3.60e-01 -5.98e-01 -5.36e-01 6.40e-01 -6.50e-01 1.00e+00 0.00e+00 0.00e+00 0.00e+00 0.00e+00 0.00e+00 0.00e+00 0.00e+00 0.00e+00 0.00e+00 0.00e+00 0.00e+00 0.00e+00 -5.20e-01 
0.00e+00 0.00e+00 0.00e+00 0.00e+00 0.00e+00 0.00e+00 1.00e+00 -3.15e-03 -6.27e-01 6.21e-01 -1.68e-01 7.71e-02 0.00e+00 0.00e+00 0.00e+00 0.00e+00 0.00e+00 0.00e+00 -9.68e-02 
0.00e+00 0.00e+00 0.00e+00 0.00e+00 0.00e+00 0.00e+00 -3.15e-03 1.00e+00 6.92e-01 -6.96e-01 3.23e-01 -8.85e-01 0.00e+00 0.00e+00 0.00e+00 0.00e+00 0.00e+00 0.00e+00 5.93e-01 
0.00e+00 0.00e+00 0.00e+00 0.00e+00 0.00e+00 0.00e+00 -6.27e-01 6.92e-01 1.00e+00 -1.00e+00 6.24e-01 -5.92e-01 0.00e+00 0.00e+00 0.00e+00 0.00e+00 0.00e+00 0.00e+00 4.62e-01 
0.00e+00 0.00e+00 0.00e+00 0.00e+00 0.00e+00 0.00e+00 6.21e-01 -6.96e-01 -1.00e+00 1.00e+00 -6.26e-01 5.93e-01 0.00e+00 0.00e+00 0.00e+00 0.00e+00 0.00e+00 0.00e+00 -4.63e-01 
0.00e+00 0.00e+00 0.00e+00 0.00e+00 0.00e+00 0.00e+00 -1.68e-01 3.23e-01 6.24e-01 -6.26e-01 1.00e+00 -3.18e-01 0.00e+00 0.00e+00 0.00e+00 0.00e+00 0.00e+00 0.00e+00 3.30e-01 
0.00e+00 0.00e+00 0.00e+00 0.00e+00 0.00e+00 0.00e+00 7.71e-02 -8.85e-01 -5.92e-01 5.93e-01 -3.18e-01 1.00e+00 0.00e+00 0.00e+00 0.00e+00 0.00e+00 0.00e+00 0.00e+00 -6.66e-01 
0.00e+00 0.00e+00 0.00e+00 0.00e+00 0.00e+00 0.00e+00 0.00e+00 0.00e+00 0.00e+00 0.00e+00 0.00e+00 0.00e+00 1.00e+00 -7.61e-01 -8.75e-01 8.58e-01 7.59e-01 4.95e-01 -1.33e-01 
0.00e+00 0.00e+00 0.00e+00 0.00e+00 0.00e+00 0.00e+00 0.00e+00 0.00e+00 0.00e+00 0.00e+00 0.00e+00 0.00e+00 -7.61e-01 1.00e+00 6.87e-01 -6.30e-01 -3.13e-01 -4.66e-01 1.26e-01 
0.00e+00 0.00e+00 0.00e+00 0.00e+00 0.00e+00 0.00e+00 0.00e+00 0.00e+00 0.00e+00 0.00e+00 0.00e+00 0.00e+00 -8.75e-01 6.87e-01 1.00e+00 -9.95e-01 -7.39e-01 -6.16e-01 1.30e-01 
0.00e+00 0.00e+00 0.00e+00 0.00e+00 0.00e+00 0.00e+00 0.00e+00 0.00e+00 0.00e+00 0.00e+00 0.00e+00 0.00e+00 8.58e-01 -6.30e-01 -9.95e-01 1.00e+00 7.65e-01 6.28e-01 -1.23e-01 
0.00e+00 0.00e+00 0.00e+00 0.00e+00 0.00e+00 0.00e+00 0.00e+00 0.00e+00 0.00e+00 0.00e+00 0.00e+00 0.00e+00 7.59e-01 -3.13e-01 -7.39e-01 7.65e-01 1.00e+00 2.43e-01 -6.81e-02 
0.00e+00 0.00e+00 0.00e+00 0.00e+00 0.00e+00 0.00e+00 0.00e+00 0.00e+00 0.00e+00 0.00e+00 0.00e+00 0.00e+00 4.95e-01 -4.66e-01 -6.16e-01 6.28e-01 2.43e-01 1.00e+00 -7.71e-02 
-4.36e-01 2.87e-01 5.06e-01 -5.46e-01 4.22e-01 -5.20e-01 -9.68e-02 5.93e-01 4.62e-01 -4.63e-01 3.30e-01 -6.66e-01 -1.33e-01 1.26e-01 1.30e-01 -1.23e-01 -6.81e-02 -7.71e-02 1.00e+00 


------------ITERATION 90 -----------------

ERROR SUM: 798.46

1.26e-01 8.83e-01 7.00e+01 2.33e+02 1.37e+02 2.00e+03 1.38e-01 8.24e-01 2.08e+01 1.05e+02 1.69e+02 2.00e+03 1.09e-01 7.55e-01 1.25e+02 1.21e+02 1.43e+02 2.01e+03 8.52e+36 


-7.9628e-08 4.7918e-08 8.4016e-08 -8.8921e-08 6.2977e-08 -9.2589e-08 -2.3595e-09 8.0909e-08 5.7543e-08 -5.7878e-08 4.7959e-08 -9.0442e-08 6.8898e-07 -8.4932e-07 -7.1320e-08 8.4056e-07 -1.0353e-06 -9.7422e-07 4.1789e-08 


1.00e+00 -1.32e-01 -7.20e-01 6.21e-01 4.45e-02 3.60e-01 0.00e+00 0.00e+00 0.00e+00 0.00e+00 0.00e+00 0.00e+00 0.00e+00 0.00e+00 0.00e+00 0.00e+00 0.00e+00 0.00e+00 -4.36e-01 
-1.32e-01 1.00e+00 5.79e-01 -6.83e-01 7.05e-01 -5.98e-01 0.00e+00 0.00e+00 0.00e+00 0.00e+00 0.00e+00 0.00e+00 0.00e+00 0.00e+00 0.00e+00 0.00e+00 0.00e+00 0.00e+00 2.87e-01 
-7.20e-01 5.79e-01 1.00e+00 -9.79e-01 5.36e-01 -5.36e-01 0.00e+00 0.00e+00 0.00e+00 0.00e+00 0.00e+00 0.00e+00 0.00e+00 0.00e+00 0.00e+00 0.00e+00 0.00e+00 0.00e+00 5.06e-01 
6.21e-01 -6.83e-01 -9.79e-01 1.00e+00 -6.84e-01 6.40e-01 0.00e+00 0.00e+00 0.00e+00 0.00e+00 0.00e+00 0.00e+00 0.00e+00 0.00e+00 0.00e+00 0.00e+00 0.00e+00 0.00e+00 -5.46e-01 
4.45e-02 7.05e-01 5.36e-01 -6.84e-01 1.00e+00 -6.50e-01 0.00e+00 0.00e+00 0.00e+00 0.00e+00 0.00e+00 0.00e+00 0.00e+00 0.00e+00 0.00e+00 0.00e+00 0.00e+00 0.00e+00 4.22e-01 
3.60e-01 -5.98e-01 -5.36e-01 6.40e-01 -6.50e-01 1.00e+00 0.00e+00 0.00e+00 0.00e+00 0.00e+00 0.00e+00 0.00e+00 0.00e+00 0.00e+00 0.00e+00 0.00e+00 0.00e+00 0.00e+00 -5.20e-01 
0.00e+00 0.00e+00 0.00e+00 0.00e+00 0.00e+00 0.00e+00 1.00e+00 -3.15e-03 -6.27e-01 6.21e-01 -1.68e-01 7.71e-02 0.00e+00 0.00e+00 0.00e+00 0.00e+00 0.00e+00 0.00e+00 -9.68e-02 
0.00e+00 0.00e+00 0.00e+00 0.00e+00 0.00e+00 0.00e+00 -3.15e-03 1.00e+00 6.92e-01 -6.96e-01 3.23e-01 -8.85e-01 0.00e+00 0.00e+00 0.00e+00 0.00e+00 0.00e+00 0.00e+00 5.93e-01 
0.00e+00 0.00e+00 0.00e+00 0.00e+00 0.00e+00 0.00e+00 -6.27e-01 6.92e-01 1.00e+00 -1.00e+00 6.24e-01 -5.92e-01 0.00e+00 0.00e+00 0.00e+00 0.00e+00 0.00e+00 0.00e+00 4.62e-01 
0.00e+00 0.00e+00 0.00e+00 0.00e+00 0.00e+00 0.00e+00 6.21e-01 -6.96e-01 -1.00e+00 1.00e+00 -6.26e-01 5.93e-01 0.00e+00 0.00e+00 0.00e+00 0.00e+00 0.00e+00 0.00e+00 -4.63e-01 
0.00e+00 0.00e+00 0.00e+00 0.00e+00 0.00e+00 0.00e+00 -1.68e-01 3.23e-01 6.24e-01 -6.26e-01 1.00e+00 -3.18e-01 0.00e+00 0.00e+00 0.00e+00 0.00e+00 0.00e+00 0.00e+00 3.30e-01 
0.00e+00 0.00e+00 0.00e+00 0.00e+00 0.00e+00 0.00e+00 7.71e-02 -8.85e-01 -5.92e-01 5.93e-01 -3.18e-01 1.00e+00 0.00e+00 0.00e+00 0.00e+00 0.00e+00 0.00e+00 0.00e+00 -6.66e-01 
0.00e+00 0.00e+00 0.00e+00 0.00e+00 0.00e+00 0.00e+00 0.00e+00 0.00e+00 0.00e+00 0.00e+00 0.00e+00 0.00e+00 1.00e+00 -7.61e-01 -8.75e-01 8.58e-01 7.59e-01 4.95e-01 -1.33e-01 
0.00e+00 0.00e+00 0.00e+00 0.00e+00 0.00e+00 0.00e+00 0.00e+00 0.00e+00 0.00e+00 0.00e+00 0.00e+00 0.00e+00 -7.61e-01 1.00e+00 6.87e-01 -6.30e-01 -3.13e-01 -4.66e-01 1.26e-01 
0.00e+00 0.00e+00 0.00e+00 0.00e+00 0.00e+00 0.00e+00 0.00e+00 0.00e+00 0.00e+00 0.00e+00 0.00e+00 0.00e+00 -8.75e-01 6.87e-01 1.00e+00 -9.95e-01 -7.39e-01 -6.16e-01 1.30e-01 
0.00e+00 0.00e+00 0.00e+00 0.00e+00 0.00e+00 0.00e+00 0.00e+00 0.00e+00 0.00e+00 0.00e+00 0.00e+00 0.00e+00 8.58e-01 -6.30e-01 -9.95e-01 1.00e+00 7.65e-01 6.28e-01 -1.23e-01 
0.00e+00 0.00e+00 0.00e+00 0.00e+00 0.00e+00 0.00e+00 0.00e+00 0.00e+00 0.00e+00 0.00e+00 0.00e+00 0.00e+00 7.59e-01 -3.13e-01 -7.39e-01 7.65e-01 1.00e+00 2.43e-01 -6.81e-02 
0.00e+00 0.00e+00 0.00e+00 0.00e+00 0.00e+00 0.00e+00 0.00e+00 0.00e+00 0.00e+00 0.00e+00 0.00e+00 0.00e+00 4.95e-01 -4.66e-01 -6.16e-01 6.28e-01 2.43e-01 1.00e+00 -7.71e-02 
-4.36e-01 2.87e-01 5.06e-01 -5.46e-01 4.22e-01 -5.20e-01 -9.68e-02 5.93e-01 4.62e-01 -4.63e-01 3.30e-01 -6.66e-01 -1.33e-01 1.26e-01 1.30e-01 -1.23e-01 -6.81e-02 -7.71e-02 1.00e+00 


------------ITERATION 91 -----------------

ERROR SUM: 798.46

1.26e-01 8.83e-01 7.00e+01 2.33e+02 1.37e+02 2.00e+03 1.38e-01 8.24e-01 2.08e+01 1.05e+02 1.69e+02 2.00e+03 1.09e-01 7.55e-01 1.25e+02 1.21e+02 1.43e+02 2.01e+03 8.52e+36 


-6.3770e-08 3.8403e-08 6.7265e-08 -7.1174e-08 5.0371e-08 -7.4216e-08 -1.8717e-09 6.4648e-08 4.5988e-08 -4.6262e-08 3.8451e-08 -7.2263e-08 6.0922e-07 -7.5047e-07 -6.4474e-08 7.4275e-07 -9.1264e-07 -8.5814e-07 2.4459e-08 


1.00e+00 -1.32e-01 -7.20e-01 6.21e-01 4.45e-02 3.60e-01 0.00e+00 0.00e+00 0.00e+00 0.00e+00 0.00e+00 0.00e+00 0.00e+00 0.00e+00 0.00e+00 0.00e+00 0.00e+00 0.00e+00 -4.36e-01 
-1.32e-01 1.00e+00 5.79e-01 -6.83e-01 7.05e-01 -5.98e-01 0.00e+00 0.00e+00 0.00e+00 0.00e+00 0.00e+00 0.00e+00 0.00e+00 0.00e+00 0.00e+00 0.00e+00 0.00e+00 0.00e+00 2.87e-01 
-7.20e-01 5.79e-01 1.00e+00 -9.79e-01 5.36e-01 -5.36e-01 0.00e+00 0.00e+00 0.00e+00 0.00e+00 0.00e+00 0.00e+00 0.00e+00 0.00e+00 0.00e+00 0.00e+00 0.00e+00 0.00e+00 5.06e-01 
6.21e-01 -6.83e-01 -9.79e-01 1.00e+00 -6.84e-01 6.40e-01 0.00e+00 0.00e+00 0.00e+00 0.00e+00 0.00e+00 0.00e+00 0.00e+00 0.00e+00 0.00e+00 0.00e+00 0.00e+00 0.00e+00 -5.46e-01 
4.45e-02 7.05e-01 5.36e-01 -6.84e-01 1.00e+00 -6.50e-01 0.00e+00 0.00e+00 0.00e+00 0.00e+00 0.00e+00 0.00e+00 0.00e+00 0.00e+00 0.00e+00 0.00e+00 0.00e+00 0.00e+00 4.22e-01 
3.60e-01 -5.98e-01 -5.36e-01 6.40e-01 -6.50e-01 1.00e+00 0.00e+00 0.00e+00 0.00e+00 0.00e+00 0.00e+00 0.00e+00 0.00e+00 0.00e+00 0.00e+00 0.00e+00 0.00e+00 0.00e+00 -5.20e-01 
0.00e+00 0.00e+00 0.00e+00 0.00e+00 0.00e+00 0.00e+00 1.00e+00 -3.15e-03 -6.27e-01 6.21e-01 -1.68e-01 7.71e-02 0.00e+00 0.00e+00 0.00e+00 0.00e+00 0.00e+00 0.00e+00 -9.68e-02 
0.00e+00 0.00e+00 0.00e+00 0.00e+00 0.00e+00 0.00e+00 -3.15e-03 1.00e+00 6.92e-01 -6.96e-01 3.23e-01 -8.85e-01 0.00e+00 0.00e+00 0.00e+00 0.00e+00 0.00e+00 0.00e+00 5.93e-01 
0.00e+00 0.00e+00 0.00e+00 0.00e+00 0.00e+00 0.00e+00 -6.27e-01 6.92e-01 1.00e+00 -1.00e+00 6.24e-01 -5.92e-01 0.00e+00 0.00e+00 0.00e+00 0.00e+00 0.00e+00 0.00e+00 4.62e-01 
0.00e+00 0.00e+00 0.00e+00 0.00e+00 0.00e+00 0.00e+00 6.21e-01 -6.96e-01 -1.00e+00 1.00e+00 -6.26e-01 5.93e-01 0.00e+00 0.00e+00 0.00e+00 0.00e+00 0.00e+00 0.00e+00 -4.63e-01 
0.00e+00 0.00e+00 0.00e+00 0.00e+00 0.00e+00 0.00e+00 -1.68e-01 3.23e-01 6.24e-01 -6.26e-01 1.00e+00 -3.18e-01 0.00e+00 0.00e+00 0.00e+00 0.00e+00 0.00e+00 0.00e+00 3.30e-01 
0.00e+00 0.00e+00 0.00e+00 0.00e+00 0.00e+00 0.00e+00 7.71e-02 -8.85e-01 -5.92e-01 5.93e-01 -3.18e-01 1.00e+00 0.00e+00 0.00e+00 0.00e+00 0.00e+00 0.00e+00 0.00e+00 -6.66e-01 
0.00e+00 0.00e+00 0.00e+00 0.00e+00 0.00e+00 0.00e+00 0.00e+00 0.00e+00 0.00e+00 0.00e+00 0.00e+00 0.00e+00 1.00e+00 -7.61e-01 -8.75e-01 8.58e-01 7.59e-01 4.95e-01 -1.33e-01 
0.00e+00 0.00e+00 0.00e+00 0.00e+00 0.00e+00 0.00e+00 0.00e+00 0.00e+00 0.00e+00 0.00e+00 0.00e+00 0.00e+00 -7.61e-01 1.00e+00 6.87e-01 -6.30e-01 -3.13e-01 -4.66e-01 1.26e-01 
0.00e+00 0.00e+00 0.00e+00 0.00e+00 0.00e+00 0.00e+00 0.00e+00 0.00e+00 0.00e+00 0.00e+00 0.00e+00 0.00e+00 -8.75e-01 6.87e-01 1.00e+00 -9.95e-01 -7.39e-01 -6.16e-01 1.30e-01 
0.00e+00 0.00e+00 0.00e+00 0.00e+00 0.00e+00 0.00e+00 0.00e+00 0.00e+00 0.00e+00 0.00e+00 0.00e+00 0.00e+00 8.58e-01 -6.30e-01 -9.95e-01 1.00e+00 7.65e-01 6.28e-01 -1.23e-01 
0.00e+00 0.00e+00 0.00e+00 0.00e+00 0.00e+00 0.00e+00 0.00e+00 0.00e+00 0.00e+00 0.00e+00 0.00e+00 0.00e+00 7.59e-01 -3.13e-01 -7.39e-01 7.65e-01 1.00e+00 2.43e-01 -6.81e-02 
0.00e+00 0.00e+00 0.00e+00 0.00e+00 0.00e+00 0.00e+00 0.00e+00 0.00e+00 0.00e+00 0.00e+00 0.00e+00 0.00e+00 4.95e-01 -4.66e-01 -6.16e-01 6.28e-01 2.43e-01 1.00e+00 -7.71e-02 
-4.36e-01 2.87e-01 5.06e-01 -5.46e-01 4.22e-01 -5.20e-01 -9.68e-02 5.93e-01 4.62e-01 -4.63e-01 3.30e-01 -6.66e-01 -1.33e-01 1.26e-01 1.30e-01 -1.23e-01 -6.81e-02 -7.71e-02 1.00e+00 


------------ITERATION 92 -----------------

ERROR SUM: 798.46

1.26e-01 8.83e-01 7.00e+01 2.33e+02 1.37e+02 2.00e+03 1.38e-01 8.24e-01 2.08e+01 1.05e+02 1.69e+02 2.00e+03 1.09e-01 7.55e-01 1.25e+02 1.21e+02 1.43e+02 2.01e+03 8.52e+36 


-5.1049e-08 3.0786e-08 5.3846e-08 -5.6964e-08 4.0298e-08 -5.9495e-08 -1.4792e-09 5.1675e-08 3.6765e-08 -3.6989e-08 3.0844e-08 -5.7761e-08 5.3856e-07 -6.6300e-07 -5.8117e-08 6.5620e-07 -8.0456e-07 -7.5598e-07 1.1665e-08 


1.00e+00 -1.32e-01 -7.20e-01 6.21e-01 4.45e-02 3.60e-01 0.00e+00 0.00e+00 0.00e+00 0.00e+00 0.00e+00 0.00e+00 0.00e+00 0.00e+00 0.00e+00 0.00e+00 0.00e+00 0.00e+00 -4.36e-01 
-1.32e-01 1.00e+00 5.79e-01 -6.83e-01 7.05e-01 -5.98e-01 0.00e+00 0.00e+00 0.00e+00 0.00e+00 0.00e+00 0.00e+00 0.00e+00 0.00e+00 0.00e+00 0.00e+00 0.00e+00 0.00e+00 2.87e-01 
-7.20e-01 5.79e-01 1.00e+00 -9.79e-01 5.36e-01 -5.36e-01 0.00e+00 0.00e+00 0.00e+00 0.00e+00 0.00e+00 0.00e+00 0.00e+00 0.00e+00 0.00e+00 0.00e+00 0.00e+00 0.00e+00 5.06e-01 
6.21e-01 -6.83e-01 -9.79e-01 1.00e+00 -6.84e-01 6.40e-01 0.00e+00 0.00e+00 0.00e+00 0.00e+00 0.00e+00 0.00e+00 0.00e+00 0.00e+00 0.00e+00 0.00e+00 0.00e+00 0.00e+00 -5.46e-01 
4.45e-02 7.05e-01 5.36e-01 -6.84e-01 1.00e+00 -6.50e-01 0.00e+00 0.00e+00 0.00e+00 0.00e+00 0.00e+00 0.00e+00 0.00e+00 0.00e+00 0.00e+00 0.00e+00 0.00e+00 0.00e+00 4.22e-01 
3.60e-01 -5.98e-01 -5.36e-01 6.40e-01 -6.50e-01 1.00e+00 0.00e+00 0.00e+00 0.00e+00 0.00e+00 0.00e+00 0.00e+00 0.00e+00 0.00e+00 0.00e+00 0.00e+00 0.00e+00 0.00e+00 -5.20e-01 
0.00e+00 0.00e+00 0.00e+00 0.00e+00 0.00e+00 0.00e+00 1.00e+00 -3.15e-03 -6.27e-01 6.21e-01 -1.68e-01 7.71e-02 0.00e+00 0.00e+00 0.00e+00 0.00e+00 0.00e+00 0.00e+00 -9.68e-02 
0.00e+00 0.00e+00 0.00e+00 0.00e+00 0.00e+00 0.00e+00 -3.15e-03 1.00e+00 6.92e-01 -6.96e-01 3.23e-01 -8.85e-01 0.00e+00 0.00e+00 0.00e+00 0.00e+00 0.00e+00 0.00e+00 5.93e-01 
0.00e+00 0.00e+00 0.00e+00 0.00e+00 0.00e+00 0.00e+00 -6.27e-01 6.92e-01 1.00e+00 -1.00e+00 6.24e-01 -5.92e-01 0.00e+00 0.00e+00 0.00e+00 0.00e+00 0.00e+00 0.00e+00 4.62e-01 
0.00e+00 0.00e+00 0.00e+00 0.00e+00 0.00e+00 0.00e+00 6.21e-01 -6.96e-01 -1.00e+00 1.00e+00 -6.26e-01 5.93e-01 0.00e+00 0.00e+00 0.00e+00 0.00e+00 0.00e+00 0.00e+00 -4.63e-01 
0.00e+00 0.00e+00 0.00e+00 0.00e+00 0.00e+00 0.00e+00 -1.68e-01 3.23e-01 6.24e-01 -6.26e-01 1.00e+00 -3.18e-01 0.00e+00 0.00e+00 0.00e+00 0.00e+00 0.00e+00 0.00e+00 3.30e-01 
0.00e+00 0.00e+00 0.00e+00 0.00e+00 0.00e+00 0.00e+00 7.71e-02 -8.85e-01 -5.92e-01 5.93e-01 -3.18e-01 1.00e+00 0.00e+00 0.00e+00 0.00e+00 0.00e+00 0.00e+00 0.00e+00 -6.66e-01 
0.00e+00 0.00e+00 0.00e+00 0.00e+00 0.00e+00 0.00e+00 0.00e+00 0.00e+00 0.00e+00 0.00e+00 0.00e+00 0.00e+00 1.00e+00 -7.61e-01 -8.75e-01 8.58e-01 7.59e-01 4.95e-01 -1.33e-01 
0.00e+00 0.00e+00 0.00e+00 0.00e+00 0.00e+00 0.00e+00 0.00e+00 0.00e+00 0.00e+00 0.00e+00 0.00e+00 0.00e+00 -7.61e-01 1.00e+00 6.87e-01 -6.30e-01 -3.13e-01 -4.66e-01 1.26e-01 
0.00e+00 0.00e+00 0.00e+00 0.00e+00 0.00e+00 0.00e+00 0.00e+00 0.00e+00 0.00e+00 0.00e+00 0.00e+00 0.00e+00 -8.75e-01 6.87e-01 1.00e+00 -9.95e-01 -7.39e-01 -6.16e-01 1.30e-01 
0.00e+00 0.00e+00 0.00e+00 0.00e+00 0.00e+00 0.00e+00 0.00e+00 0.00e+00 0.00e+00 0.00e+00 0.00e+00 0.00e+00 8.58e-01 -6.30e-01 -9.95e-01 1.00e+00 7.65e-01 6.28e-01 -1.23e-01 
0.00e+00 0.00e+00 0.00e+00 0.00e+00 0.00e+00 0.00e+00 0.00e+00 0.00e+00 0.00e+00 0.00e+00 0.00e+00 0.00e+00 7.59e-01 -3.13e-01 -7.39e-01 7.65e-01 1.00e+00 2.43e-01 -6.81e-02 
0.00e+00 0.00e+00 0.00e+00 0.00e+00 0.00e+00 0.00e+00 0.00e+00 0.00e+00 0.00e+00 0.00e+00 0.00e+00 0.00e+00 4.95e-01 -4.66e-01 -6.16e-01 6.28e-01 2.43e-01 1.00e+00 -7.71e-02 
-4.36e-01 2.87e-01 5.06e-01 -5.46e-01 4.22e-01 -5.20e-01 -9.68e-02 5.93e-01 4.62e-01 -4.63e-01 3.30e-01 -6.66e-01 -1.33e-01 1.26e-01 1.30e-01 -1.23e-01 -6.81e-02 -7.71e-02 1.00e+00 


------------ITERATION 93 -----------------

ERROR SUM: 798.46

1.26e-01 8.83e-01 7.00e+01 2.33e+02 1.37e+02 2.00e+03 1.38e-01 8.24e-01 2.08e+01 1.05e+02 1.69e+02 2.00e+03 1.09e-01 7.55e-01 1.25e+02 1.21e+02 1.43e+02 2.01e+03 8.52e+36 


-4.0901e-08 2.4672e-08 4.3117e-08 -4.5597e-08 3.2217e-08 -4.7699e-08 -1.1917e-09 4.1262e-08 2.9376e-08 -2.9559e-08 2.4732e-08 -4.6126e-08 4.7599e-07 -5.8563e-07 -5.2265e-08 5.7965e-07 -7.0930e-07 -6.6603e-07 2.3418e-09 


1.00e+00 -1.32e-01 -7.20e-01 6.21e-01 4.45e-02 3.60e-01 0.00e+00 0.00e+00 0.00e+00 0.00e+00 0.00e+00 0.00e+00 0.00e+00 0.00e+00 0.00e+00 0.00e+00 0.00e+00 0.00e+00 -4.36e-01 
-1.32e-01 1.00e+00 5.79e-01 -6.83e-01 7.05e-01 -5.98e-01 0.00e+00 0.00e+00 0.00e+00 0.00e+00 0.00e+00 0.00e+00 0.00e+00 0.00e+00 0.00e+00 0.00e+00 0.00e+00 0.00e+00 2.87e-01 
-7.20e-01 5.79e-01 1.00e+00 -9.79e-01 5.36e-01 -5.36e-01 0.00e+00 0.00e+00 0.00e+00 0.00e+00 0.00e+00 0.00e+00 0.00e+00 0.00e+00 0.00e+00 0.00e+00 0.00e+00 0.00e+00 5.06e-01 
6.21e-01 -6.83e-01 -9.79e-01 1.00e+00 -6.84e-01 6.40e-01 0.00e+00 0.00e+00 0.00e+00 0.00e+00 0.00e+00 0.00e+00 0.00e+00 0.00e+00 0.00e+00 0.00e+00 0.00e+00 0.00e+00 -5.46e-01 
4.45e-02 7.05e-01 5.36e-01 -6.84e-01 1.00e+00 -6.50e-01 0.00e+00 0.00e+00 0.00e+00 0.00e+00 0.00e+00 0.00e+00 0.00e+00 0.00e+00 0.00e+00 0.00e+00 0.00e+00 0.00e+00 4.22e-01 
3.60e-01 -5.98e-01 -5.36e-01 6.40e-01 -6.50e-01 1.00e+00 0.00e+00 0.00e+00 0.00e+00 0.00e+00 0.00e+00 0.00e+00 0.00e+00 0.00e+00 0.00e+00 0.00e+00 0.00e+00 0.00e+00 -5.20e-01 
0.00e+00 0.00e+00 0.00e+00 0.00e+00 0.00e+00 0.00e+00 1.00e+00 -3.15e-03 -6.27e-01 6.21e-01 -1.68e-01 7.71e-02 0.00e+00 0.00e+00 0.00e+00 0.00e+00 0.00e+00 0.00e+00 -9.68e-02 
0.00e+00 0.00e+00 0.00e+00 0.00e+00 0.00e+00 0.00e+00 -3.15e-03 1.00e+00 6.92e-01 -6.96e-01 3.23e-01 -8.85e-01 0.00e+00 0.00e+00 0.00e+00 0.00e+00 0.00e+00 0.00e+00 5.93e-01 
0.00e+00 0.00e+00 0.00e+00 0.00e+00 0.00e+00 0.00e+00 -6.27e-01 6.92e-01 1.00e+00 -1.00e+00 6.24e-01 -5.92e-01 0.00e+00 0.00e+00 0.00e+00 0.00e+00 0.00e+00 0.00e+00 4.62e-01 
0.00e+00 0.00e+00 0.00e+00 0.00e+00 0.00e+00 0.00e+00 6.21e-01 -6.96e-01 -1.00e+00 1.00e+00 -6.26e-01 5.93e-01 0.00e+00 0.00e+00 0.00e+00 0.00e+00 0.00e+00 0.00e+00 -4.63e-01 
0.00e+00 0.00e+00 0.00e+00 0.00e+00 0.00e+00 0.00e+00 -1.68e-01 3.23e-01 6.24e-01 -6.26e-01 1.00e+00 -3.18e-01 0.00e+00 0.00e+00 0.00e+00 0.00e+00 0.00e+00 0.00e+00 3.30e-01 
0.00e+00 0.00e+00 0.00e+00 0.00e+00 0.00e+00 0.00e+00 7.71e-02 -8.85e-01 -5.92e-01 5.93e-01 -3.18e-01 1.00e+00 0.00e+00 0.00e+00 0.00e+00 0.00e+00 0.00e+00 0.00e+00 -6.66e-01 
0.00e+00 0.00e+00 0.00e+00 0.00e+00 0.00e+00 0.00e+00 0.00e+00 0.00e+00 0.00e+00 0.00e+00 0.00e+00 0.00e+00 1.00e+00 -7.61e-01 -8.75e-01 8.58e-01 7.59e-01 4.95e-01 -1.33e-01 
0.00e+00 0.00e+00 0.00e+00 0.00e+00 0.00e+00 0.00e+00 0.00e+00 0.00e+00 0.00e+00 0.00e+00 0.00e+00 0.00e+00 -7.61e-01 1.00e+00 6.87e-01 -6.30e-01 -3.13e-01 -4.66e-01 1.26e-01 
0.00e+00 0.00e+00 0.00e+00 0.00e+00 0.00e+00 0.00e+00 0.00e+00 0.00e+00 0.00e+00 0.00e+00 0.00e+00 0.00e+00 -8.75e-01 6.87e-01 1.00e+00 -9.95e-01 -7.39e-01 -6.16e-01 1.30e-01 
0.00e+00 0.00e+00 0.00e+00 0.00e+00 0.00e+00 0.00e+00 0.00e+00 0.00e+00 0.00e+00 0.00e+00 0.00e+00 0.00e+00 8.58e-01 -6.30e-01 -9.95e-01 1.00e+00 7.65e-01 6.28e-01 -1.23e-01 
0.00e+00 0.00e+00 0.00e+00 0.00e+00 0.00e+00 0.00e+00 0.00e+00 0.00e+00 0.00e+00 0.00e+00 0.00e+00 0.00e+00 7.59e-01 -3.13e-01 -7.39e-01 7.65e-01 1.00e+00 2.43e-01 -6.81e-02 
0.00e+00 0.00e+00 0.00e+00 0.00e+00 0.00e+00 0.00e+00 0.00e+00 0.00e+00 0.00e+00 0.00e+00 0.00e+00 0.00e+00 4.95e-01 -4.66e-01 -6.16e-01 6.28e-01 2.43e-01 1.00e+00 -7.71e-02 
-4.36e-01 2.87e-01 5.06e-01 -5.46e-01 4.22e-01 -5.20e-01 -9.68e-02 5.93e-01 4.62e-01 -4.63e-01 3.30e-01 -6.66e-01 -1.33e-01 1.26e-01 1.30e-01 -1.23e-01 -6.81e-02 -7.71e-02 1.00e+00 


------------ITERATION 94 -----------------

ERROR SUM: 798.46

1.26e-01 8.83e-01 7.00e+01 2.33e+02 1.37e+02 2.00e+03 1.38e-01 8.24e-01 2.08e+01 1.05e+02 1.69e+02 2.00e+03 1.09e-01 7.55e-01 1.25e+02 1.21e+02 1.43e+02 2.01e+03 8.52e+36 


-3.2747e-08 1.9779e-08 3.4516e-08 -3.6491e-08 2.5764e-08 -3.8241e-08 -9.3738e-10 3.2956e-08 2.3466e-08 -2.3617e-08 1.9841e-08 -3.6838e-08 4.2060e-07 -5.1720e-07 -4.6905e-08 5.1195e-07 -6.2533e-07 -5.8685e-07 -4.2957e-09 


1.00e+00 -1.32e-01 -7.20e-01 6.21e-01 4.45e-02 3.60e-01 0.00e+00 0.00e+00 0.00e+00 0.00e+00 0.00e+00 0.00e+00 0.00e+00 0.00e+00 0.00e+00 0.00e+00 0.00e+00 0.00e+00 -4.36e-01 
-1.32e-01 1.00e+00 5.79e-01 -6.83e-01 7.05e-01 -5.98e-01 0.00e+00 0.00e+00 0.00e+00 0.00e+00 0.00e+00 0.00e+00 0.00e+00 0.00e+00 0.00e+00 0.00e+00 0.00e+00 0.00e+00 2.87e-01 
-7.20e-01 5.79e-01 1.00e+00 -9.79e-01 5.36e-01 -5.36e-01 0.00e+00 0.00e+00 0.00e+00 0.00e+00 0.00e+00 0.00e+00 0.00e+00 0.00e+00 0.00e+00 0.00e+00 0.00e+00 0.00e+00 5.06e-01 
6.21e-01 -6.83e-01 -9.79e-01 1.00e+00 -6.84e-01 6.40e-01 0.00e+00 0.00e+00 0.00e+00 0.00e+00 0.00e+00 0.00e+00 0.00e+00 0.00e+00 0.00e+00 0.00e+00 0.00e+00 0.00e+00 -5.46e-01 
4.45e-02 7.05e-01 5.36e-01 -6.84e-01 1.00e+00 -6.50e-01 0.00e+00 0.00e+00 0.00e+00 0.00e+00 0.00e+00 0.00e+00 0.00e+00 0.00e+00 0.00e+00 0.00e+00 0.00e+00 0.00e+00 4.22e-01 
3.60e-01 -5.98e-01 -5.36e-01 6.40e-01 -6.50e-01 1.00e+00 0.00e+00 0.00e+00 0.00e+00 0.00e+00 0.00e+00 0.00e+00 0.00e+00 0.00e+00 0.00e+00 0.00e+00 0.00e+00 0.00e+00 -5.20e-01 
0.00e+00 0.00e+00 0.00e+00 0.00e+00 0.00e+00 0.00e+00 1.00e+00 -3.15e-03 -6.27e-01 6.21e-01 -1.68e-01 7.71e-02 0.00e+00 0.00e+00 0.00e+00 0.00e+00 0.00e+00 0.00e+00 -9.68e-02 
0.00e+00 0.00e+00 0.00e+00 0.00e+00 0.00e+00 0.00e+00 -3.15e-03 1.00e+00 6.92e-01 -6.96e-01 3.23e-01 -8.85e-01 0.00e+00 0.00e+00 0.00e+00 0.00e+00 0.00e+00 0.00e+00 5.93e-01 
0.00e+00 0.00e+00 0.00e+00 0.00e+00 0.00e+00 0.00e+00 -6.27e-01 6.92e-01 1.00e+00 -1.00e+00 6.24e-01 -5.92e-01 0.00e+00 0.00e+00 0.00e+00 0.00e+00 0.00e+00 0.00e+00 4.62e-01 
0.00e+00 0.00e+00 0.00e+00 0.00e+00 0.00e+00 0.00e+00 6.21e-01 -6.96e-01 -1.00e+00 1.00e+00 -6.26e-01 5.93e-01 0.00e+00 0.00e+00 0.00e+00 0.00e+00 0.00e+00 0.00e+00 -4.63e-01 
0.00e+00 0.00e+00 0.00e+00 0.00e+00 0.00e+00 0.00e+00 -1.68e-01 3.23e-01 6.24e-01 -6.26e-01 1.00e+00 -3.18e-01 0.00e+00 0.00e+00 0.00e+00 0.00e+00 0.00e+00 0.00e+00 3.30e-01 
0.00e+00 0.00e+00 0.00e+00 0.00e+00 0.00e+00 0.00e+00 7.71e-02 -8.85e-01 -5.92e-01 5.93e-01 -3.18e-01 1.00e+00 0.00e+00 0.00e+00 0.00e+00 0.00e+00 0.00e+00 0.00e+00 -6.66e-01 
0.00e+00 0.00e+00 0.00e+00 0.00e+00 0.00e+00 0.00e+00 0.00e+00 0.00e+00 0.00e+00 0.00e+00 0.00e+00 0.00e+00 1.00e+00 -7.61e-01 -8.75e-01 8.58e-01 7.59e-01 4.95e-01 -1.33e-01 
0.00e+00 0.00e+00 0.00e+00 0.00e+00 0.00e+00 0.00e+00 0.00e+00 0.00e+00 0.00e+00 0.00e+00 0.00e+00 0.00e+00 -7.61e-01 1.00e+00 6.87e-01 -6.30e-01 -3.13e-01 -4.66e-01 1.26e-01 
0.00e+00 0.00e+00 0.00e+00 0.00e+00 0.00e+00 0.00e+00 0.00e+00 0.00e+00 0.00e+00 0.00e+00 0.00e+00 0.00e+00 -8.75e-01 6.87e-01 1.00e+00 -9.95e-01 -7.39e-01 -6.16e-01 1.30e-01 
0.00e+00 0.00e+00 0.00e+00 0.00e+00 0.00e+00 0.00e+00 0.00e+00 0.00e+00 0.00e+00 0.00e+00 0.00e+00 0.00e+00 8.58e-01 -6.30e-01 -9.95e-01 1.00e+00 7.65e-01 6.28e-01 -1.23e-01 
0.00e+00 0.00e+00 0.00e+00 0.00e+00 0.00e+00 0.00e+00 0.00e+00 0.00e+00 0.00e+00 0.00e+00 0.00e+00 0.00e+00 7.59e-01 -3.13e-01 -7.39e-01 7.65e-01 1.00e+00 2.43e-01 -6.81e-02 
0.00e+00 0.00e+00 0.00e+00 0.00e+00 0.00e+00 0.00e+00 0.00e+00 0.00e+00 0.00e+00 0.00e+00 0.00e+00 0.00e+00 4.95e-01 -4.66e-01 -6.16e-01 6.28e-01 2.43e-01 1.00e+00 -7.71e-02 
-4.36e-01 2.87e-01 5.06e-01 -5.46e-01 4.22e-01 -5.20e-01 -9.68e-02 5.93e-01 4.62e-01 -4.63e-01 3.30e-01 -6.66e-01 -1.33e-01 1.26e-01 1.30e-01 -1.23e-01 -6.81e-02 -7.71e-02 1.00e+00 


------------ITERATION 95 -----------------

ERROR SUM: 798.46

1.26e-01 8.83e-01 7.00e+01 2.33e+02 1.37e+02 2.00e+03 1.38e-01 8.24e-01 2.08e+01 1.05e+02 1.69e+02 2.00e+03 1.09e-01 7.55e-01 1.25e+02 1.21e+02 1.43e+02 2.01e+03 8.52e+36 


-2.6202e-08 1.5858e-08 2.7620e-08 -2.9194e-08 2.0603e-08 -3.0656e-08 -7.4275e-10 2.6337e-08 1.8759e-08 -1.8883e-08 1.5928e-08 -2.9439e-08 3.7160e-07 -4.5672e-07 -4.2022e-08 4.5210e-07 -5.5133e-07 -5.1710e-07 -8.8714e-09 


1.00e+00 -1.32e-01 -7.20e-01 6.21e-01 4.45e-02 3.60e-01 0.00e+00 0.00e+00 0.00e+00 0.00e+00 0.00e+00 0.00e+00 0.00e+00 0.00e+00 0.00e+00 0.00e+00 0.00e+00 0.00e+00 -4.36e-01 
-1.32e-01 1.00e+00 5.79e-01 -6.83e-01 7.05e-01 -5.98e-01 0.00e+00 0.00e+00 0.00e+00 0.00e+00 0.00e+00 0.00e+00 0.00e+00 0.00e+00 0.00e+00 0.00e+00 0.00e+00 0.00e+00 2.87e-01 
-7.20e-01 5.79e-01 1.00e+00 -9.79e-01 5.36e-01 -5.36e-01 0.00e+00 0.00e+00 0.00e+00 0.00e+00 0.00e+00 0.00e+00 0.00e+00 0.00e+00 0.00e+00 0.00e+00 0.00e+00 0.00e+00 5.06e-01 
6.21e-01 -6.83e-01 -9.79e-01 1.00e+00 -6.84e-01 6.40e-01 0.00e+00 0.00e+00 0.00e+00 0.00e+00 0.00e+00 0.00e+00 0.00e+00 0.00e+00 0.00e+00 0.00e+00 0.00e+00 0.00e+00 -5.46e-01 
4.45e-02 7.05e-01 5.36e-01 -6.84e-01 1.00e+00 -6.50e-01 0.00e+00 0.00e+00 0.00e+00 0.00e+00 0.00e+00 0.00e+00 0.00e+00 0.00e+00 0.00e+00 0.00e+00 0.00e+00 0.00e+00 4.22e-01 
3.60e-01 -5.98e-01 -5.36e-01 6.40e-01 -6.50e-01 1.00e+00 0.00e+00 0.00e+00 0.00e+00 0.00e+00 0.00e+00 0.00e+00 0.00e+00 0.00e+00 0.00e+00 0.00e+00 0.00e+00 0.00e+00 -5.20e-01 
0.00e+00 0.00e+00 0.00e+00 0.00e+00 0.00e+00 0.00e+00 1.00e+00 -3.15e-03 -6.27e-01 6.21e-01 -1.68e-01 7.71e-02 0.00e+00 0.00e+00 0.00e+00 0.00e+00 0.00e+00 0.00e+00 -9.68e-02 
0.00e+00 0.00e+00 0.00e+00 0.00e+00 0.00e+00 0.00e+00 -3.15e-03 1.00e+00 6.92e-01 -6.96e-01 3.23e-01 -8.85e-01 0.00e+00 0.00e+00 0.00e+00 0.00e+00 0.00e+00 0.00e+00 5.93e-01 
0.00e+00 0.00e+00 0.00e+00 0.00e+00 0.00e+00 0.00e+00 -6.27e-01 6.92e-01 1.00e+00 -1.00e+00 6.24e-01 -5.92e-01 0.00e+00 0.00e+00 0.00e+00 0.00e+00 0.00e+00 0.00e+00 4.62e-01 
0.00e+00 0.00e+00 0.00e+00 0.00e+00 0.00e+00 0.00e+00 6.21e-01 -6.96e-01 -1.00e+00 1.00e+00 -6.26e-01 5.93e-01 0.00e+00 0.00e+00 0.00e+00 0.00e+00 0.00e+00 0.00e+00 -4.63e-01 
0.00e+00 0.00e+00 0.00e+00 0.00e+00 0.00e+00 0.00e+00 -1.68e-01 3.23e-01 6.24e-01 -6.26e-01 1.00e+00 -3.18e-01 0.00e+00 0.00e+00 0.00e+00 0.00e+00 0.00e+00 0.00e+00 3.30e-01 
0.00e+00 0.00e+00 0.00e+00 0.00e+00 0.00e+00 0.00e+00 7.71e-02 -8.85e-01 -5.92e-01 5.93e-01 -3.18e-01 1.00e+00 0.00e+00 0.00e+00 0.00e+00 0.00e+00 0.00e+00 0.00e+00 -6.66e-01 
0.00e+00 0.00e+00 0.00e+00 0.00e+00 0.00e+00 0.00e+00 0.00e+00 0.00e+00 0.00e+00 0.00e+00 0.00e+00 0.00e+00 1.00e+00 -7.61e-01 -8.75e-01 8.58e-01 7.59e-01 4.95e-01 -1.33e-01 
0.00e+00 0.00e+00 0.00e+00 0.00e+00 0.00e+00 0.00e+00 0.00e+00 0.00e+00 0.00e+00 0.00e+00 0.00e+00 0.00e+00 -7.61e-01 1.00e+00 6.87e-01 -6.30e-01 -3.13e-01 -4.66e-01 1.26e-01 
0.00e+00 0.00e+00 0.00e+00 0.00e+00 0.00e+00 0.00e+00 0.00e+00 0.00e+00 0.00e+00 0.00e+00 0.00e+00 0.00e+00 -8.75e-01 6.87e-01 1.00e+00 -9.95e-01 -7.39e-01 -6.16e-01 1.30e-01 
0.00e+00 0.00e+00 0.00e+00 0.00e+00 0.00e+00 0.00e+00 0.00e+00 0.00e+00 0.00e+00 0.00e+00 0.00e+00 0.00e+00 8.58e-01 -6.30e-01 -9.95e-01 1.00e+00 7.65e-01 6.28e-01 -1.23e-01 
0.00e+00 0.00e+00 0.00e+00 0.00e+00 0.00e+00 0.00e+00 0.00e+00 0.00e+00 0.00e+00 0.00e+00 0.00e+00 0.00e+00 7.59e-01 -3.13e-01 -7.39e-01 7.65e-01 1.00e+00 2.43e-01 -6.81e-02 
0.00e+00 0.00e+00 0.00e+00 0.00e+00 0.00e+00 0.00e+00 0.00e+00 0.00e+00 0.00e+00 0.00e+00 0.00e+00 0.00e+00 4.95e-01 -4.66e-01 -6.16e-01 6.28e-01 2.43e-01 1.00e+00 -7.71e-02 
-4.36e-01 2.87e-01 5.06e-01 -5.46e-01 4.22e-01 -5.20e-01 -9.68e-02 5.93e-01 4.62e-01 -4.63e-01 3.30e-01 -6.66e-01 -1.33e-01 1.26e-01 1.30e-01 -1.23e-01 -6.81e-02 -7.71e-02 1.00e+00 


------------ITERATION 96 -----------------

ERROR SUM: 798.46

1.26e-01 8.83e-01 7.00e+01 2.33e+02 1.37e+02 2.00e+03 1.38e-01 8.24e-01 2.08e+01 1.05e+02 1.69e+02 2.00e+03 1.09e-01 7.55e-01 1.25e+02 1.21e+02 1.43e+02 2.01e+03 8.52e+36 


-2.1005e-08 1.2716e-08 2.2125e-08 -2.3375e-08 1.6469e-08 -2.4596e-08 -5.8040e-10 2.1048e-08 1.4993e-08 -1.5095e-08 1.2793e-08 -2.3524e-08 3.2823e-07 -4.0324e-07 -3.7571e-08 3.9918e-07 -4.8610e-07 -4.5570e-07 -1.1871e-08 


1.00e+00 -1.32e-01 -7.20e-01 6.21e-01 4.45e-02 3.60e-01 0.00e+00 0.00e+00 0.00e+00 0.00e+00 0.00e+00 0.00e+00 0.00e+00 0.00e+00 0.00e+00 0.00e+00 0.00e+00 0.00e+00 -4.36e-01 
-1.32e-01 1.00e+00 5.79e-01 -6.83e-01 7.05e-01 -5.98e-01 0.00e+00 0.00e+00 0.00e+00 0.00e+00 0.00e+00 0.00e+00 0.00e+00 0.00e+00 0.00e+00 0.00e+00 0.00e+00 0.00e+00 2.87e-01 
-7.20e-01 5.79e-01 1.00e+00 -9.79e-01 5.36e-01 -5.36e-01 0.00e+00 0.00e+00 0.00e+00 0.00e+00 0.00e+00 0.00e+00 0.00e+00 0.00e+00 0.00e+00 0.00e+00 0.00e+00 0.00e+00 5.06e-01 
6.21e-01 -6.83e-01 -9.79e-01 1.00e+00 -6.84e-01 6.40e-01 0.00e+00 0.00e+00 0.00e+00 0.00e+00 0.00e+00 0.00e+00 0.00e+00 0.00e+00 0.00e+00 0.00e+00 0.00e+00 0.00e+00 -5.46e-01 
4.45e-02 7.05e-01 5.36e-01 -6.84e-01 1.00e+00 -6.50e-01 0.00e+00 0.00e+00 0.00e+00 0.00e+00 0.00e+00 0.00e+00 0.00e+00 0.00e+00 0.00e+00 0.00e+00 0.00e+00 0.00e+00 4.22e-01 
3.60e-01 -5.98e-01 -5.36e-01 6.40e-01 -6.50e-01 1.00e+00 0.00e+00 0.00e+00 0.00e+00 0.00e+00 0.00e+00 0.00e+00 0.00e+00 0.00e+00 0.00e+00 0.00e+00 0.00e+00 0.00e+00 -5.20e-01 
0.00e+00 0.00e+00 0.00e+00 0.00e+00 0.00e+00 0.00e+00 1.00e+00 -3.15e-03 -6.27e-01 6.21e-01 -1.68e-01 7.71e-02 0.00e+00 0.00e+00 0.00e+00 0.00e+00 0.00e+00 0.00e+00 -9.68e-02 
0.00e+00 0.00e+00 0.00e+00 0.00e+00 0.00e+00 0.00e+00 -3.15e-03 1.00e+00 6.92e-01 -6.96e-01 3.23e-01 -8.85e-01 0.00e+00 0.00e+00 0.00e+00 0.00e+00 0.00e+00 0.00e+00 5.93e-01 
0.00e+00 0.00e+00 0.00e+00 0.00e+00 0.00e+00 0.00e+00 -6.27e-01 6.92e-01 1.00e+00 -1.00e+00 6.24e-01 -5.92e-01 0.00e+00 0.00e+00 0.00e+00 0.00e+00 0.00e+00 0.00e+00 4.62e-01 
0.00e+00 0.00e+00 0.00e+00 0.00e+00 0.00e+00 0.00e+00 6.21e-01 -6.96e-01 -1.00e+00 1.00e+00 -6.26e-01 5.93e-01 0.00e+00 0.00e+00 0.00e+00 0.00e+00 0.00e+00 0.00e+00 -4.63e-01 
0.00e+00 0.00e+00 0.00e+00 0.00e+00 0.00e+00 0.00e+00 -1.68e-01 3.23e-01 6.24e-01 -6.26e-01 1.00e+00 -3.18e-01 0.00e+00 0.00e+00 0.00e+00 0.00e+00 0.00e+00 0.00e+00 3.30e-01 
0.00e+00 0.00e+00 0.00e+00 0.00e+00 0.00e+00 0.00e+00 7.71e-02 -8.85e-01 -5.92e-01 5.93e-01 -3.18e-01 1.00e+00 0.00e+00 0.00e+00 0.00e+00 0.00e+00 0.00e+00 0.00e+00 -6.66e-01 
0.00e+00 0.00e+00 0.00e+00 0.00e+00 0.00e+00 0.00e+00 0.00e+00 0.00e+00 0.00e+00 0.00e+00 0.00e+00 0.00e+00 1.00e+00 -7.61e-01 -8.75e-01 8.58e-01 7.59e-01 4.95e-01 -1.33e-01 
0.00e+00 0.00e+00 0.00e+00 0.00e+00 0.00e+00 0.00e+00 0.00e+00 0.00e+00 0.00e+00 0.00e+00 0.00e+00 0.00e+00 -7.61e-01 1.00e+00 6.87e-01 -6.30e-01 -3.13e-01 -4.66e-01 1.26e-01 
0.00e+00 0.00e+00 0.00e+00 0.00e+00 0.00e+00 0.00e+00 0.00e+00 0.00e+00 0.00e+00 0.00e+00 0.00e+00 0.00e+00 -8.75e-01 6.87e-01 1.00e+00 -9.95e-01 -7.39e-01 -6.16e-01 1.30e-01 
0.00e+00 0.00e+00 0.00e+00 0.00e+00 0.00e+00 0.00e+00 0.00e+00 0.00e+00 0.00e+00 0.00e+00 0.00e+00 0.00e+00 8.58e-01 -6.30e-01 -9.95e-01 1.00e+00 7.65e-01 6.28e-01 -1.23e-01 
0.00e+00 0.00e+00 0.00e+00 0.00e+00 0.00e+00 0.00e+00 0.00e+00 0.00e+00 0.00e+00 0.00e+00 0.00e+00 0.00e+00 7.59e-01 -3.13e-01 -7.39e-01 7.65e-01 1.00e+00 2.43e-01 -6.81e-02 
0.00e+00 0.00e+00 0.00e+00 0.00e+00 0.00e+00 0.00e+00 0.00e+00 0.00e+00 0.00e+00 0.00e+00 0.00e+00 0.00e+00 4.95e-01 -4.66e-01 -6.16e-01 6.28e-01 2.43e-01 1.00e+00 -7.71e-02 
-4.36e-01 2.87e-01 5.06e-01 -5.46e-01 4.22e-01 -5.20e-01 -9.68e-02 5.93e-01 4.62e-01 -4.63e-01 3.30e-01 -6.66e-01 -1.33e-01 1.26e-01 1.30e-01 -1.23e-01 -6.81e-02 -7.71e-02 1.00e+00 


------------ITERATION 97 -----------------

ERROR SUM: 798.46

1.26e-01 8.83e-01 7.00e+01 2.33e+02 1.37e+02 2.00e+03 1.38e-01 8.24e-01 2.08e+01 1.05e+02 1.69e+02 2.00e+03 1.09e-01 7.55e-01 1.25e+02 1.21e+02 1.43e+02 2.01e+03 8.52e+36 


-1.6820e-08 1.0197e-08 1.7712e-08 -1.8706e-08 1.3165e-08 -1.9727e-08 -4.5743e-10 1.6793e-08 1.1968e-08 -1.2052e-08 1.0269e-08 -1.8767e-08 2.8990e-07 -3.5600e-07 -3.3554e-08 3.5243e-07 -4.2860e-07 -4.0160e-07 -1.3739e-08 


1.00e+00 -1.32e-01 -7.20e-01 6.21e-01 4.45e-02 3.60e-01 0.00e+00 0.00e+00 0.00e+00 0.00e+00 0.00e+00 0.00e+00 0.00e+00 0.00e+00 0.00e+00 0.00e+00 0.00e+00 0.00e+00 -4.36e-01 
-1.32e-01 1.00e+00 5.79e-01 -6.83e-01 7.05e-01 -5.98e-01 0.00e+00 0.00e+00 0.00e+00 0.00e+00 0.00e+00 0.00e+00 0.00e+00 0.00e+00 0.00e+00 0.00e+00 0.00e+00 0.00e+00 2.87e-01 
-7.20e-01 5.79e-01 1.00e+00 -9.79e-01 5.36e-01 -5.36e-01 0.00e+00 0.00e+00 0.00e+00 0.00e+00 0.00e+00 0.00e+00 0.00e+00 0.00e+00 0.00e+00 0.00e+00 0.00e+00 0.00e+00 5.06e-01 
6.21e-01 -6.83e-01 -9.79e-01 1.00e+00 -6.84e-01 6.40e-01 0.00e+00 0.00e+00 0.00e+00 0.00e+00 0.00e+00 0.00e+00 0.00e+00 0.00e+00 0.00e+00 0.00e+00 0.00e+00 0.00e+00 -5.46e-01 
4.45e-02 7.05e-01 5.36e-01 -6.84e-01 1.00e+00 -6.50e-01 0.00e+00 0.00e+00 0.00e+00 0.00e+00 0.00e+00 0.00e+00 0.00e+00 0.00e+00 0.00e+00 0.00e+00 0.00e+00 0.00e+00 4.22e-01 
3.60e-01 -5.98e-01 -5.36e-01 6.40e-01 -6.50e-01 1.00e+00 0.00e+00 0.00e+00 0.00e+00 0.00e+00 0.00e+00 0.00e+00 0.00e+00 0.00e+00 0.00e+00 0.00e+00 0.00e+00 0.00e+00 -5.20e-01 
0.00e+00 0.00e+00 0.00e+00 0.00e+00 0.00e+00 0.00e+00 1.00e+00 -3.15e-03 -6.27e-01 6.21e-01 -1.68e-01 7.71e-02 0.00e+00 0.00e+00 0.00e+00 0.00e+00 0.00e+00 0.00e+00 -9.68e-02 
0.00e+00 0.00e+00 0.00e+00 0.00e+00 0.00e+00 0.00e+00 -3.15e-03 1.00e+00 6.92e-01 -6.96e-01 3.23e-01 -8.85e-01 0.00e+00 0.00e+00 0.00e+00 0.00e+00 0.00e+00 0.00e+00 5.93e-01 
0.00e+00 0.00e+00 0.00e+00 0.00e+00 0.00e+00 0.00e+00 -6.27e-01 6.92e-01 1.00e+00 -1.00e+00 6.24e-01 -5.92e-01 0.00e+00 0.00e+00 0.00e+00 0.00e+00 0.00e+00 0.00e+00 4.62e-01 
0.00e+00 0.00e+00 0.00e+00 0.00e+00 0.00e+00 0.00e+00 6.21e-01 -6.96e-01 -1.00e+00 1.00e+00 -6.26e-01 5.93e-01 0.00e+00 0.00e+00 0.00e+00 0.00e+00 0.00e+00 0.00e+00 -4.63e-01 
0.00e+00 0.00e+00 0.00e+00 0.00e+00 0.00e+00 0.00e+00 -1.68e-01 3.23e-01 6.24e-01 -6.26e-01 1.00e+00 -3.18e-01 0.00e+00 0.00e+00 0.00e+00 0.00e+00 0.00e+00 0.00e+00 3.30e-01 
0.00e+00 0.00e+00 0.00e+00 0.00e+00 0.00e+00 0.00e+00 7.71e-02 -8.85e-01 -5.92e-01 5.93e-01 -3.18e-01 1.00e+00 0.00e+00 0.00e+00 0.00e+00 0.00e+00 0.00e+00 0.00e+00 -6.66e-01 
0.00e+00 0.00e+00 0.00e+00 0.00e+00 0.00e+00 0.00e+00 0.00e+00 0.00e+00 0.00e+00 0.00e+00 0.00e+00 0.00e+00 1.00e+00 -7.61e-01 -8.75e-01 8.58e-01 7.59e-01 4.95e-01 -1.33e-01 
0.00e+00 0.00e+00 0.00e+00 0.00e+00 0.00e+00 0.00e+00 0.00e+00 0.00e+00 0.00e+00 0.00e+00 0.00e+00 0.00e+00 -7.61e-01 1.00e+00 6.87e-01 -6.30e-01 -3.13e-01 -4.66e-01 1.26e-01 
0.00e+00 0.00e+00 0.00e+00 0.00e+00 0.00e+00 0.00e+00 0.00e+00 0.00e+00 0.00e+00 0.00e+00 0.00e+00 0.00e+00 -8.75e-01 6.87e-01 1.00e+00 -9.95e-01 -7.39e-01 -6.16e-01 1.30e-01 
0.00e+00 0.00e+00 0.00e+00 0.00e+00 0.00e+00 0.00e+00 0.00e+00 0.00e+00 0.00e+00 0.00e+00 0.00e+00 0.00e+00 8.58e-01 -6.30e-01 -9.95e-01 1.00e+00 7.65e-01 6.28e-01 -1.23e-01 
0.00e+00 0.00e+00 0.00e+00 0.00e+00 0.00e+00 0.00e+00 0.00e+00 0.00e+00 0.00e+00 0.00e+00 0.00e+00 0.00e+00 7.59e-01 -3.13e-01 -7.39e-01 7.65e-01 1.00e+00 2.43e-01 -6.81e-02 
0.00e+00 0.00e+00 0.00e+00 0.00e+00 0.00e+00 0.00e+00 0.00e+00 0.00e+00 0.00e+00 0.00e+00 0.00e+00 0.00e+00 4.95e-01 -4.66e-01 -6.16e-01 6.28e-01 2.43e-01 1.00e+00 -7.71e-02 
-4.36e-01 2.87e-01 5.06e-01 -5.46e-01 4.22e-01 -5.20e-01 -9.68e-02 5.93e-01 4.62e-01 -4.63e-01 3.30e-01 -6.66e-01 -1.33e-01 1.26e-01 1.30e-01 -1.23e-01 -6.81e-02 -7.71e-02 1.00e+00 


------------ITERATION 98 -----------------

ERROR SUM: 798.46

1.26e-01 8.83e-01 7.00e+01 2.33e+02 1.37e+02 2.00e+03 1.38e-01 8.24e-01 2.08e+01 1.05e+02 1.69e+02 2.00e+03 1.09e-01 7.55e-01 1.25e+02 1.21e+02 1.43e+02 2.01e+03 8.52e+36 


-1.3463e-08 8.1961e-09 1.4187e-08 -1.4980e-08 1.0545e-08 -1.5846e-08 -3.7890e-10 1.3390e-08 9.5571e-09 -9.6267e-09 8.2429e-09 -1.4968e-08 2.5601e-07 -3.1426e-07 -2.9935e-08 3.1113e-07 -3.7790e-07 -3.5395e-07 -1.4725e-08 


1.00e+00 -1.32e-01 -7.20e-01 6.21e-01 4.45e-02 3.60e-01 0.00e+00 0.00e+00 0.00e+00 0.00e+00 0.00e+00 0.00e+00 0.00e+00 0.00e+00 0.00e+00 0.00e+00 0.00e+00 0.00e+00 -4.36e-01 
-1.32e-01 1.00e+00 5.79e-01 -6.83e-01 7.05e-01 -5.98e-01 0.00e+00 0.00e+00 0.00e+00 0.00e+00 0.00e+00 0.00e+00 0.00e+00 0.00e+00 0.00e+00 0.00e+00 0.00e+00 0.00e+00 2.87e-01 
-7.20e-01 5.79e-01 1.00e+00 -9.79e-01 5.36e-01 -5.36e-01 0.00e+00 0.00e+00 0.00e+00 0.00e+00 0.00e+00 0.00e+00 0.00e+00 0.00e+00 0.00e+00 0.00e+00 0.00e+00 0.00e+00 5.06e-01 
6.21e-01 -6.83e-01 -9.79e-01 1.00e+00 -6.84e-01 6.40e-01 0.00e+00 0.00e+00 0.00e+00 0.00e+00 0.00e+00 0.00e+00 0.00e+00 0.00e+00 0.00e+00 0.00e+00 0.00e+00 0.00e+00 -5.46e-01 
4.45e-02 7.05e-01 5.36e-01 -6.84e-01 1.00e+00 -6.50e-01 0.00e+00 0.00e+00 0.00e+00 0.00e+00 0.00e+00 0.00e+00 0.00e+00 0.00e+00 0.00e+00 0.00e+00 0.00e+00 0.00e+00 4.22e-01 
3.60e-01 -5.98e-01 -5.36e-01 6.40e-01 -6.50e-01 1.00e+00 0.00e+00 0.00e+00 0.00e+00 0.00e+00 0.00e+00 0.00e+00 0.00e+00 0.00e+00 0.00e+00 0.00e+00 0.00e+00 0.00e+00 -5.20e-01 
0.00e+00 0.00e+00 0.00e+00 0.00e+00 0.00e+00 0.00e+00 1.00e+00 -3.15e-03 -6.27e-01 6.21e-01 -1.68e-01 7.71e-02 0.00e+00 0.00e+00 0.00e+00 0.00e+00 0.00e+00 0.00e+00 -9.68e-02 
0.00e+00 0.00e+00 0.00e+00 0.00e+00 0.00e+00 0.00e+00 -3.15e-03 1.00e+00 6.92e-01 -6.96e-01 3.23e-01 -8.85e-01 0.00e+00 0.00e+00 0.00e+00 0.00e+00 0.00e+00 0.00e+00 5.93e-01 
0.00e+00 0.00e+00 0.00e+00 0.00e+00 0.00e+00 0.00e+00 -6.27e-01 6.92e-01 1.00e+00 -1.00e+00 6.24e-01 -5.92e-01 0.00e+00 0.00e+00 0.00e+00 0.00e+00 0.00e+00 0.00e+00 4.62e-01 
0.00e+00 0.00e+00 0.00e+00 0.00e+00 0.00e+00 0.00e+00 6.21e-01 -6.96e-01 -1.00e+00 1.00e+00 -6.26e-01 5.93e-01 0.00e+00 0.00e+00 0.00e+00 0.00e+00 0.00e+00 0.00e+00 -4.63e-01 
0.00e+00 0.00e+00 0.00e+00 0.00e+00 0.00e+00 0.00e+00 -1.68e-01 3.23e-01 6.24e-01 -6.26e-01 1.00e+00 -3.18e-01 0.00e+00 0.00e+00 0.00e+00 0.00e+00 0.00e+00 0.00e+00 3.30e-01 
0.00e+00 0.00e+00 0.00e+00 0.00e+00 0.00e+00 0.00e+00 7.71e-02 -8.85e-01 -5.92e-01 5.93e-01 -3.18e-01 1.00e+00 0.00e+00 0.00e+00 0.00e+00 0.00e+00 0.00e+00 0.00e+00 -6.66e-01 
0.00e+00 0.00e+00 0.00e+00 0.00e+00 0.00e+00 0.00e+00 0.00e+00 0.00e+00 0.00e+00 0.00e+00 0.00e+00 0.00e+00 1.00e+00 -7.61e-01 -8.75e-01 8.58e-01 7.59e-01 4.95e-01 -1.33e-01 
0.00e+00 0.00e+00 0.00e+00 0.00e+00 0.00e+00 0.00e+00 0.00e+00 0.00e+00 0.00e+00 0.00e+00 0.00e+00 0.00e+00 -7.61e-01 1.00e+00 6.87e-01 -6.30e-01 -3.13e-01 -4.66e-01 1.26e-01 
0.00e+00 0.00e+00 0.00e+00 0.00e+00 0.00e+00 0.00e+00 0.00e+00 0.00e+00 0.00e+00 0.00e+00 0.00e+00 0.00e+00 -8.75e-01 6.87e-01 1.00e+00 -9.95e-01 -7.39e-01 -6.16e-01 1.30e-01 
0.00e+00 0.00e+00 0.00e+00 0.00e+00 0.00e+00 0.00e+00 0.00e+00 0.00e+00 0.00e+00 0.00e+00 0.00e+00 0.00e+00 8.58e-01 -6.30e-01 -9.95e-01 1.00e+00 7.65e-01 6.28e-01 -1.23e-01 
0.00e+00 0.00e+00 0.00e+00 0.00e+00 0.00e+00 0.00e+00 0.00e+00 0.00e+00 0.00e+00 0.00e+00 0.00e+00 0.00e+00 7.59e-01 -3.13e-01 -7.39e-01 7.65e-01 1.00e+00 2.43e-01 -6.81e-02 
0.00e+00 0.00e+00 0.00e+00 0.00e+00 0.00e+00 0.00e+00 0.00e+00 0.00e+00 0.00e+00 0.00e+00 0.00e+00 0.00e+00 4.95e-01 -4.66e-01 -6.16e-01 6.28e-01 2.43e-01 1.00e+00 -7.71e-02 
-4.36e-01 2.87e-01 5.06e-01 -5.46e-01 4.22e-01 -5.20e-01 -9.68e-02 5.93e-01 4.62e-01 -4.63e-01 3.30e-01 -6.66e-01 -1.33e-01 1.26e-01 1.30e-01 -1.23e-01 -6.81e-02 -7.71e-02 1.00e+00 


------------ITERATION 99 -----------------

ERROR SUM: 798.46

1.26e-01 8.83e-01 7.00e+01 2.33e+02 1.37e+02 2.00e+03 1.38e-01 8.24e-01 2.08e+01 1.05e+02 1.69e+02 2.00e+03 1.09e-01 7.55e-01 1.25e+02 1.21e+02 1.43e+02 2.01e+03 8.52e+36 


-1.0796e-08 6.5623e-09 1.1358e-08 -1.1984e-08 8.4088e-09 -1.2704e-08 -2.9391e-10 1.0680e-08 7.6247e-09 -7.6824e-09 6.6214e-09 -1.1938e-08 2.2604e-07 -2.7738e-07 -2.6666e-08 2.7463e-07 -3.3321e-07 -3.1197e-07 -1.5079e-08 


1.00e+00 -1.32e-01 -7.20e-01 6.21e-01 4.45e-02 3.60e-01 0.00e+00 0.00e+00 0.00e+00 0.00e+00 0.00e+00 0.00e+00 0.00e+00 0.00e+00 0.00e+00 0.00e+00 0.00e+00 0.00e+00 -4.36e-01 
-1.32e-01 1.00e+00 5.79e-01 -6.83e-01 7.05e-01 -5.98e-01 0.00e+00 0.00e+00 0.00e+00 0.00e+00 0.00e+00 0.00e+00 0.00e+00 0.00e+00 0.00e+00 0.00e+00 0.00e+00 0.00e+00 2.87e-01 
-7.20e-01 5.79e-01 1.00e+00 -9.79e-01 5.36e-01 -5.36e-01 0.00e+00 0.00e+00 0.00e+00 0.00e+00 0.00e+00 0.00e+00 0.00e+00 0.00e+00 0.00e+00 0.00e+00 0.00e+00 0.00e+00 5.06e-01 
6.21e-01 -6.83e-01 -9.79e-01 1.00e+00 -6.84e-01 6.40e-01 0.00e+00 0.00e+00 0.00e+00 0.00e+00 0.00e+00 0.00e+00 0.00e+00 0.00e+00 0.00e+00 0.00e+00 0.00e+00 0.00e+00 -5.46e-01 
4.45e-02 7.05e-01 5.36e-01 -6.84e-01 1.00e+00 -6.50e-01 0.00e+00 0.00e+00 0.00e+00 0.00e+00 0.00e+00 0.00e+00 0.00e+00 0.00e+00 0.00e+00 0.00e+00 0.00e+00 0.00e+00 4.22e-01 
3.60e-01 -5.98e-01 -5.36e-01 6.40e-01 -6.50e-01 1.00e+00 0.00e+00 0.00e+00 0.00e+00 0.00e+00 0.00e+00 0.00e+00 0.00e+00 0.00e+00 0.00e+00 0.00e+00 0.00e+00 0.00e+00 -5.20e-01 
0.00e+00 0.00e+00 0.00e+00 0.00e+00 0.00e+00 0.00e+00 1.00e+00 -3.15e-03 -6.27e-01 6.21e-01 -1.68e-01 7.71e-02 0.00e+00 0.00e+00 0.00e+00 0.00e+00 0.00e+00 0.00e+00 -9.68e-02 
0.00e+00 0.00e+00 0.00e+00 0.00e+00 0.00e+00 0.00e+00 -3.15e-03 1.00e+00 6.92e-01 -6.96e-01 3.23e-01 -8.85e-01 0.00e+00 0.00e+00 0.00e+00 0.00e+00 0.00e+00 0.00e+00 5.93e-01 
0.00e+00 0.00e+00 0.00e+00 0.00e+00 0.00e+00 0.00e+00 -6.27e-01 6.92e-01 1.00e+00 -1.00e+00 6.24e-01 -5.92e-01 0.00e+00 0.00e+00 0.00e+00 0.00e+00 0.00e+00 0.00e+00 4.62e-01 
0.00e+00 0.00e+00 0.00e+00 0.00e+00 0.00e+00 0.00e+00 6.21e-01 -6.96e-01 -1.00e+00 1.00e+00 -6.26e-01 5.93e-01 0.00e+00 0.00e+00 0.00e+00 0.00e+00 0.00e+00 0.00e+00 -4.63e-01 
0.00e+00 0.00e+00 0.00e+00 0.00e+00 0.00e+00 0.00e+00 -1.68e-01 3.23e-01 6.24e-01 -6.26e-01 1.00e+00 -3.18e-01 0.00e+00 0.00e+00 0.00e+00 0.00e+00 0.00e+00 0.00e+00 3.30e-01 
0.00e+00 0.00e+00 0.00e+00 0.00e+00 0.00e+00 0.00e+00 7.71e-02 -8.85e-01 -5.92e-01 5.93e-01 -3.18e-01 1.00e+00 0.00e+00 0.00e+00 0.00e+00 0.00e+00 0.00e+00 0.00e+00 -6.66e-01 
0.00e+00 0.00e+00 0.00e+00 0.00e+00 0.00e+00 0.00e+00 0.00e+00 0.00e+00 0.00e+00 0.00e+00 0.00e+00 0.00e+00 1.00e+00 -7.61e-01 -8.75e-01 8.58e-01 7.59e-01 4.95e-01 -1.33e-01 
0.00e+00 0.00e+00 0.00e+00 0.00e+00 0.00e+00 0.00e+00 0.00e+00 0.00e+00 0.00e+00 0.00e+00 0.00e+00 0.00e+00 -7.61e-01 1.00e+00 6.87e-01 -6.30e-01 -3.13e-01 -4.66e-01 1.26e-01 
0.00e+00 0.00e+00 0.00e+00 0.00e+00 0.00e+00 0.00e+00 0.00e+00 0.00e+00 0.00e+00 0.00e+00 0.00e+00 0.00e+00 -8.75e-01 6.87e-01 1.00e+00 -9.95e-01 -7.39e-01 -6.16e-01 1.30e-01 
0.00e+00 0.00e+00 0.00e+00 0.00e+00 0.00e+00 0.00e+00 0.00e+00 0.00e+00 0.00e+00 0.00e+00 0.00e+00 0.00e+00 8.58e-01 -6.30e-01 -9.95e-01 1.00e+00 7.65e-01 6.28e-01 -1.23e-01 
0.00e+00 0.00e+00 0.00e+00 0.00e+00 0.00e+00 0.00e+00 0.00e+00 0.00e+00 0.00e+00 0.00e+00 0.00e+00 0.00e+00 7.59e-01 -3.13e-01 -7.39e-01 7.65e-01 1.00e+00 2.43e-01 -6.81e-02 
0.00e+00 0.00e+00 0.00e+00 0.00e+00 0.00e+00 0.00e+00 0.00e+00 0.00e+00 0.00e+00 0.00e+00 0.00e+00 0.00e+00 4.95e-01 -4.66e-01 -6.16e-01 6.28e-01 2.43e-01 1.00e+00 -7.71e-02 
-4.36e-01 2.87e-01 5.06e-01 -5.46e-01 4.22e-01 -5.20e-01 -9.68e-02 5.93e-01 4.62e-01 -4.63e-01 3.30e-01 -6.66e-01 -1.33e-01 1.26e-01 1.30e-01 -1.23e-01 -6.81e-02 -7.71e-02 1.00e+00 


